"dgp","n","arm","trait","metric","n_seeds","mean","mcse","coverage","coverage_mcse"
"bm_mixed",100,"bace","bin","accuracy",20,0.876666666666667,0.0118716331022577,NA,NA
"ou_mixed",100,"bace","bin","accuracy",20,0.898333333333333,0.015,NA,NA
"bm_mixed",300,"bace","bin","accuracy",20,0.938333333333333,0.00709514838493802,NA,NA
"ou_mixed",300,"bace","bin","accuracy",20,0.947777777777778,0.00721434568243933,NA,NA
"bm_mixed",1000,"bace","bin","accuracy",20,0.966833333333333,0.00382722625653533,NA,NA
"ou_mixed",1000,"bace","bin","accuracy",20,0.966666666666667,0.00369921755595907,NA,NA
"bm_mixed",100,"floor","bin","accuracy",20,0.426666666666667,0.00955133865881838,NA,NA
"ou_mixed",100,"floor","bin","accuracy",20,0.436666666666667,0.0118222705886536,NA,NA
"bm_mixed",300,"floor","bin","accuracy",20,0.462222222222222,0.00695291880594239,NA,NA
"ou_mixed",300,"floor","bin","accuracy",20,0.463888888888889,0.00711344077336189,NA,NA
"bm_mixed",1000,"floor","bin","accuracy",20,0.481166666666667,0.00286412576090314,NA,NA
"ou_mixed",1000,"floor","bin","accuracy",20,0.480666666666667,0.00355902608401044,NA,NA
"bm_mixed",100,"gnn_off","bin","accuracy",20,0.863333333333333,0.0307698492965272,NA,NA
"ou_mixed",100,"gnn_off","bin","accuracy",20,0.921666666666667,0.016271634271681,NA,NA
"bm_mixed",300,"gnn_off","bin","accuracy",20,0.952222222222222,0.00645371384182602,NA,NA
"ou_mixed",300,"gnn_off","bin","accuracy",20,0.961666666666667,0.00572689016440561,NA,NA
"bm_mixed",1000,"gnn_off","bin","accuracy",20,0.974166666666667,0.00334974032335615,NA,NA
"ou_mixed",1000,"gnn_off","bin","accuracy",20,0.973666666666667,0.00260341655863555,NA,NA
"bm_mixed",100,"gnn_off_pure","bin","accuracy",20,0.908333333333333,0.0158344874925602,NA,NA
"ou_mixed",100,"gnn_off_pure","bin","accuracy",20,0.921666666666667,0.016271634271681,NA,NA
"bm_mixed",300,"gnn_off_pure","bin","accuracy",20,0.952222222222222,0.00645371384182602,NA,NA
"ou_mixed",300,"gnn_off_pure","bin","accuracy",20,0.961666666666667,0.00572689016440561,NA,NA
"bm_mixed",1000,"gnn_off_pure","bin","accuracy",20,0.974166666666667,0.00334974032335615,NA,NA
"ou_mixed",1000,"gnn_off_pure","bin","accuracy",20,0.973666666666667,0.00260341655863555,NA,NA
"bm_mixed",100,"gnn_on","bin","accuracy",20,0.835,0.0283539656559899,NA,NA
"ou_mixed",100,"gnn_on","bin","accuracy",20,0.92,0.0131122013621437,NA,NA
"bm_mixed",300,"gnn_on","bin","accuracy",20,0.944444444444444,0.007209840939145,NA,NA
"ou_mixed",300,"gnn_on","bin","accuracy",20,0.951666666666667,0.00666057226310133,NA,NA
"bm_mixed",1000,"gnn_on","bin","accuracy",20,0.968833333333333,0.00390137927327222,NA,NA
"ou_mixed",1000,"gnn_on","bin","accuracy",20,0.969,0.00294292689570269,NA,NA
"bm_mixed",100,"gnn_on_full","bin","accuracy",20,0.863333333333333,0.0307698492965272,NA,NA
"ou_mixed",100,"gnn_on_full","bin","accuracy",20,0.921666666666667,0.016271634271681,NA,NA
"bm_mixed",300,"gnn_on_full","bin","accuracy",20,0.952222222222222,0.00645371384182602,NA,NA
"ou_mixed",300,"gnn_on_full","bin","accuracy",20,0.961666666666667,0.00572689016440561,NA,NA
"bm_mixed",1000,"gnn_on_full","bin","accuracy",20,0.974166666666667,0.00334974032335615,NA,NA
"ou_mixed",1000,"gnn_on_full","bin","accuracy",20,0.973666666666667,0.00260341655863555,NA,NA
"bm_mixed",100,"rphylopars","bin","accuracy",20,NA,NA,NA,NA
"ou_mixed",100,"rphylopars","bin","accuracy",20,NA,NA,NA,NA
"bm_mixed",300,"rphylopars","bin","accuracy",20,NA,NA,NA,NA
"ou_mixed",300,"rphylopars","bin","accuracy",20,NA,NA,NA,NA
"bm_mixed",1000,"rphylopars","bin","accuracy",20,NA,NA,NA,NA
"ou_mixed",1000,"rphylopars","bin","accuracy",20,NA,NA,NA,NA
"bm_mixed",100,"bace","cat3","accuracy",20,0.758333333333333,0.0242881098626829,NA,NA
"ou_mixed",100,"bace","cat3","accuracy",20,0.785,0.028559469092646,NA,NA
"bm_mixed",300,"bace","cat3","accuracy",20,0.887222222222222,0.0114075941100136,NA,NA
"ou_mixed",300,"bace","cat3","accuracy",20,0.912777777777778,0.0079092891653242,NA,NA
"bm_mixed",1000,"bace","cat3","accuracy",20,0.9385,0.00471078766957674,NA,NA
"ou_mixed",1000,"bace","cat3","accuracy",20,0.941166666666667,0.00453881892048829,NA,NA
"bm_mixed",100,"floor","cat3","accuracy",20,0.243333333333333,0.0130451308386114,NA,NA
"ou_mixed",100,"floor","cat3","accuracy",20,0.283333333333333,0.00952067617629132,NA,NA
"bm_mixed",300,"floor","cat3","accuracy",20,0.298333333333333,0.00371805212859223,NA,NA
"ou_mixed",300,"floor","cat3","accuracy",20,0.301111111111111,0.00402235468748951,NA,NA
"bm_mixed",1000,"floor","cat3","accuracy",20,0.306166666666667,0.00292473820490851,NA,NA
"ou_mixed",1000,"floor","cat3","accuracy",20,0.307166666666667,0.00277072203311615,NA,NA
"bm_mixed",100,"gnn_off","cat3","accuracy",20,0.765,0.0237525006378214,NA,NA
"ou_mixed",100,"gnn_off","cat3","accuracy",20,0.788333333333333,0.0377181762379022,NA,NA
"bm_mixed",300,"gnn_off","cat3","accuracy",20,0.904444444444444,0.0109461437811548,NA,NA
"ou_mixed",300,"gnn_off","cat3","accuracy",20,0.916666666666667,0.00695758989737014,NA,NA
"bm_mixed",1000,"gnn_off","cat3","accuracy",20,0.944666666666667,0.00445510417570389,NA,NA
"ou_mixed",1000,"gnn_off","cat3","accuracy",20,0.9445,0.00448046441828398,NA,NA
"bm_mixed",100,"gnn_off_pure","cat3","accuracy",20,0.765,0.0237525006378214,NA,NA
"ou_mixed",100,"gnn_off_pure","cat3","accuracy",20,0.806666666666667,0.0296766196590172,NA,NA
"bm_mixed",300,"gnn_off_pure","cat3","accuracy",20,0.904444444444444,0.0109461437811548,NA,NA
"ou_mixed",300,"gnn_off_pure","cat3","accuracy",20,0.916666666666667,0.00695758989737014,NA,NA
"bm_mixed",1000,"gnn_off_pure","cat3","accuracy",20,0.944333333333333,0.00445969605341988,NA,NA
"ou_mixed",1000,"gnn_off_pure","cat3","accuracy",20,0.9445,0.00448046441828398,NA,NA
"bm_mixed",100,"gnn_on","cat3","accuracy",20,0.768333333333333,0.0197165587783081,NA,NA
"ou_mixed",100,"gnn_on","cat3","accuracy",20,0.77,0.0309593206024251,NA,NA
"bm_mixed",300,"gnn_on","cat3","accuracy",20,0.886666666666667,0.0093519724771716,NA,NA
"ou_mixed",300,"gnn_on","cat3","accuracy",20,0.898333333333333,0.00905814729890329,NA,NA
"bm_mixed",1000,"gnn_on","cat3","accuracy",20,0.937166666666667,0.00410587227449941,NA,NA
"ou_mixed",1000,"gnn_on","cat3","accuracy",20,0.934333333333333,0.00447278972825868,NA,NA
"bm_mixed",100,"gnn_on_full","cat3","accuracy",20,0.765,0.0237525006378214,NA,NA
"ou_mixed",100,"gnn_on_full","cat3","accuracy",20,0.806666666666667,0.0293795489199008,NA,NA
"bm_mixed",300,"gnn_on_full","cat3","accuracy",20,0.903888888888889,0.0110605575096218,NA,NA
"ou_mixed",300,"gnn_on_full","cat3","accuracy",20,0.916666666666667,0.00695758989737014,NA,NA
"bm_mixed",1000,"gnn_on_full","cat3","accuracy",20,0.944666666666667,0.00445510417570389,NA,NA
"ou_mixed",1000,"gnn_on_full","cat3","accuracy",20,0.9445,0.00448046441828398,NA,NA
"bm_mixed",100,"rphylopars","cat3","accuracy",20,NA,NA,NA,NA
"ou_mixed",100,"rphylopars","cat3","accuracy",20,NA,NA,NA,NA
"bm_mixed",300,"rphylopars","cat3","accuracy",20,NA,NA,NA,NA
"ou_mixed",300,"rphylopars","cat3","accuracy",20,NA,NA,NA,NA
"bm_mixed",1000,"rphylopars","cat3","accuracy",20,NA,NA,NA,NA
"ou_mixed",1000,"rphylopars","cat3","accuracy",20,NA,NA,NA,NA
"avonet",300,"bace","Migration","accuracy",20,0.756666666666667,0.0106604514056179,NA,NA
"avonet",300,"floor","Migration","accuracy",20,0.782777777777778,0.010306385033058,NA,NA
"avonet",300,"gnn_off","Migration","accuracy",20,0.776111111111111,0.00830990859737255,NA,NA
"avonet",300,"gnn_off_pure","Migration","accuracy",20,0.778333333333333,0.00791750021260715,NA,NA
"avonet",300,"gnn_on","Migration","accuracy",20,0.753333333333333,0.00779863535820803,NA,NA
"avonet",300,"gnn_on_full","Migration","accuracy",20,0.776111111111111,0.00799101997619259,NA,NA
"avonet",300,"rphylopars","Migration","accuracy",20,NA,NA,NA,NA
"avonet",300,"bace","Primary.Lifestyle","accuracy",20,0.695,0.00927785656723207,NA,NA
"avonet",300,"floor","Primary.Lifestyle","accuracy",20,0.582222222222222,0.00854601883608495,NA,NA
"avonet",300,"gnn_off","Primary.Lifestyle","accuracy",20,0.748333333333333,0.012337968677425,NA,NA
"avonet",300,"gnn_off_pure","Primary.Lifestyle","accuracy",20,0.757777777777778,0.00847731368438398,NA,NA
"avonet",300,"gnn_on","Primary.Lifestyle","accuracy",20,0.720555555555556,0.0118545166351215,NA,NA
"avonet",300,"gnn_on_full","Primary.Lifestyle","accuracy",20,0.748333333333333,0.012337968677425,NA,NA
"avonet",300,"rphylopars","Primary.Lifestyle","accuracy",20,NA,NA,NA,NA
"avonet",300,"bace","Trophic.Level","accuracy",20,0.730555555555556,0.00918636020277774,NA,NA
"avonet",300,"floor","Trophic.Level","accuracy",20,0.535,0.0083877366467886,NA,NA
"avonet",300,"gnn_off","Trophic.Level","accuracy",20,0.770555555555556,0.015904094470377,NA,NA
"avonet",300,"gnn_off_pure","Trophic.Level","accuracy",20,0.79,0.00776941906738042,NA,NA
"avonet",300,"gnn_on","Trophic.Level","accuracy",20,0.763333333333333,0.0147118743287117,NA,NA
"avonet",300,"gnn_on_full","Trophic.Level","accuracy",20,0.774444444444444,0.0153177308532474,NA,NA
"avonet",300,"rphylopars","Trophic.Level","accuracy",20,NA,NA,NA,NA
"bace_dgp",100,"bace","x3","accuracy",20,0.53,0.0255809688032389,NA,NA
"bace_dgp",300,"bace","x3","accuracy",20,0.527222222222222,0.0139029168923525,NA,NA
"bace_dgp",1000,"bace","x3","accuracy",20,0.512833333333333,0.00716666666666667,NA,NA
"bace_dgp",100,"floor","x3","accuracy",20,0.498333333333333,0.0205871418452568,NA,NA
"bace_dgp",300,"floor","x3","accuracy",20,0.501111111111111,0.0134135016789222,NA,NA
"bace_dgp",1000,"floor","x3","accuracy",20,0.517833333333333,0.00454525650817929,NA,NA
"bace_dgp",100,"gnn_off","x3","accuracy",20,0.528333333333333,0.0195377876485243,NA,NA
"bace_dgp",300,"gnn_off","x3","accuracy",20,0.51,0.0132183148189802,NA,NA
"bace_dgp",1000,"gnn_off","x3","accuracy",20,0.512833333333333,0.00535999367198719,NA,NA
"bace_dgp",100,"gnn_off_pure","x3","accuracy",20,0.54,0.021575381248622,NA,NA
"bace_dgp",300,"gnn_off_pure","x3","accuracy",20,0.492777777777778,0.00861700420874119,NA,NA
"bace_dgp",1000,"gnn_off_pure","x3","accuracy",20,0.511666666666667,0.00488164002736019,NA,NA
"bace_dgp",100,"gnn_on","x3","accuracy",20,0.528333333333333,0.0195377876485243,NA,NA
"bace_dgp",300,"gnn_on","x3","accuracy",20,0.51,0.0132183148189802,NA,NA
"bace_dgp",1000,"gnn_on","x3","accuracy",20,0.512833333333333,0.00535999367198719,NA,NA
"bace_dgp",100,"gnn_on_full","x3","accuracy",20,0.528333333333333,0.0195377876485243,NA,NA
"bace_dgp",300,"gnn_on_full","x3","accuracy",20,0.51,0.0132183148189802,NA,NA
"bace_dgp",1000,"gnn_on_full","x3","accuracy",20,0.512833333333333,0.00535999367198719,NA,NA
"bace_dgp",100,"rphylopars","x3","accuracy",20,NA,NA,NA,NA
"bace_dgp",300,"rphylopars","x3","accuracy",20,NA,NA,NA,NA
"bace_dgp",1000,"rphylopars","x3","accuracy",20,NA,NA,NA,NA
"avonet",300,"bace","Beak.Length_Culmen","zRMSE",20,0.498651973186508,0.0454380266841304,NA,NA
"avonet",300,"floor","Beak.Length_Culmen","zRMSE",20,0.858718769453032,0.0557878071878848,NA,NA
"avonet",300,"gnn_off","Beak.Length_Culmen","zRMSE",20,0.523387047586651,0.0422906984320962,0.972222222222222,0.00736586793231872
"avonet",300,"gnn_off_pure","Beak.Length_Culmen","zRMSE",20,0.523387047586651,0.0422906984320962,0.972222222222222,0.00736586793231872
"avonet",300,"gnn_on","Beak.Length_Culmen","zRMSE",20,0.576230113852303,0.0426043277166399,0.965555555555556,0.00805681579172283
"avonet",300,"gnn_on_full","Beak.Length_Culmen","zRMSE",20,0.531783704191115,0.0410161747425549,0.971111111111111,0.00815700387095331
"avonet",300,"rphylopars","Beak.Length_Culmen","zRMSE",20,0.398803867131101,0.0293736616572007,NA,NA
"bm_mixed",100,"bace","c1","zRMSE",20,0.349151520118543,0.0373160660309676,NA,NA
"ou_mixed",100,"bace","c1","zRMSE",20,0.524863441095865,0.0538613264668424,NA,NA
"bm_mixed",300,"bace","c1","zRMSE",20,0.155015898157014,0.0130954115634459,NA,NA
"ou_mixed",300,"bace","c1","zRMSE",20,0.260460144976193,0.0214970319249011,NA,NA
"bm_mixed",1000,"bace","c1","zRMSE",20,0.0923948392258772,0.00846532293611019,NA,NA
"ou_mixed",1000,"bace","c1","zRMSE",20,0.136891069130837,0.00986869315038975,NA,NA
"bm_mixed",100,"floor","c1","zRMSE",20,0.976677419251503,0.0317528942949991,NA,NA
"ou_mixed",100,"floor","c1","zRMSE",20,1.01164374336619,0.0382646928156008,NA,NA
"bm_mixed",300,"floor","c1","zRMSE",20,0.976761397773353,0.0168417656667163,NA,NA
"ou_mixed",300,"floor","c1","zRMSE",20,0.99333307786058,0.0167677670396845,NA,NA
"bm_mixed",1000,"floor","c1","zRMSE",20,0.996024263935277,0.0106235787354234,NA,NA
"ou_mixed",1000,"floor","c1","zRMSE",20,0.968372351261678,0.00774230872367744,NA,NA
"bm_mixed",100,"gnn_off","c1","zRMSE",20,0.282203441863262,0.039959236747541,0.903333333333333,0.0280871659105879
"ou_mixed",100,"gnn_off","c1","zRMSE",20,0.45443674558918,0.0407629695535475,0.906666666666667,0.0219781922749009
"bm_mixed",300,"gnn_off","c1","zRMSE",20,0.138195126593031,0.0135431789961562,0.971666666666667,0.00931280811902234
"ou_mixed",300,"gnn_off","c1","zRMSE",20,0.224695660893739,0.017943689281466,0.979444444444444,0.00675742317982151
"bm_mixed",1000,"gnn_off","c1","zRMSE",20,0.0835682591687281,0.00783191757610316,0.967,0.0063701607019306
"ou_mixed",1000,"gnn_off","c1","zRMSE",20,0.119512106122169,0.00839142994423471,0.971166666666667,0.00445428369941271
"bm_mixed",100,"gnn_off_pure","c1","zRMSE",20,0.265551973055394,0.0368261330944892,0.938333333333333,0.0178156577430841
"ou_mixed",100,"gnn_off_pure","c1","zRMSE",20,0.452637203948004,0.0407516549845941,0.906666666666667,0.0219781922749009
"bm_mixed",300,"gnn_off_pure","c1","zRMSE",20,0.138248153652285,0.0135470884793104,0.971666666666667,0.00931280811902234
"ou_mixed",300,"gnn_off_pure","c1","zRMSE",20,0.22229633345785,0.0175227113048117,0.979444444444444,0.00675742317982151
"bm_mixed",1000,"gnn_off_pure","c1","zRMSE",20,0.0835682591687281,0.00783191757610316,0.967,0.0063701607019306
"ou_mixed",1000,"gnn_off_pure","c1","zRMSE",20,0.119512106122169,0.00839142994423471,0.971166666666667,0.00445428369941271
"bm_mixed",100,"gnn_on","c1","zRMSE",20,0.348682907370912,0.0513533941091114,0.883333333333333,0.0262132505219016
"ou_mixed",100,"gnn_on","c1","zRMSE",20,0.532670296355086,0.04572468692576,0.878333333333333,0.0260762489678619
"bm_mixed",300,"gnn_on","c1","zRMSE",20,0.160949121623994,0.0150618210057991,0.961666666666667,0.0100833111819711
"ou_mixed",300,"gnn_on","c1","zRMSE",20,0.248777930387836,0.0168201555663038,0.967222222222222,0.0107386399773902
"bm_mixed",1000,"gnn_on","c1","zRMSE",20,0.0957029767450361,0.0091633921261603,0.953333333333333,0.00801679523550111
"ou_mixed",1000,"gnn_on","c1","zRMSE",20,0.137486011055163,0.00955262207212647,0.9585,0.00491729850236931
"bm_mixed",100,"gnn_on_full","c1","zRMSE",20,0.289596892444242,0.040730332235076,0.9,0.0247797313891676
"ou_mixed",100,"gnn_on_full","c1","zRMSE",20,0.454001346400355,0.0412038706571463,0.905,0.0211199581339298
"bm_mixed",300,"gnn_on_full","c1","zRMSE",20,0.140704145250226,0.0134952921715946,0.971666666666667,0.00931280811902234
"ou_mixed",300,"gnn_on_full","c1","zRMSE",20,0.22485699087187,0.0175336536979719,0.976111111111111,0.00961490477135282
"bm_mixed",1000,"gnn_on_full","c1","zRMSE",20,0.0836188696517743,0.00782897315427881,0.966,0.00682102014287259
"ou_mixed",1000,"gnn_on_full","c1","zRMSE",20,0.119579159080745,0.0083969860896494,0.971333333333333,0.00442216638714053
"bm_mixed",100,"rphylopars","c1","zRMSE",20,0.276612254223385,0.0381757112312327,NA,NA
"ou_mixed",100,"rphylopars","c1","zRMSE",20,0.467996118576503,0.0433447901474115,NA,NA
"bm_mixed",300,"rphylopars","c1","zRMSE",20,0.138555119942505,0.0127262909406903,NA,NA
"ou_mixed",300,"rphylopars","c1","zRMSE",20,0.224857143384261,0.0174959883010843,NA,NA
"bm_mixed",1000,"rphylopars","c1","zRMSE",20,0.0835162914488464,0.00779196942567219,NA,NA
"ou_mixed",1000,"rphylopars","c1","zRMSE",20,0.119850713987196,0.00834442865152557,NA,NA
"bm_mixed",100,"bace","c2","zRMSE",20,0.287580863430733,0.0377959683065724,NA,NA
"ou_mixed",100,"bace","c2","zRMSE",20,0.450778855491858,0.051919193852779,NA,NA
"bm_mixed",300,"bace","c2","zRMSE",20,0.162604096774843,0.0157774096180104,NA,NA
"ou_mixed",300,"bace","c2","zRMSE",20,0.270177414416378,0.0172528520037573,NA,NA
"bm_mixed",1000,"bace","c2","zRMSE",20,0.114039343172063,0.00863394228274849,NA,NA
"ou_mixed",1000,"bace","c2","zRMSE",20,0.153403226700688,0.0125469259372101,NA,NA
"bm_mixed",100,"floor","c2","zRMSE",20,1.0043891500327,0.0270128492332266,NA,NA
"ou_mixed",100,"floor","c2","zRMSE",20,0.99121143775688,0.0287886587338414,NA,NA
"bm_mixed",300,"floor","c2","zRMSE",20,0.986361208282492,0.0190069362970053,NA,NA
"ou_mixed",300,"floor","c2","zRMSE",20,1.0052878320201,0.0195930858898829,NA,NA
"bm_mixed",1000,"floor","c2","zRMSE",20,1.016049196324,0.0138382414414615,NA,NA
"ou_mixed",1000,"floor","c2","zRMSE",20,0.989231481459279,0.0106824077534931,NA,NA
"bm_mixed",100,"gnn_off","c2","zRMSE",20,0.257975328473853,0.0366715809591245,0.943333333333333,0.0169450436093855
"ou_mixed",100,"gnn_off","c2","zRMSE",20,0.395532489868809,0.0399513566783029,0.921666666666667,0.0215312909791324
"bm_mixed",300,"gnn_off","c2","zRMSE",20,0.146781324108942,0.0146646683166803,0.980555555555556,0.00482810431671142
"ou_mixed",300,"gnn_off","c2","zRMSE",20,0.228827771135815,0.0132894905388037,0.966666666666667,0.00725476250110012
"bm_mixed",1000,"gnn_off","c2","zRMSE",20,0.101616606940924,0.00828079621037543,0.960166666666667,0.00448828885457535
"ou_mixed",1000,"gnn_off","c2","zRMSE",20,0.134352564942275,0.0116909600980927,0.9715,0.00441604596763939
"bm_mixed",100,"gnn_off_pure","c2","zRMSE",20,0.24689424089335,0.033725776989723,0.96,0.0146299380627294
"ou_mixed",100,"gnn_off_pure","c2","zRMSE",20,0.376521441787435,0.0358790817021957,0.931666666666667,0.0184921352019578
"bm_mixed",300,"gnn_off_pure","c2","zRMSE",20,0.146781324108942,0.0146646683166803,0.980555555555556,0.00482810431671142
"ou_mixed",300,"gnn_off_pure","c2","zRMSE",20,0.22674931621679,0.0134705535655429,0.970555555555556,0.00675742317982151
"bm_mixed",1000,"gnn_off_pure","c2","zRMSE",20,0.101616606940924,0.00828079621037543,0.960166666666667,0.00448828885457535
"ou_mixed",1000,"gnn_off_pure","c2","zRMSE",20,0.134093075677781,0.0116697750458045,0.972,0.00445510417570389
"bm_mixed",100,"gnn_on","c2","zRMSE",20,0.307967564865687,0.0384008579497603,0.931666666666667,0.0155738196871905
"ou_mixed",100,"gnn_on","c2","zRMSE",20,0.45846879741027,0.0411381456340721,0.885,0.0262104617298812
"bm_mixed",300,"gnn_on","c2","zRMSE",20,0.172390374262052,0.0174667144174598,0.968333333333333,0.00577209572155932
"ou_mixed",300,"gnn_on","c2","zRMSE",20,0.253690777572798,0.0132729136415047,0.957222222222222,0.00850314317147911
"bm_mixed",1000,"gnn_on","c2","zRMSE",20,0.119652599727813,0.0108525582619216,0.944666666666667,0.00588088388948782
"ou_mixed",1000,"gnn_on","c2","zRMSE",20,0.152556420932406,0.0129548538379488,0.957833333333333,0.00591496763349244
"bm_mixed",100,"gnn_on_full","c2","zRMSE",20,0.25590850235376,0.03513977496278,0.948333333333333,0.0153849246482636
"ou_mixed",100,"gnn_on_full","c2","zRMSE",20,0.398801601090482,0.040512251612541,0.901666666666667,0.0253022662693003
"bm_mixed",300,"gnn_on_full","c2","zRMSE",20,0.146750786029792,0.0146703343187126,0.980555555555556,0.00482810431671142
"ou_mixed",300,"gnn_on_full","c2","zRMSE",20,0.22968224257047,0.0133678648102235,0.967777777777778,0.00688247201611685
"bm_mixed",1000,"gnn_on_full","c2","zRMSE",20,0.101771893412297,0.00829893573666621,0.959166666666667,0.00447785323460286
"ou_mixed",1000,"gnn_on_full","c2","zRMSE",20,0.134093076091714,0.0116697749821162,0.972,0.00445510417570389
"bm_mixed",100,"rphylopars","c2","zRMSE",20,0.252647326202249,0.036735350532104,NA,NA
"ou_mixed",100,"rphylopars","c2","zRMSE",20,0.386590917380938,0.0413720787939009,NA,NA
"bm_mixed",300,"rphylopars","c2","zRMSE",20,0.14851801621899,0.0149404786705992,NA,NA
"ou_mixed",300,"rphylopars","c2","zRMSE",20,0.229711972094033,0.0139297515646844,NA,NA
"bm_mixed",1000,"rphylopars","c2","zRMSE",20,0.101416151589235,0.00803246073860397,NA,NA
"ou_mixed",1000,"rphylopars","c2","zRMSE",20,0.133681094790407,0.0115904994320238,NA,NA
"bm_mixed",100,"bace","c3","zRMSE",20,0.305320366271833,0.040815396250948,NA,NA
"ou_mixed",100,"bace","c3","zRMSE",20,0.451510889612047,0.0341883490364113,NA,NA
"bm_mixed",300,"bace","c3","zRMSE",20,0.189211743073799,0.015347561342998,NA,NA
"ou_mixed",300,"bace","c3","zRMSE",20,0.244890040779668,0.0161060190581773,NA,NA
"bm_mixed",1000,"bace","c3","zRMSE",20,0.0887276136487808,0.00743249369685912,NA,NA
"ou_mixed",1000,"bace","c3","zRMSE",20,0.154558712127121,0.00977727726246171,NA,NA
"bm_mixed",100,"floor","c3","zRMSE",20,1.02758522275232,0.0481360862726674,NA,NA
"ou_mixed",100,"floor","c3","zRMSE",20,1.00377146946828,0.0333654508232754,NA,NA
"bm_mixed",300,"floor","c3","zRMSE",20,0.996040650605419,0.0153311189675808,NA,NA
"ou_mixed",300,"floor","c3","zRMSE",20,1.02338295352078,0.0215001427980974,NA,NA
"bm_mixed",1000,"floor","c3","zRMSE",20,0.995034466565369,0.0106034179489593,NA,NA
"ou_mixed",1000,"floor","c3","zRMSE",20,1.0013785099289,0.0117726218110846,NA,NA
"bm_mixed",100,"gnn_off","c3","zRMSE",20,0.248972783245028,0.0329693206089067,0.898333333333333,0.0268714722966906
"ou_mixed",100,"gnn_off","c3","zRMSE",20,0.441899322953136,0.0424889270858767,0.836666666666667,0.0390606066792625
"bm_mixed",300,"gnn_off","c3","zRMSE",20,0.158121275056517,0.0129740523959881,0.981111111111111,0.00442246024808295
"ou_mixed",300,"gnn_off","c3","zRMSE",20,0.216833273854141,0.013731962654334,0.981111111111111,0.00635223403166024
"bm_mixed",1000,"gnn_off","c3","zRMSE",20,0.0786522886649437,0.00636362666961376,0.960166666666667,0.00570971778575636
"ou_mixed",1000,"gnn_off","c3","zRMSE",20,0.138036641683631,0.00892633078193531,0.963166666666667,0.00607687111703872
"bm_mixed",100,"gnn_off_pure","c3","zRMSE",20,0.24069584350208,0.0326241320924601,0.898333333333333,0.0268714722966906
"ou_mixed",100,"gnn_off_pure","c3","zRMSE",20,0.405716140981385,0.0387985221404514,0.87,0.034190727514243
"bm_mixed",300,"gnn_off_pure","c3","zRMSE",20,0.15698146511523,0.0129176170750831,0.981666666666667,0.00450795268685249
"ou_mixed",300,"gnn_off_pure","c3","zRMSE",20,0.215788326072806,0.0135522548084777,0.981666666666667,0.00636117814515613
"bm_mixed",1000,"gnn_off_pure","c3","zRMSE",20,0.0786522886649437,0.00636362666961376,0.960166666666667,0.00570971778575636
"ou_mixed",1000,"gnn_off_pure","c3","zRMSE",20,0.138036641683631,0.00892633078193531,0.963166666666667,0.00607687111703872
"bm_mixed",100,"gnn_on","c3","zRMSE",20,0.274928976041592,0.0321113566390622,0.881666666666667,0.0292673700111305
"ou_mixed",100,"gnn_on","c3","zRMSE",20,0.45686535233936,0.0436528334434273,0.836666666666667,0.0391353925158343
"bm_mixed",300,"gnn_on","c3","zRMSE",20,0.180929661340232,0.0147531038018249,0.972222222222222,0.00480280403261454
"ou_mixed",300,"gnn_on","c3","zRMSE",20,0.243952898814765,0.0144260263224534,0.971111111111111,0.00799610041409928
"bm_mixed",1000,"gnn_on","c3","zRMSE",20,0.0916243659132932,0.00746952409927294,0.949,0.00656991192407162
"ou_mixed",1000,"gnn_on","c3","zRMSE",20,0.156705086689332,0.0103732581835555,0.951166666666667,0.00680245483725291
"bm_mixed",100,"gnn_on_full","c3","zRMSE",20,0.248894311547227,0.0330051525186078,0.896666666666667,0.0266995411398028
"ou_mixed",100,"gnn_on_full","c3","zRMSE",20,0.441202776269966,0.0435858594179651,0.826666666666667,0.0412239639612491
"bm_mixed",300,"gnn_on_full","c3","zRMSE",20,0.15845451438362,0.0130028745164025,0.980555555555556,0.00440590011410433
"ou_mixed",300,"gnn_on_full","c3","zRMSE",20,0.220281586369676,0.0143732176141046,0.978333333333333,0.00662143525289775
"bm_mixed",1000,"gnn_on_full","c3","zRMSE",20,0.07891800155383,0.00634544116060467,0.960166666666667,0.00565827552098208
"ou_mixed",1000,"gnn_on_full","c3","zRMSE",20,0.13818779834092,0.00890618083761614,0.962833333333333,0.00600815722300726
"bm_mixed",100,"rphylopars","c3","zRMSE",20,0.244481338071245,0.0318751783918109,NA,NA
"ou_mixed",100,"rphylopars","c3","zRMSE",20,0.41063878854679,0.0398614446550542,NA,NA
"bm_mixed",300,"rphylopars","c3","zRMSE",20,0.15690845658539,0.0126046801815499,NA,NA
"ou_mixed",300,"rphylopars","c3","zRMSE",20,0.218112768685121,0.0136807526132672,NA,NA
"bm_mixed",1000,"rphylopars","c3","zRMSE",20,0.078813898727042,0.00637631253608324,NA,NA
"ou_mixed",1000,"rphylopars","c3","zRMSE",20,0.138717862310381,0.00894716589203812,NA,NA
"bm_mixed",100,"bace","c4","zRMSE",20,0.295619133106031,0.0254245133782049,NA,NA
"ou_mixed",100,"bace","c4","zRMSE",20,0.440431779987721,0.0300145299013134,NA,NA
"bm_mixed",300,"bace","c4","zRMSE",20,0.187591634281825,0.0178657245183041,NA,NA
"ou_mixed",300,"bace","c4","zRMSE",20,0.222130476038018,0.0167783785757784,NA,NA
"bm_mixed",1000,"bace","c4","zRMSE",20,0.107897963737044,0.00770715907678115,NA,NA
"ou_mixed",1000,"bace","c4","zRMSE",20,0.155085842914922,0.00773217325536906,NA,NA
"bm_mixed",100,"floor","c4","zRMSE",20,1.01300435099282,0.0335984967521364,NA,NA
"ou_mixed",100,"floor","c4","zRMSE",20,0.988617856657245,0.0187888992405679,NA,NA
"bm_mixed",300,"floor","c4","zRMSE",20,1.00647687724172,0.0169626300894366,NA,NA
"ou_mixed",300,"floor","c4","zRMSE",20,0.983837877921042,0.0201757563025907,NA,NA
"bm_mixed",1000,"floor","c4","zRMSE",20,1.00151292305005,0.00765340780755517,NA,NA
"ou_mixed",1000,"floor","c4","zRMSE",20,1.01832415145053,0.00895157797417085,NA,NA
"bm_mixed",100,"gnn_off","c4","zRMSE",20,0.291226790470674,0.0429070268022199,0.9,0.023195079131282
"ou_mixed",100,"gnn_off","c4","zRMSE",20,0.430800742983292,0.0416307911294929,0.893333333333333,0.0271017144102842
"bm_mixed",300,"gnn_off","c4","zRMSE",20,0.161198095516665,0.0176617984094912,0.973888888888889,0.0100768650817873
"ou_mixed",300,"gnn_off","c4","zRMSE",20,0.194600800553765,0.0146953361050335,0.972222222222222,0.00549676495324905
"bm_mixed",1000,"gnn_off","c4","zRMSE",20,0.0943467427058528,0.00708200043968578,0.969333333333333,0.00397800972893591
"ou_mixed",1000,"gnn_off","c4","zRMSE",20,0.139036313410912,0.00645866630210604,0.958,0.00491685250912524
"bm_mixed",100,"gnn_off_pure","c4","zRMSE",20,0.249253730929287,0.022481348428122,0.91,0.0241946299198616
"ou_mixed",100,"gnn_off_pure","c4","zRMSE",20,0.400543234471988,0.0343807183040696,0.901666666666667,0.0270882249293777
"bm_mixed",300,"gnn_off_pure","c4","zRMSE",20,0.161198095516665,0.0176617984094912,0.973888888888889,0.0100768650817873
"ou_mixed",300,"gnn_off_pure","c4","zRMSE",20,0.193714384718855,0.014806462074884,0.972222222222222,0.00549676495324905
"bm_mixed",1000,"gnn_off_pure","c4","zRMSE",20,0.0943467427058528,0.00708200043968578,0.969333333333333,0.00397800972893591
"ou_mixed",1000,"gnn_off_pure","c4","zRMSE",20,0.136897864935403,0.00643121099459924,0.96,0.00468916880625631
"bm_mixed",100,"gnn_on","c4","zRMSE",20,0.321729756751157,0.0421778521354653,0.858333333333333,0.0320703721825897
"ou_mixed",100,"gnn_on","c4","zRMSE",20,0.465045929134536,0.0351962395160184,0.886666666666667,0.0279305739121903
"bm_mixed",300,"gnn_on","c4","zRMSE",20,0.186490731601566,0.0219744148093793,0.965,0.0127523265468962
"ou_mixed",300,"gnn_on","c4","zRMSE",20,0.238275953122149,0.0221101370918243,0.965555555555556,0.00569417700127923
"bm_mixed",1000,"gnn_on","c4","zRMSE",20,0.10555485476528,0.00781273240805304,0.958666666666667,0.00421914322945349
"ou_mixed",1000,"gnn_on","c4","zRMSE",20,0.156041475950205,0.00764578076319988,0.944833333333333,0.0059700764539072
"bm_mixed",100,"gnn_on_full","c4","zRMSE",20,0.293717299518161,0.0427929974567853,0.873333333333333,0.0296766196590172
"ou_mixed",100,"gnn_on_full","c4","zRMSE",20,0.406065287909025,0.0338574449878159,0.896666666666667,0.029508646765281
"bm_mixed",300,"gnn_on_full","c4","zRMSE",20,0.160988430386351,0.017616760823322,0.973333333333333,0.0100162311419914
"ou_mixed",300,"gnn_on_full","c4","zRMSE",20,0.19780299835807,0.0141837496444929,0.971666666666667,0.00543584474182072
"bm_mixed",1000,"gnn_on_full","c4","zRMSE",20,0.0943467420835068,0.00708200040543618,0.969333333333333,0.00397800972893591
"ou_mixed",1000,"gnn_on_full","c4","zRMSE",20,0.138436668890345,0.00653223669040511,0.958666666666667,0.00496419931648611
"bm_mixed",100,"rphylopars","c4","zRMSE",20,0.250075699210269,0.0217164149861682,NA,NA
"ou_mixed",100,"rphylopars","c4","zRMSE",20,0.402204830105699,0.0296379057932016,NA,NA
"bm_mixed",300,"rphylopars","c4","zRMSE",20,0.163571102958149,0.018090567036323,NA,NA
"ou_mixed",300,"rphylopars","c4","zRMSE",20,0.19404080029613,0.0148580994856251,NA,NA
"bm_mixed",1000,"rphylopars","c4","zRMSE",20,0.0944552054381118,0.00700287692221091,NA,NA
"ou_mixed",1000,"rphylopars","c4","zRMSE",20,0.137481418115717,0.00647428433001003,NA,NA
"avonet",300,"bace","Mass","zRMSE",20,1.06906890504724,0.165374994963893,NA,NA
"avonet",300,"floor","Mass","zRMSE",20,1.38350459890226,0.220896062272763,NA,NA
"avonet",300,"gnn_off","Mass","zRMSE",20,1.33724896767363,0.228345016116049,0.958333333333333,0.00946506177539037
"avonet",300,"gnn_off_pure","Mass","zRMSE",20,1.3369936281026,0.22827124496797,0.958888888888889,0.00947278170562191
"avonet",300,"gnn_on","Mass","zRMSE",20,1.29082289221027,0.220494910504429,0.945555555555556,0.0104449421307329
"avonet",300,"gnn_on_full","Mass","zRMSE",20,1.2491734821734,0.217574107091866,0.96,0.00869675389240763
"avonet",300,"rphylopars","Mass","zRMSE",20,0.953356342987372,0.155719986870059,NA,NA
"avonet",300,"bace","Tarsus.Length","zRMSE",20,0.446299231217682,0.0337005061730282,NA,NA
"avonet",300,"floor","Tarsus.Length","zRMSE",20,0.86573742451949,0.0636324576564538,NA,NA
"avonet",300,"gnn_off","Tarsus.Length","zRMSE",20,0.585326590477287,0.062899176818997,0.983888888888889,0.00382147075436222
"avonet",300,"gnn_off_pure","Tarsus.Length","zRMSE",20,0.585326590477287,0.062899176818997,0.983888888888889,0.00382147075436222
"avonet",300,"gnn_on","Tarsus.Length","zRMSE",20,0.600282734125011,0.0591951958590033,0.97,0.00674900421023425
"avonet",300,"gnn_on_full","Tarsus.Length","zRMSE",20,0.534831740360194,0.0551150422371007,0.977222222222222,0.00506456045275374
"avonet",300,"rphylopars","Tarsus.Length","zRMSE",20,0.368094011853622,0.0364966949457418,NA,NA
"avonet",300,"bace","Wing.Length","zRMSE",20,0.475580253408784,0.0424633002085332,NA,NA
"avonet",300,"floor","Wing.Length","zRMSE",20,1.02198510826302,0.044621162305376,NA,NA
"avonet",300,"gnn_off","Wing.Length","zRMSE",20,0.715534562188801,0.0428549718190837,0.962777777777778,0.00819178021909125
"avonet",300,"gnn_off_pure","Wing.Length","zRMSE",20,0.714947025263376,0.0426734300087999,0.963333333333333,0.00814504637045536
"avonet",300,"gnn_on","Wing.Length","zRMSE",20,0.633257274973727,0.0387568363151289,0.947777777777778,0.0140337474993636
"avonet",300,"gnn_on_full","Wing.Length","zRMSE",20,0.577285593042307,0.0368344523416064,0.963888888888889,0.00976910167970065
"avonet",300,"rphylopars","Wing.Length","zRMSE",20,0.469043101764615,0.0390218186831048,NA,NA
"bace_dgp",100,"bace","x1","zRMSE",20,1.08161326419181,0.0418511022934169,NA,NA
"bace_dgp",300,"bace","x1","zRMSE",20,1.02700747240207,0.0168688923103129,NA,NA
"bace_dgp",1000,"bace","x1","zRMSE",20,1.0248286745537,0.0113680224825876,NA,NA
"bace_dgp",100,"floor","x1","zRMSE",20,0.995178139054369,0.0426638230371233,NA,NA
"bace_dgp",300,"floor","x1","zRMSE",20,1.02558131976318,0.0205395374276248,NA,NA
"bace_dgp",1000,"floor","x1","zRMSE",20,0.997719040417241,0.009716039786956,NA,NA
"bace_dgp",100,"gnn_off","x1","zRMSE",20,1.02673477834221,0.0397984651732712,0.876666666666667,0.025603819159562
"bace_dgp",300,"gnn_off","x1","zRMSE",20,1.01349280650529,0.0201850900053536,0.952222222222222,0.0112303542998342
"bace_dgp",1000,"gnn_off","x1","zRMSE",20,0.979047853152267,0.0115951809289111,0.944,0.00777084068246678
"bace_dgp",100,"gnn_off_pure","x1","zRMSE",20,1.03819041324338,0.0407658643960195,0.908333333333333,0.0241674228556828
"bace_dgp",300,"gnn_off_pure","x1","zRMSE",20,1.07612183467775,0.0200519069550931,0.951666666666667,0.0135909565544511
"bace_dgp",1000,"gnn_off_pure","x1","zRMSE",20,1.08306950565397,0.0127050277177779,0.955166666666667,0.0046671365678208
"bace_dgp",100,"gnn_on","x1","zRMSE",20,1.02065186750407,0.0393376122748304,0.87,0.0274554397085649
"bace_dgp",300,"gnn_on","x1","zRMSE",20,1.00801761851036,0.0199679820215216,0.951666666666667,0.0125209376303175
"bace_dgp",1000,"gnn_on","x1","zRMSE",20,0.992507605258182,0.0118602537114467,0.945333333333333,0.00650865370867242
"bace_dgp",100,"gnn_on_full","x1","zRMSE",20,1.02484752095767,0.0389662042080272,0.876666666666667,0.025603819159562
"bace_dgp",300,"gnn_on_full","x1","zRMSE",20,1.01686391520669,0.0220712829854513,0.951111111111111,0.01202120716494
"bace_dgp",1000,"gnn_on_full","x1","zRMSE",20,0.992517964071088,0.0118610357850671,0.946166666666667,0.00704320418177684
"bace_dgp",100,"rphylopars","x1","zRMSE",20,1.18148624827057,0.103993253655774,NA,NA
"bace_dgp",300,"rphylopars","x1","zRMSE",20,1.16022241554428,0.027783336996147,NA,NA
"bace_dgp",1000,"rphylopars","x1","zRMSE",20,1.18442467089498,0.0513089730717728,NA,NA
"bace_dgp",100,"bace","x2","zRMSE",20,1.20220860673599,0.0434309018683504,NA,NA
"bace_dgp",300,"bace","x2","zRMSE",20,1.08893982972708,0.0230913794091183,NA,NA
"bace_dgp",1000,"bace","x2","zRMSE",20,1.01875676308949,0.0145257296427556,NA,NA
"bace_dgp",100,"floor","x2","zRMSE",20,1.07357849541205,0.0399862408895183,NA,NA
"bace_dgp",300,"floor","x2","zRMSE",20,1.04085843066299,0.0183017220174639,NA,NA
"bace_dgp",1000,"floor","x2","zRMSE",20,0.99455207900692,0.0117146882859387,NA,NA
"bace_dgp",100,"gnn_off","x2","zRMSE",20,1.07351881429476,0.0465900123495062,0.885,0.0299585483607441
"bace_dgp",300,"gnn_off","x2","zRMSE",20,1.02157760980745,0.0196410003125178,0.956111111111111,0.00992090225203721
"bace_dgp",1000,"gnn_off","x2","zRMSE",20,0.958957025977487,0.0134627661222317,0.952166666666667,0.00478346934215831
"bace_dgp",100,"gnn_off_pure","x2","zRMSE",20,1.15360536500043,0.0515927599503762,0.871666666666667,0.0291472366358935
"bace_dgp",300,"gnn_off_pure","x2","zRMSE",20,1.08720054383269,0.0182843057553381,0.966666666666667,0.0108147614087175
"bace_dgp",1000,"gnn_off_pure","x2","zRMSE",20,1.04127859337096,0.0179402522552824,0.958166666666667,0.00489345546957858
"bace_dgp",100,"gnn_on","x2","zRMSE",20,1.09350395185055,0.0420396811164584,0.878333333333333,0.0266310068588439
"bace_dgp",300,"gnn_on","x2","zRMSE",20,1.02646435750336,0.0191717296417791,0.953888888888889,0.0110898920194585
"bace_dgp",1000,"gnn_on","x2","zRMSE",20,0.972668026334449,0.0148921910254883,0.951,0.00481894409826699
"bace_dgp",100,"gnn_on_full","x2","zRMSE",20,1.08214148381406,0.0461802357802106,0.88,0.0299512274104387
"bace_dgp",300,"gnn_on_full","x2","zRMSE",20,1.02720027629733,0.0203378075728298,0.956111111111111,0.0100186635452673
"bace_dgp",1000,"gnn_on_full","x2","zRMSE",20,0.973570956108065,0.0149478432892372,0.951833333333333,0.00494102648141644
"bace_dgp",100,"rphylopars","x2","zRMSE",20,1.36709749035304,0.0853221505398436,NA,NA
"bace_dgp",300,"rphylopars","x2","zRMSE",20,1.15609062796851,0.0270354064153145,NA,NA
"bace_dgp",1000,"rphylopars","x2","zRMSE",20,1.17040867524204,0.055682086682982,NA,NA
"bace_dgp",100,"bace","y","zRMSE",20,1.04421319199808,0.0357195305949208,NA,NA
"bace_dgp",300,"bace","y","zRMSE",20,0.948717514498159,0.0184711088465373,NA,NA
"bace_dgp",1000,"bace","y","zRMSE",20,0.929813601272677,0.0178314422707845,NA,NA
"bace_dgp",100,"floor","y","zRMSE",20,0.994691713427855,0.0355283823272763,NA,NA
"bace_dgp",300,"floor","y","zRMSE",20,0.968348793466094,0.0199748648081088,NA,NA
"bace_dgp",1000,"floor","y","zRMSE",20,1.01403406885076,0.0123789810783871,NA,NA
"bace_dgp",100,"gnn_off","y","zRMSE",20,0.974498218860852,0.0327585716093519,0.911666666666667,0.0236043161877242
"bace_dgp",300,"gnn_off","y","zRMSE",20,0.922340205663196,0.0221835647530508,0.968888888888889,0.0111286411421707
"bace_dgp",1000,"gnn_off","y","zRMSE",20,0.928566571181004,0.0145912719085769,0.9535,0.00555396175968742
"bace_dgp",100,"gnn_off_pure","y","zRMSE",20,0.988526208427428,0.0303030259438777,0.9,0.0206615726602629
"bace_dgp",300,"gnn_off_pure","y","zRMSE",20,0.976657921278037,0.0248731473086348,0.971666666666667,0.0106474912925633
"bace_dgp",1000,"gnn_off_pure","y","zRMSE",20,0.977259090849304,0.017230316517062,0.954333333333333,0.00493880682609647
"bace_dgp",100,"gnn_on","y","zRMSE",20,0.979709334441867,0.0308986914014231,0.91,0.0254893625330094
"bace_dgp",300,"gnn_on","y","zRMSE",20,0.928906059727621,0.0239422207412993,0.968888888888889,0.0113024461577482
"bace_dgp",1000,"gnn_on","y","zRMSE",20,0.933666482192875,0.0153120872847357,0.953833333333333,0.00539262546045293
"bace_dgp",100,"gnn_on_full","y","zRMSE",20,0.972412230851205,0.0311619398368922,0.915,0.022357410430763
"bace_dgp",300,"gnn_on_full","y","zRMSE",20,0.927386089761918,0.0223728618766499,0.966666666666667,0.0118195221821098
"bace_dgp",1000,"gnn_on_full","y","zRMSE",20,0.934056002043404,0.0168764094200127,0.953166666666667,0.00522854848865779
"bace_dgp",100,"rphylopars","y","zRMSE",20,1.11419593061635,0.0602685063759218,NA,NA
"bace_dgp",300,"rphylopars","y","zRMSE",20,1.16356001998157,0.102996482823122,NA,NA
"bace_dgp",1000,"rphylopars","y","zRMSE",20,1.05640316366798,0.0517676030117214,NA,NA
