"arm","trait","metric","value","coverage","dgp","n","seed","type"
"gnn_on","Mass","zRMSE",1.98971879298719,0.988888888888889,"avonet",300,1,"continuous"
"gnn_on","Beak.Length_Culmen","zRMSE",0.568902026788941,0.977777777777778,"avonet",300,1,"continuous"
"gnn_on","Tarsus.Length","zRMSE",0.837474236087729,0.966666666666667,"avonet",300,1,"continuous"
"gnn_on","Wing.Length","zRMSE",0.549321070398234,0.988888888888889,"avonet",300,1,"continuous"
"gnn_on","Trophic.Level","accuracy",0.733333333333333,NA,"avonet",300,1,"categorical"
"gnn_on","Primary.Lifestyle","accuracy",0.688888888888889,NA,"avonet",300,1,"categorical"
"gnn_on","Migration","accuracy",0.744444444444444,NA,"avonet",300,1,"ordinal"
"gnn_on_full","Mass","zRMSE",1.98150518133793,0.988888888888889,"avonet",300,1,"continuous"
"gnn_on_full","Beak.Length_Culmen","zRMSE",0.579910248347523,0.966666666666667,"avonet",300,1,"continuous"
"gnn_on_full","Tarsus.Length","zRMSE",0.815518542916436,0.966666666666667,"avonet",300,1,"continuous"
"gnn_on_full","Wing.Length","zRMSE",0.525198159736155,0.988888888888889,"avonet",300,1,"continuous"
"gnn_on_full","Trophic.Level","accuracy",0.722222222222222,NA,"avonet",300,1,"categorical"
"gnn_on_full","Primary.Lifestyle","accuracy",0.722222222222222,NA,"avonet",300,1,"categorical"
"gnn_on_full","Migration","accuracy",0.844444444444444,NA,"avonet",300,1,"ordinal"
"gnn_off","Mass","zRMSE",1.9815051780218,0.988888888888889,"avonet",300,1,"continuous"
"gnn_off","Beak.Length_Culmen","zRMSE",0.579910253173569,0.966666666666667,"avonet",300,1,"continuous"
"gnn_off","Tarsus.Length","zRMSE",0.848754665321267,0.955555555555556,"avonet",300,1,"continuous"
"gnn_off","Wing.Length","zRMSE",0.68574081645983,0.966666666666667,"avonet",300,1,"continuous"
"gnn_off","Trophic.Level","accuracy",0.722222222222222,NA,"avonet",300,1,"categorical"
"gnn_off","Primary.Lifestyle","accuracy",0.722222222222222,NA,"avonet",300,1,"categorical"
"gnn_off","Migration","accuracy",0.844444444444444,NA,"avonet",300,1,"ordinal"
"gnn_off_pure","Mass","zRMSE",1.9815051780218,0.988888888888889,"avonet",300,1,"continuous"
"gnn_off_pure","Beak.Length_Culmen","zRMSE",0.579910253173569,0.966666666666667,"avonet",300,1,"continuous"
"gnn_off_pure","Tarsus.Length","zRMSE",0.848754665321267,0.955555555555556,"avonet",300,1,"continuous"
"gnn_off_pure","Wing.Length","zRMSE",0.68574081645983,0.966666666666667,"avonet",300,1,"continuous"
"gnn_off_pure","Trophic.Level","accuracy",0.722222222222222,NA,"avonet",300,1,"categorical"
"gnn_off_pure","Primary.Lifestyle","accuracy",0.722222222222222,NA,"avonet",300,1,"categorical"
"gnn_off_pure","Migration","accuracy",0.844444444444444,NA,"avonet",300,1,"ordinal"
"freq","Mass","zRMSE",1.55736765470499,NA,"avonet",300,1,"continuous"
"freq","Beak.Length_Culmen","zRMSE",0.424691835246755,NA,"avonet",300,1,"continuous"
"freq","Tarsus.Length","zRMSE",0.639583646774478,NA,"avonet",300,1,"continuous"
"freq","Wing.Length","zRMSE",0.383902522772524,NA,"avonet",300,1,"continuous"
"freq","Trophic.Level","accuracy",0.722222222222222,NA,"avonet",300,1,"categorical"
"freq","Primary.Lifestyle","accuracy",0.744444444444444,NA,"avonet",300,1,"categorical"
"freq","Migration","accuracy",0.855555555555556,NA,"avonet",300,1,"ordinal"
"bace","Mass","zRMSE",1.63100358369467,NA,"avonet",300,1,"continuous"
"bace","Beak.Length_Culmen","zRMSE",0.426752917176223,NA,"avonet",300,1,"continuous"
"bace","Tarsus.Length","zRMSE",0.590383733637811,NA,"avonet",300,1,"continuous"
"bace","Wing.Length","zRMSE",0.362560270342578,NA,"avonet",300,1,"continuous"
"bace","Trophic.Level","accuracy",0.677777777777778,NA,"avonet",300,1,"categorical"
"bace","Primary.Lifestyle","accuracy",0.722222222222222,NA,"avonet",300,1,"categorical"
"bace","Migration","accuracy",0.777777777777778,NA,"avonet",300,1,"ordinal"
"floor","Mass","zRMSE",1.99603366914087,NA,"avonet",300,1,"continuous"
"floor","Beak.Length_Culmen","zRMSE",0.99710566903439,NA,"avonet",300,1,"continuous"
"floor","Tarsus.Length","zRMSE",0.893455602884504,NA,"avonet",300,1,"continuous"
"floor","Wing.Length","zRMSE",0.897973259135137,NA,"avonet",300,1,"continuous"
"floor","Trophic.Level","accuracy",0.511111111111111,NA,"avonet",300,1,"categorical"
"floor","Primary.Lifestyle","accuracy",0.544444444444444,NA,"avonet",300,1,"categorical"
"floor","Migration","accuracy",0.844444444444444,NA,"avonet",300,1,"ordinal"
"gnn_on","Mass","zRMSE",1.82247376125553,1,"avonet",300,2,"continuous"
"gnn_on","Beak.Length_Culmen","zRMSE",0.838350740741283,0.966666666666667,"avonet",300,2,"continuous"
"gnn_on","Tarsus.Length","zRMSE",0.57873367558571,0.977777777777778,"avonet",300,2,"continuous"
"gnn_on","Wing.Length","zRMSE",0.728064517881331,0.988888888888889,"avonet",300,2,"continuous"
"gnn_on","Trophic.Level","accuracy",0.777777777777778,NA,"avonet",300,2,"categorical"
"gnn_on","Primary.Lifestyle","accuracy",0.8,NA,"avonet",300,2,"categorical"
"gnn_on","Migration","accuracy",0.744444444444444,NA,"avonet",300,2,"ordinal"
"gnn_on_full","Mass","zRMSE",1.81101660143318,1,"avonet",300,2,"continuous"
"gnn_on_full","Beak.Length_Culmen","zRMSE",0.799203691089583,0.988888888888889,"avonet",300,2,"continuous"
"gnn_on_full","Tarsus.Length","zRMSE",0.513518227202289,0.988888888888889,"avonet",300,2,"continuous"
"gnn_on_full","Wing.Length","zRMSE",0.65602784608832,1,"avonet",300,2,"continuous"
"gnn_on_full","Trophic.Level","accuracy",0.788888888888889,NA,"avonet",300,2,"categorical"
"gnn_on_full","Primary.Lifestyle","accuracy",0.811111111111111,NA,"avonet",300,2,"categorical"
"gnn_on_full","Migration","accuracy",0.744444444444444,NA,"avonet",300,2,"ordinal"
"gnn_off","Mass","zRMSE",1.96077953764717,0.988888888888889,"avonet",300,2,"continuous"
"gnn_off","Beak.Length_Culmen","zRMSE",0.71970556530641,0.966666666666667,"avonet",300,2,"continuous"
"gnn_off","Tarsus.Length","zRMSE",0.576280545300791,0.988888888888889,"avonet",300,2,"continuous"
"gnn_off","Wing.Length","zRMSE",0.713825378052962,0.988888888888889,"avonet",300,2,"continuous"
"gnn_off","Trophic.Level","accuracy",0.788888888888889,NA,"avonet",300,2,"categorical"
"gnn_off","Primary.Lifestyle","accuracy",0.811111111111111,NA,"avonet",300,2,"categorical"
"gnn_off","Migration","accuracy",0.744444444444444,NA,"avonet",300,2,"ordinal"
"gnn_off_pure","Mass","zRMSE",1.96077953764717,0.988888888888889,"avonet",300,2,"continuous"
"gnn_off_pure","Beak.Length_Culmen","zRMSE",0.71970556530641,0.966666666666667,"avonet",300,2,"continuous"
"gnn_off_pure","Tarsus.Length","zRMSE",0.576280545300791,0.988888888888889,"avonet",300,2,"continuous"
"gnn_off_pure","Wing.Length","zRMSE",0.713825378052962,0.988888888888889,"avonet",300,2,"continuous"
"gnn_off_pure","Trophic.Level","accuracy",0.788888888888889,NA,"avonet",300,2,"categorical"
"gnn_off_pure","Primary.Lifestyle","accuracy",0.811111111111111,NA,"avonet",300,2,"categorical"
"gnn_off_pure","Migration","accuracy",0.766666666666667,NA,"avonet",300,2,"ordinal"
"freq","Mass","zRMSE",1.14797196009139,NA,"avonet",300,2,"continuous"
"freq","Beak.Length_Culmen","zRMSE",0.427476455281468,NA,"avonet",300,2,"continuous"
"freq","Tarsus.Length","zRMSE",0.358823973729854,NA,"avonet",300,2,"continuous"
"freq","Wing.Length","zRMSE",0.452848819115767,NA,"avonet",300,2,"continuous"
"freq","Trophic.Level","accuracy",0.788888888888889,NA,"avonet",300,2,"categorical"
"freq","Primary.Lifestyle","accuracy",0.833333333333333,NA,"avonet",300,2,"categorical"
"freq","Migration","accuracy",0.755555555555556,NA,"avonet",300,2,"ordinal"
"bace","Mass","zRMSE",1.41810894655762,NA,"avonet",300,2,"continuous"
"bace","Beak.Length_Culmen","zRMSE",0.61185180544944,NA,"avonet",300,2,"continuous"
"bace","Tarsus.Length","zRMSE",0.452416861416538,NA,"avonet",300,2,"continuous"
"bace","Wing.Length","zRMSE",0.789905242715575,NA,"avonet",300,2,"continuous"
"bace","Trophic.Level","accuracy",0.8,NA,"avonet",300,2,"categorical"
"bace","Primary.Lifestyle","accuracy",0.7,NA,"avonet",300,2,"categorical"
"bace","Migration","accuracy",0.722222222222222,NA,"avonet",300,2,"ordinal"
"floor","Mass","zRMSE",1.97835688888315,NA,"avonet",300,2,"continuous"
"floor","Beak.Length_Culmen","zRMSE",1.07137685623137,NA,"avonet",300,2,"continuous"
"floor","Tarsus.Length","zRMSE",0.998109350565925,NA,"avonet",300,2,"continuous"
"floor","Wing.Length","zRMSE",1.0525036241323,NA,"avonet",300,2,"continuous"
"floor","Trophic.Level","accuracy",0.6,NA,"avonet",300,2,"categorical"
"floor","Primary.Lifestyle","accuracy",0.677777777777778,NA,"avonet",300,2,"categorical"
"floor","Migration","accuracy",0.744444444444444,NA,"avonet",300,2,"ordinal"
"gnn_on","Mass","zRMSE",0.345590555719123,0.933333333333333,"avonet",300,3,"continuous"
"gnn_on","Beak.Length_Culmen","zRMSE",0.29105745412707,1,"avonet",300,3,"continuous"
"gnn_on","Tarsus.Length","zRMSE",0.58481234501228,0.922222222222222,"avonet",300,3,"continuous"
"gnn_on","Wing.Length","zRMSE",0.366379937243094,0.977777777777778,"avonet",300,3,"continuous"
"gnn_on","Trophic.Level","accuracy",0.522222222222222,NA,"avonet",300,3,"categorical"
"gnn_on","Primary.Lifestyle","accuracy",0.8,NA,"avonet",300,3,"categorical"
"gnn_on","Migration","accuracy",0.7,NA,"avonet",300,3,"ordinal"
"gnn_on_full","Mass","zRMSE",0.30784937915481,0.944444444444444,"avonet",300,3,"continuous"
"gnn_on_full","Beak.Length_Culmen","zRMSE",0.27097821319923,1,"avonet",300,3,"continuous"
"gnn_on_full","Tarsus.Length","zRMSE",0.486891238362612,0.933333333333333,"avonet",300,3,"continuous"
"gnn_on_full","Wing.Length","zRMSE",0.338680320695296,0.977777777777778,"avonet",300,3,"continuous"
"gnn_on_full","Trophic.Level","accuracy",0.522222222222222,NA,"avonet",300,3,"categorical"
"gnn_on_full","Primary.Lifestyle","accuracy",0.822222222222222,NA,"avonet",300,3,"categorical"
"gnn_on_full","Migration","accuracy",0.711111111111111,NA,"avonet",300,3,"ordinal"
"gnn_off","Mass","zRMSE",0.401071507973516,0.988888888888889,"avonet",300,3,"continuous"
"gnn_off","Beak.Length_Culmen","zRMSE",0.270978212547278,1,"avonet",300,3,"continuous"
"gnn_off","Tarsus.Length","zRMSE",0.566091628113068,1,"avonet",300,3,"continuous"
"gnn_off","Wing.Length","zRMSE",0.3912400812202,0.966666666666667,"avonet",300,3,"continuous"
"gnn_off","Trophic.Level","accuracy",0.522222222222222,NA,"avonet",300,3,"categorical"
"gnn_off","Primary.Lifestyle","accuracy",0.822222222222222,NA,"avonet",300,3,"categorical"
"gnn_off","Migration","accuracy",0.711111111111111,NA,"avonet",300,3,"ordinal"
"gnn_off_pure","Mass","zRMSE",0.401071507973516,0.988888888888889,"avonet",300,3,"continuous"
"gnn_off_pure","Beak.Length_Culmen","zRMSE",0.270978212547278,1,"avonet",300,3,"continuous"
"gnn_off_pure","Tarsus.Length","zRMSE",0.566091628113068,1,"avonet",300,3,"continuous"
"gnn_off_pure","Wing.Length","zRMSE",0.3912400812202,0.966666666666667,"avonet",300,3,"continuous"
"gnn_off_pure","Trophic.Level","accuracy",0.777777777777778,NA,"avonet",300,3,"categorical"
"gnn_off_pure","Primary.Lifestyle","accuracy",0.822222222222222,NA,"avonet",300,3,"categorical"
"gnn_off_pure","Migration","accuracy",0.711111111111111,NA,"avonet",300,3,"ordinal"
"freq","Mass","zRMSE",0.204406060947665,NA,"avonet",300,3,"continuous"
"freq","Beak.Length_Culmen","zRMSE",0.417739782151436,NA,"avonet",300,3,"continuous"
"freq","Tarsus.Length","zRMSE",0.370680631661768,NA,"avonet",300,3,"continuous"
"freq","Wing.Length","zRMSE",0.32867317081569,NA,"avonet",300,3,"continuous"
"freq","Trophic.Level","accuracy",0.766666666666667,NA,"avonet",300,3,"categorical"
"freq","Primary.Lifestyle","accuracy",0.8,NA,"avonet",300,3,"categorical"
"freq","Migration","accuracy",0.733333333333333,NA,"avonet",300,3,"ordinal"
"bace","Mass","zRMSE",0.336560179046459,NA,"avonet",300,3,"continuous"
"bace","Beak.Length_Culmen","zRMSE",0.399958618566928,NA,"avonet",300,3,"continuous"
"bace","Tarsus.Length","zRMSE",0.442110371849947,NA,"avonet",300,3,"continuous"
"bace","Wing.Length","zRMSE",0.279578845800345,NA,"avonet",300,3,"continuous"
"bace","Trophic.Level","accuracy",0.744444444444444,NA,"avonet",300,3,"categorical"
"bace","Primary.Lifestyle","accuracy",0.722222222222222,NA,"avonet",300,3,"categorical"
"bace","Migration","accuracy",0.722222222222222,NA,"avonet",300,3,"ordinal"
"floor","Mass","zRMSE",0.526001373323289,NA,"avonet",300,3,"continuous"
"floor","Beak.Length_Culmen","zRMSE",0.406228398286436,NA,"avonet",300,3,"continuous"
"floor","Tarsus.Length","zRMSE",0.921753613372887,NA,"avonet",300,3,"continuous"
"floor","Wing.Length","zRMSE",0.666950503676157,NA,"avonet",300,3,"continuous"
"floor","Trophic.Level","accuracy",0.522222222222222,NA,"avonet",300,3,"categorical"
"floor","Primary.Lifestyle","accuracy",0.611111111111111,NA,"avonet",300,3,"categorical"
"floor","Migration","accuracy",0.722222222222222,NA,"avonet",300,3,"ordinal"
"gnn_on","Mass","zRMSE",2.6564167842572,0.911111111111111,"avonet",300,4,"continuous"
"gnn_on","Beak.Length_Culmen","zRMSE",0.538423448550643,0.977777777777778,"avonet",300,4,"continuous"
"gnn_on","Tarsus.Length","zRMSE",1.07388519396933,0.944444444444444,"avonet",300,4,"continuous"
"gnn_on","Wing.Length","zRMSE",0.768871429534736,0.9,"avonet",300,4,"continuous"
"gnn_on","Trophic.Level","accuracy",0.744444444444444,NA,"avonet",300,4,"categorical"
"gnn_on","Primary.Lifestyle","accuracy",0.7,NA,"avonet",300,4,"categorical"
"gnn_on","Migration","accuracy",0.677777777777778,NA,"avonet",300,4,"ordinal"
"gnn_on_full","Mass","zRMSE",2.57879823126609,0.944444444444444,"avonet",300,4,"continuous"
"gnn_on_full","Beak.Length_Culmen","zRMSE",0.527308367476766,0.977777777777778,"avonet",300,4,"continuous"
"gnn_on_full","Tarsus.Length","zRMSE",1.05305037199941,0.955555555555556,"avonet",300,4,"continuous"
"gnn_on_full","Wing.Length","zRMSE",0.650708852368304,0.966666666666667,"avonet",300,4,"continuous"
"gnn_on_full","Trophic.Level","accuracy",0.766666666666667,NA,"avonet",300,4,"categorical"
"gnn_on_full","Primary.Lifestyle","accuracy",0.733333333333333,NA,"avonet",300,4,"categorical"
"gnn_on_full","Migration","accuracy",0.7,NA,"avonet",300,4,"ordinal"
"gnn_off","Mass","zRMSE",2.78842847940062,0.966666666666667,"avonet",300,4,"continuous"
"gnn_off","Beak.Length_Culmen","zRMSE",0.557732923721683,0.955555555555556,"avonet",300,4,"continuous"
"gnn_off","Tarsus.Length","zRMSE",1.05305037334556,0.955555555555556,"avonet",300,4,"continuous"
"gnn_off","Wing.Length","zRMSE",0.972174968227778,0.944444444444444,"avonet",300,4,"continuous"
"gnn_off","Trophic.Level","accuracy",0.688888888888889,NA,"avonet",300,4,"categorical"
"gnn_off","Primary.Lifestyle","accuracy",0.733333333333333,NA,"avonet",300,4,"categorical"
"gnn_off","Migration","accuracy",0.688888888888889,NA,"avonet",300,4,"ordinal"
"gnn_off_pure","Mass","zRMSE",2.78842847940062,0.966666666666667,"avonet",300,4,"continuous"
"gnn_off_pure","Beak.Length_Culmen","zRMSE",0.557732923721683,0.955555555555556,"avonet",300,4,"continuous"
"gnn_off_pure","Tarsus.Length","zRMSE",1.05305037334556,0.955555555555556,"avonet",300,4,"continuous"
"gnn_off_pure","Wing.Length","zRMSE",0.960424229719283,0.955555555555556,"avonet",300,4,"continuous"
"gnn_off_pure","Trophic.Level","accuracy",0.822222222222222,NA,"avonet",300,4,"categorical"
"gnn_off_pure","Primary.Lifestyle","accuracy",0.733333333333333,NA,"avonet",300,4,"categorical"
"gnn_off_pure","Migration","accuracy",0.7,NA,"avonet",300,4,"ordinal"
"freq","Mass","zRMSE",1.97558168216909,NA,"avonet",300,4,"continuous"
"freq","Beak.Length_Culmen","zRMSE",0.626726933407272,NA,"avonet",300,4,"continuous"
"freq","Tarsus.Length","zRMSE",0.836046938339988,NA,"avonet",300,4,"continuous"
"freq","Wing.Length","zRMSE",0.529404429152388,NA,"avonet",300,4,"continuous"
"freq","Trophic.Level","accuracy",0.8,NA,"avonet",300,4,"categorical"
"freq","Primary.Lifestyle","accuracy",0.733333333333333,NA,"avonet",300,4,"categorical"
"freq","Migration","accuracy",0.722222222222222,NA,"avonet",300,4,"ordinal"
"bace","Mass","zRMSE",2.20283809894825,NA,"avonet",300,4,"continuous"
"bace","Beak.Length_Culmen","zRMSE",0.529815892473505,NA,"avonet",300,4,"continuous"
"bace","Tarsus.Length","zRMSE",0.781224364164318,NA,"avonet",300,4,"continuous"
"bace","Wing.Length","zRMSE",0.744868171628948,NA,"avonet",300,4,"continuous"
"bace","Trophic.Level","accuracy",0.755555555555556,NA,"avonet",300,4,"categorical"
"bace","Primary.Lifestyle","accuracy",0.688888888888889,NA,"avonet",300,4,"categorical"
"bace","Migration","accuracy",0.7,NA,"avonet",300,4,"ordinal"
"floor","Mass","zRMSE",2.81700490692581,NA,"avonet",300,4,"continuous"
"floor","Beak.Length_Culmen","zRMSE",0.748806290847035,NA,"avonet",300,4,"continuous"
"floor","Tarsus.Length","zRMSE",1.37178853025919,NA,"avonet",300,4,"continuous"
"floor","Wing.Length","zRMSE",1.14854096124676,NA,"avonet",300,4,"continuous"
"floor","Trophic.Level","accuracy",0.544444444444444,NA,"avonet",300,4,"categorical"
"floor","Primary.Lifestyle","accuracy",0.588888888888889,NA,"avonet",300,4,"categorical"
"floor","Migration","accuracy",0.677777777777778,NA,"avonet",300,4,"ordinal"
"gnn_on","Mass","zRMSE",0.572784699229482,0.966666666666667,"avonet",300,5,"continuous"
"gnn_on","Beak.Length_Culmen","zRMSE",0.783172423285138,0.988888888888889,"avonet",300,5,"continuous"
"gnn_on","Tarsus.Length","zRMSE",0.287495429938977,1,"avonet",300,5,"continuous"
"gnn_on","Wing.Length","zRMSE",0.771182907066855,0.944444444444444,"avonet",300,5,"continuous"
"gnn_on","Trophic.Level","accuracy",0.755555555555556,NA,"avonet",300,5,"categorical"
"gnn_on","Primary.Lifestyle","accuracy",0.733333333333333,NA,"avonet",300,5,"categorical"
"gnn_on","Migration","accuracy",0.733333333333333,NA,"avonet",300,5,"ordinal"
"gnn_on_full","Mass","zRMSE",0.552535945037324,0.977777777777778,"avonet",300,5,"continuous"
"gnn_on_full","Beak.Length_Culmen","zRMSE",0.788005221281689,1,"avonet",300,5,"continuous"
"gnn_on_full","Tarsus.Length","zRMSE",0.284301863308075,1,"avonet",300,5,"continuous"
"gnn_on_full","Wing.Length","zRMSE",0.651102524706158,0.966666666666667,"avonet",300,5,"continuous"
"gnn_on_full","Trophic.Level","accuracy",0.788888888888889,NA,"avonet",300,5,"categorical"
"gnn_on_full","Primary.Lifestyle","accuracy",0.777777777777778,NA,"avonet",300,5,"categorical"
"gnn_on_full","Migration","accuracy",0.766666666666667,NA,"avonet",300,5,"ordinal"
"gnn_off","Mass","zRMSE",0.635310568053831,1,"avonet",300,5,"continuous"
"gnn_off","Beak.Length_Culmen","zRMSE",0.733636782097703,0.988888888888889,"avonet",300,5,"continuous"
"gnn_off","Tarsus.Length","zRMSE",0.321891431097443,1,"avonet",300,5,"continuous"
"gnn_off","Wing.Length","zRMSE",0.714547272240781,0.977777777777778,"avonet",300,5,"continuous"
"gnn_off","Trophic.Level","accuracy",0.788888888888889,NA,"avonet",300,5,"categorical"
"gnn_off","Primary.Lifestyle","accuracy",0.777777777777778,NA,"avonet",300,5,"categorical"
"gnn_off","Migration","accuracy",0.766666666666667,NA,"avonet",300,5,"ordinal"
"gnn_off_pure","Mass","zRMSE",0.635310568053831,1,"avonet",300,5,"continuous"
"gnn_off_pure","Beak.Length_Culmen","zRMSE",0.733636782097703,0.988888888888889,"avonet",300,5,"continuous"
"gnn_off_pure","Tarsus.Length","zRMSE",0.321891431097443,1,"avonet",300,5,"continuous"
"gnn_off_pure","Wing.Length","zRMSE",0.714547272240781,0.977777777777778,"avonet",300,5,"continuous"
"gnn_off_pure","Trophic.Level","accuracy",0.788888888888889,NA,"avonet",300,5,"categorical"
"gnn_off_pure","Primary.Lifestyle","accuracy",0.777777777777778,NA,"avonet",300,5,"categorical"
"gnn_off_pure","Migration","accuracy",0.766666666666667,NA,"avonet",300,5,"ordinal"
"freq","Mass","zRMSE",0.457061835389293,NA,"avonet",300,5,"continuous"
"freq","Beak.Length_Culmen","zRMSE",0.495420501424619,NA,"avonet",300,5,"continuous"
"freq","Tarsus.Length","zRMSE",0.186583620213129,NA,"avonet",300,5,"continuous"
"freq","Wing.Length","zRMSE",0.457328930845688,NA,"avonet",300,5,"continuous"
"freq","Trophic.Level","accuracy",0.777777777777778,NA,"avonet",300,5,"categorical"
"freq","Primary.Lifestyle","accuracy",0.744444444444444,NA,"avonet",300,5,"categorical"
"freq","Migration","accuracy",0.777777777777778,NA,"avonet",300,5,"ordinal"
"bace","Mass","zRMSE",0.527287161161073,NA,"avonet",300,5,"continuous"
"bace","Beak.Length_Culmen","zRMSE",0.572307212561843,NA,"avonet",300,5,"continuous"
"bace","Tarsus.Length","zRMSE",0.236303643213124,NA,"avonet",300,5,"continuous"
"bace","Wing.Length","zRMSE",0.529079537679063,NA,"avonet",300,5,"continuous"
"bace","Trophic.Level","accuracy",0.744444444444444,NA,"avonet",300,5,"categorical"
"bace","Primary.Lifestyle","accuracy",0.711111111111111,NA,"avonet",300,5,"categorical"
"bace","Migration","accuracy",0.8,NA,"avonet",300,5,"ordinal"
"floor","Mass","zRMSE",0.634924713888442,NA,"avonet",300,5,"continuous"
"floor","Beak.Length_Culmen","zRMSE",1.09969015044468,NA,"avonet",300,5,"continuous"
"floor","Tarsus.Length","zRMSE",0.432545626028948,NA,"avonet",300,5,"continuous"
"floor","Wing.Length","zRMSE",1.10412334117053,NA,"avonet",300,5,"continuous"
"floor","Trophic.Level","accuracy",0.533333333333333,NA,"avonet",300,5,"categorical"
"floor","Primary.Lifestyle","accuracy",0.577777777777778,NA,"avonet",300,5,"categorical"
"floor","Migration","accuracy",0.822222222222222,NA,"avonet",300,5,"ordinal"
"gnn_on","c1","zRMSE",0.536784307641608,0.966666666666667,"types_mixed",100,1,"continuous"
"gnn_on","c2","zRMSE",0.354845718295702,0.766666666666667,"types_mixed",100,1,"continuous"
"gnn_on","cnt","zRMSE",1.41589323632079,0.7,"types_mixed",100,1,"count"
"gnn_on","prp","zRMSE",0.570772797800453,0.866666666666667,"types_mixed",100,1,"proportion"
"gnn_on","bin","accuracy",0.933333333333333,NA,"types_mixed",100,1,"binary"
"gnn_on","ord","accuracy",0.7,NA,"types_mixed",100,1,"ordinal"
"gnn_on","cat3","accuracy",0.6,NA,"types_mixed",100,1,"categorical"
"gnn_on_full","c1","zRMSE",0.415692071206115,1,"types_mixed",100,1,"continuous"
"gnn_on_full","c2","zRMSE",0.333531359209837,0.8,"types_mixed",100,1,"continuous"
"gnn_on_full","cnt","zRMSE",1.41589323632079,0.7,"types_mixed",100,1,"count"
"gnn_on_full","prp","zRMSE",0.578505549734794,0.866666666666667,"types_mixed",100,1,"proportion"
"gnn_on_full","bin","accuracy",0.866666666666667,NA,"types_mixed",100,1,"binary"
"gnn_on_full","ord","accuracy",0.7,NA,"types_mixed",100,1,"ordinal"
"gnn_on_full","cat3","accuracy",0.633333333333333,NA,"types_mixed",100,1,"categorical"
"gnn_off","c1","zRMSE",0.415692066994325,1,"types_mixed",100,1,"continuous"
"gnn_off","c2","zRMSE",0.33353134979018,0.8,"types_mixed",100,1,"continuous"
"gnn_off","cnt","zRMSE",1.37142705354768,0.7,"types_mixed",100,1,"count"
"gnn_off","prp","zRMSE",0.578505546781931,0.866666666666667,"types_mixed",100,1,"proportion"
"gnn_off","bin","accuracy",0.866666666666667,NA,"types_mixed",100,1,"binary"
"gnn_off","ord","accuracy",0.7,NA,"types_mixed",100,1,"ordinal"
"gnn_off","cat3","accuracy",0.633333333333333,NA,"types_mixed",100,1,"categorical"
"gnn_off_pure","c1","zRMSE",0.415692066994325,1,"types_mixed",100,1,"continuous"
"gnn_off_pure","c2","zRMSE",0.33353134979018,0.8,"types_mixed",100,1,"continuous"
"gnn_off_pure","cnt","zRMSE",1.17160233869295,0.966666666666667,"types_mixed",100,1,"count"
"gnn_off_pure","prp","zRMSE",0.578505546781931,0.866666666666667,"types_mixed",100,1,"proportion"
"gnn_off_pure","bin","accuracy",0.866666666666667,NA,"types_mixed",100,1,"binary"
"gnn_off_pure","ord","accuracy",0.7,NA,"types_mixed",100,1,"ordinal"
"gnn_off_pure","cat3","accuracy",0.633333333333333,NA,"types_mixed",100,1,"categorical"
"freq","c1","zRMSE",0.423115357809162,NA,"types_mixed",100,1,"continuous"
"freq","c2","zRMSE",0.339478543873078,NA,"types_mixed",100,1,"continuous"
"freq","cnt","zRMSE",1.31465156793547,NA,"types_mixed",100,1,"count"
"freq","prp","zRMSE",0.60793379133232,NA,"types_mixed",100,1,"proportion"
"freq","bin","accuracy",0.866666666666667,NA,"types_mixed",100,1,"binary"
"freq","ord","accuracy",0.666666666666667,NA,"types_mixed",100,1,"ordinal"
"freq","cat3","accuracy",0.633333333333333,NA,"types_mixed",100,1,"categorical"
"bace","c1","zRMSE",0.499242702257509,NA,"types_mixed",100,1,"continuous"
"bace","c2","zRMSE",0.337229728164918,NA,"types_mixed",100,1,"continuous"
"bace","cnt","zRMSE",1.37142705354768,NA,"types_mixed",100,1,"count"
"bace","prp","zRMSE",0.628618111752693,NA,"types_mixed",100,1,"proportion"
"bace","bin","accuracy",0.8,NA,"types_mixed",100,1,"binary"
"bace","ord","accuracy",0.633333333333333,NA,"types_mixed",100,1,"ordinal"
"bace","cat3","accuracy",0.633333333333333,NA,"types_mixed",100,1,"categorical"
"floor","c1","zRMSE",1.08967470989832,NA,"types_mixed",100,1,"continuous"
"floor","c2","zRMSE",1.08672852206924,NA,"types_mixed",100,1,"continuous"
"floor","cnt","zRMSE",1.37419082295869,NA,"types_mixed",100,1,"count"
"floor","prp","zRMSE",0.957991667578153,NA,"types_mixed",100,1,"proportion"
"floor","bin","accuracy",0.433333333333333,NA,"types_mixed",100,1,"binary"
"floor","ord","accuracy",0.166666666666667,NA,"types_mixed",100,1,"ordinal"
"floor","cat3","accuracy",0.2,NA,"types_mixed",100,1,"categorical"
"gnn_on","c1","zRMSE",0.66723157674511,0.733333333333333,"types_mixed",100,2,"continuous"
"gnn_on","c2","zRMSE",0.525458190309643,0.866666666666667,"types_mixed",100,2,"continuous"
"gnn_on","cnt","zRMSE",0.659969094829719,1,"types_mixed",100,2,"count"
"gnn_on","prp","zRMSE",0.727538306440566,0.6,"types_mixed",100,2,"proportion"
"gnn_on","bin","accuracy",0.9,NA,"types_mixed",100,2,"binary"
"gnn_on","ord","accuracy",0.633333333333333,NA,"types_mixed",100,2,"ordinal"
"gnn_on","cat3","accuracy",0.7,NA,"types_mixed",100,2,"categorical"
"gnn_on_full","c1","zRMSE",0.634518613349829,0.766666666666667,"types_mixed",100,2,"continuous"
"gnn_on_full","c2","zRMSE",0.503457976616213,0.833333333333333,"types_mixed",100,2,"continuous"
"gnn_on_full","cnt","zRMSE",0.55026572106554,1,"types_mixed",100,2,"count"
"gnn_on_full","prp","zRMSE",0.787972509563879,0.6,"types_mixed",100,2,"proportion"
"gnn_on_full","bin","accuracy",0.833333333333333,NA,"types_mixed",100,2,"binary"
"gnn_on_full","ord","accuracy",0.733333333333333,NA,"types_mixed",100,2,"ordinal"
"gnn_on_full","cat3","accuracy",0.733333333333333,NA,"types_mixed",100,2,"categorical"
"gnn_off","c1","zRMSE",0.634518618505809,0.766666666666667,"types_mixed",100,2,"continuous"
"gnn_off","c2","zRMSE",0.503457991409557,0.833333333333333,"types_mixed",100,2,"continuous"
"gnn_off","cnt","zRMSE",0.55026572106554,1,"types_mixed",100,2,"count"
"gnn_off","prp","zRMSE",0.839728420233659,0.566666666666667,"types_mixed",100,2,"proportion"
"gnn_off","bin","accuracy",0.833333333333333,NA,"types_mixed",100,2,"binary"
"gnn_off","ord","accuracy",0.733333333333333,NA,"types_mixed",100,2,"ordinal"
"gnn_off","cat3","accuracy",0.733333333333333,NA,"types_mixed",100,2,"categorical"
"gnn_off_pure","c1","zRMSE",0.634518618505809,0.766666666666667,"types_mixed",100,2,"continuous"
"gnn_off_pure","c2","zRMSE",0.503457991409557,0.833333333333333,"types_mixed",100,2,"continuous"
"gnn_off_pure","cnt","zRMSE",0.55026572106554,1,"types_mixed",100,2,"count"
"gnn_off_pure","prp","zRMSE",0.664446835518712,0.933333333333333,"types_mixed",100,2,"proportion"
"gnn_off_pure","bin","accuracy",0.833333333333333,NA,"types_mixed",100,2,"binary"
"gnn_off_pure","ord","accuracy",0.733333333333333,NA,"types_mixed",100,2,"ordinal"
"gnn_off_pure","cat3","accuracy",0.733333333333333,NA,"types_mixed",100,2,"categorical"
"freq","c1","zRMSE",0.626086775941454,NA,"types_mixed",100,2,"continuous"
"freq","c2","zRMSE",0.5140769378416,NA,"types_mixed",100,2,"continuous"
"freq","cnt","zRMSE",0.809109190179448,NA,"types_mixed",100,2,"count"
"freq","prp","zRMSE",0.682483582203153,NA,"types_mixed",100,2,"proportion"
"freq","bin","accuracy",0.833333333333333,NA,"types_mixed",100,2,"binary"
"freq","ord","accuracy",0.7,NA,"types_mixed",100,2,"ordinal"
"freq","cat3","accuracy",0.733333333333333,NA,"types_mixed",100,2,"categorical"
"bace","c1","zRMSE",0.751410061969735,NA,"types_mixed",100,2,"continuous"
"bace","c2","zRMSE",0.684967525038202,NA,"types_mixed",100,2,"continuous"
"bace","cnt","zRMSE",0.776843386435185,NA,"types_mixed",100,2,"count"
"bace","prp","zRMSE",0.706712968854821,NA,"types_mixed",100,2,"proportion"
"bace","bin","accuracy",0.733333333333333,NA,"types_mixed",100,2,"binary"
"bace","ord","accuracy",0.533333333333333,NA,"types_mixed",100,2,"ordinal"
"bace","cat3","accuracy",0.8,NA,"types_mixed",100,2,"categorical"
"floor","c1","zRMSE",1.15060197737769,NA,"types_mixed",100,2,"continuous"
"floor","c2","zRMSE",1.07581565102118,NA,"types_mixed",100,2,"continuous"
"floor","cnt","zRMSE",0.951426511182267,NA,"types_mixed",100,2,"count"
"floor","prp","zRMSE",1.34516565984238,NA,"types_mixed",100,2,"proportion"
"floor","bin","accuracy",0.466666666666667,NA,"types_mixed",100,2,"binary"
"floor","ord","accuracy",0.2,NA,"types_mixed",100,2,"ordinal"
"floor","cat3","accuracy",0.266666666666667,NA,"types_mixed",100,2,"categorical"
"gnn_on","c1","zRMSE",0.116596805090636,0.933333333333333,"types_mixed",100,3,"continuous"
"gnn_on","c2","zRMSE",0.181933778732076,0.966666666666667,"types_mixed",100,3,"continuous"
"gnn_on","cnt","zRMSE",0.664714022773851,0.833333333333333,"types_mixed",100,3,"count"
"gnn_on","prp","zRMSE",0.348020326066316,1,"types_mixed",100,3,"proportion"
"gnn_on","bin","accuracy",0.9,NA,"types_mixed",100,3,"binary"
"gnn_on","ord","accuracy",0.666666666666667,NA,"types_mixed",100,3,"ordinal"
"gnn_on","cat3","accuracy",0.866666666666667,NA,"types_mixed",100,3,"categorical"
"gnn_on_full","c1","zRMSE",0.102858839859201,0.966666666666667,"types_mixed",100,3,"continuous"
"gnn_on_full","c2","zRMSE",0.180376230765061,0.966666666666667,"types_mixed",100,3,"continuous"
"gnn_on_full","cnt","zRMSE",0.657720927959067,0.9,"types_mixed",100,3,"count"
"gnn_on_full","prp","zRMSE",0.284283321201497,1,"types_mixed",100,3,"proportion"
"gnn_on_full","bin","accuracy",0.933333333333333,NA,"types_mixed",100,3,"binary"
"gnn_on_full","ord","accuracy",0.666666666666667,NA,"types_mixed",100,3,"ordinal"
"gnn_on_full","cat3","accuracy",0.866666666666667,NA,"types_mixed",100,3,"categorical"
"gnn_off","c1","zRMSE",0.102858837195217,0.966666666666667,"types_mixed",100,3,"continuous"
"gnn_off","c2","zRMSE",0.180376233599642,0.966666666666667,"types_mixed",100,3,"continuous"
"gnn_off","cnt","zRMSE",0.657720927959067,0.9,"types_mixed",100,3,"count"
"gnn_off","prp","zRMSE",0.284283321731065,1,"types_mixed",100,3,"proportion"
"gnn_off","bin","accuracy",0.933333333333333,NA,"types_mixed",100,3,"binary"
"gnn_off","ord","accuracy",0.666666666666667,NA,"types_mixed",100,3,"ordinal"
"gnn_off","cat3","accuracy",0.866666666666667,NA,"types_mixed",100,3,"categorical"
"gnn_off_pure","c1","zRMSE",0.102858837195217,0.966666666666667,"types_mixed",100,3,"continuous"
"gnn_off_pure","c2","zRMSE",0.180376233599642,0.966666666666667,"types_mixed",100,3,"continuous"
"gnn_off_pure","cnt","zRMSE",0.657720927959067,0.9,"types_mixed",100,3,"count"
"gnn_off_pure","prp","zRMSE",0.284283321731065,1,"types_mixed",100,3,"proportion"
"gnn_off_pure","bin","accuracy",0.933333333333333,NA,"types_mixed",100,3,"binary"
"gnn_off_pure","ord","accuracy",0.666666666666667,NA,"types_mixed",100,3,"ordinal"
"gnn_off_pure","cat3","accuracy",0.866666666666667,NA,"types_mixed",100,3,"categorical"
"freq","c1","zRMSE",0.103377702601036,NA,"types_mixed",100,3,"continuous"
"freq","c2","zRMSE",0.178968343899038,NA,"types_mixed",100,3,"continuous"
"freq","cnt","zRMSE",0.737966720946717,NA,"types_mixed",100,3,"count"
"freq","prp","zRMSE",0.422908370166527,NA,"types_mixed",100,3,"proportion"
"freq","bin","accuracy",0.933333333333333,NA,"types_mixed",100,3,"binary"
"freq","ord","accuracy",0.666666666666667,NA,"types_mixed",100,3,"ordinal"
"freq","cat3","accuracy",0.866666666666667,NA,"types_mixed",100,3,"categorical"
"bace","c1","zRMSE",0.136607717956341,NA,"types_mixed",100,3,"continuous"
"bace","c2","zRMSE",0.189838131784278,NA,"types_mixed",100,3,"continuous"
"bace","cnt","zRMSE",0.778621907114483,NA,"types_mixed",100,3,"count"
"bace","prp","zRMSE",0.484941857651699,NA,"types_mixed",100,3,"proportion"
"bace","bin","accuracy",0.933333333333333,NA,"types_mixed",100,3,"binary"
"bace","ord","accuracy",0.466666666666667,NA,"types_mixed",100,3,"ordinal"
"bace","cat3","accuracy",0.866666666666667,NA,"types_mixed",100,3,"categorical"
"floor","c1","zRMSE",0.892219300448579,NA,"types_mixed",100,3,"continuous"
"floor","c2","zRMSE",1.06651671742861,NA,"types_mixed",100,3,"continuous"
"floor","cnt","zRMSE",1.00088209690241,NA,"types_mixed",100,3,"count"
"floor","prp","zRMSE",1.01537026323797,NA,"types_mixed",100,3,"proportion"
"floor","bin","accuracy",0.466666666666667,NA,"types_mixed",100,3,"binary"
"floor","ord","accuracy",0.2,NA,"types_mixed",100,3,"ordinal"
"floor","cat3","accuracy",0.3,NA,"types_mixed",100,3,"categorical"
"gnn_on","c1","zRMSE",0.166753581576744,0.9,"types_mixed",100,4,"continuous"
"gnn_on","c2","zRMSE",0.35149485725514,0.6,"types_mixed",100,4,"continuous"
"gnn_on","cnt","zRMSE",1.23877004772307,0.733333333333333,"types_mixed",100,4,"count"
"gnn_on","prp","zRMSE",0.350182463394841,0.8,"types_mixed",100,4,"proportion"
"gnn_on","bin","accuracy",0.9,NA,"types_mixed",100,4,"binary"
"gnn_on","ord","accuracy",0.866666666666667,NA,"types_mixed",100,4,"ordinal"
"gnn_on","cat3","accuracy",0.933333333333333,NA,"types_mixed",100,4,"categorical"
"gnn_on_full","c1","zRMSE",0.16833377381087,0.933333333333333,"types_mixed",100,4,"continuous"
"gnn_on_full","c2","zRMSE",0.336558149150506,0.566666666666667,"types_mixed",100,4,"continuous"
"gnn_on_full","cnt","zRMSE",1.27689493815341,0.733333333333333,"types_mixed",100,4,"count"
"gnn_on_full","prp","zRMSE",0.40542295047026,0.8,"types_mixed",100,4,"proportion"
"gnn_on_full","bin","accuracy",0.9,NA,"types_mixed",100,4,"binary"
"gnn_on_full","ord","accuracy",0.966666666666667,NA,"types_mixed",100,4,"ordinal"
"gnn_on_full","cat3","accuracy",0.9,NA,"types_mixed",100,4,"categorical"
"gnn_off","c1","zRMSE",0.168333780535537,0.933333333333333,"types_mixed",100,4,"continuous"
"gnn_off","c2","zRMSE",0.336558149252141,0.566666666666667,"types_mixed",100,4,"continuous"
"gnn_off","cnt","zRMSE",1.14488536977661,0.766666666666667,"types_mixed",100,4,"count"
"gnn_off","prp","zRMSE",0.405422958900699,0.8,"types_mixed",100,4,"proportion"
"gnn_off","bin","accuracy",0.9,NA,"types_mixed",100,4,"binary"
"gnn_off","ord","accuracy",0.966666666666667,NA,"types_mixed",100,4,"ordinal"
"gnn_off","cat3","accuracy",0.9,NA,"types_mixed",100,4,"categorical"
"gnn_off_pure","c1","zRMSE",0.168333780535537,0.933333333333333,"types_mixed",100,4,"continuous"
"gnn_off_pure","c2","zRMSE",0.336558149252141,0.566666666666667,"types_mixed",100,4,"continuous"
"gnn_off_pure","cnt","zRMSE",1.27689493815341,0.733333333333333,"types_mixed",100,4,"count"
"gnn_off_pure","prp","zRMSE",0.37874058738152,0.733333333333333,"types_mixed",100,4,"proportion"
"gnn_off_pure","bin","accuracy",0.9,NA,"types_mixed",100,4,"binary"
"gnn_off_pure","ord","accuracy",0.966666666666667,NA,"types_mixed",100,4,"ordinal"
"gnn_off_pure","cat3","accuracy",0.9,NA,"types_mixed",100,4,"categorical"
"freq","c1","zRMSE",0.168683980664274,NA,"types_mixed",100,4,"continuous"
"freq","c2","zRMSE",0.3317639815017,NA,"types_mixed",100,4,"continuous"
"freq","cnt","zRMSE",4.32059336284953,NA,"types_mixed",100,4,"count"
"freq","prp","zRMSE",0.320498753250253,NA,"types_mixed",100,4,"proportion"
"freq","bin","accuracy",0.933333333333333,NA,"types_mixed",100,4,"binary"
"freq","ord","accuracy",0.933333333333333,NA,"types_mixed",100,4,"ordinal"
"freq","cat3","accuracy",0.9,NA,"types_mixed",100,4,"categorical"
"bace","c1","zRMSE",0.208093812507948,NA,"types_mixed",100,4,"continuous"
"bace","c2","zRMSE",0.479364379906814,NA,"types_mixed",100,4,"continuous"
"bace","cnt","zRMSE",1.55875146061361,NA,"types_mixed",100,4,"count"
"bace","prp","zRMSE",0.414966467053452,NA,"types_mixed",100,4,"proportion"
"bace","bin","accuracy",0.866666666666667,NA,"types_mixed",100,4,"binary"
"bace","ord","accuracy",0.833333333333333,NA,"types_mixed",100,4,"ordinal"
"bace","cat3","accuracy",0.9,NA,"types_mixed",100,4,"categorical"
"floor","c1","zRMSE",0.942242744766149,NA,"types_mixed",100,4,"continuous"
"floor","c2","zRMSE",0.765327747242166,NA,"types_mixed",100,4,"continuous"
"floor","cnt","zRMSE",1.06118825087786,NA,"types_mixed",100,4,"count"
"floor","prp","zRMSE",1.14245861126963,NA,"types_mixed",100,4,"proportion"
"floor","bin","accuracy",0.333333333333333,NA,"types_mixed",100,4,"binary"
"floor","ord","accuracy",0.2,NA,"types_mixed",100,4,"ordinal"
"floor","cat3","accuracy",0.266666666666667,NA,"types_mixed",100,4,"categorical"
"gnn_on","c1","zRMSE",0.443516564669545,0.533333333333333,"types_mixed",100,5,"continuous"
"gnn_on","c2","zRMSE",0.147971229056604,1,"types_mixed",100,5,"continuous"
"gnn_on","cnt","zRMSE",0.566001078020565,0.9,"types_mixed",100,5,"count"
"gnn_on","prp","zRMSE",0.610072356776145,0.7,"types_mixed",100,5,"proportion"
"gnn_on","bin","accuracy",0.966666666666667,NA,"types_mixed",100,5,"binary"
"gnn_on","ord","accuracy",0.733333333333333,NA,"types_mixed",100,5,"ordinal"
"gnn_on","cat3","accuracy",0.833333333333333,NA,"types_mixed",100,5,"categorical"
"gnn_on_full","c1","zRMSE",0.460911919931096,0.5,"types_mixed",100,5,"continuous"
"gnn_on_full","c2","zRMSE",0.122400198004204,1,"types_mixed",100,5,"continuous"
"gnn_on_full","cnt","zRMSE",0.534262823921756,0.933333333333333,"types_mixed",100,5,"count"
"gnn_on_full","prp","zRMSE",0.613367165751309,0.666666666666667,"types_mixed",100,5,"proportion"
"gnn_on_full","bin","accuracy",1,NA,"types_mixed",100,5,"binary"
"gnn_on_full","ord","accuracy",0.766666666666667,NA,"types_mixed",100,5,"ordinal"
"gnn_on_full","cat3","accuracy",0.866666666666667,NA,"types_mixed",100,5,"categorical"
"gnn_off","c1","zRMSE",0.460911918362741,0.5,"types_mixed",100,5,"continuous"
"gnn_off","c2","zRMSE",0.122400210520517,1,"types_mixed",100,5,"continuous"
"gnn_off","cnt","zRMSE",0.737254690103246,0.933333333333333,"types_mixed",100,5,"count"
"gnn_off","prp","zRMSE",0.613367158200398,0.666666666666667,"types_mixed",100,5,"proportion"
"gnn_off","bin","accuracy",1,NA,"types_mixed",100,5,"binary"
"gnn_off","ord","accuracy",0.766666666666667,NA,"types_mixed",100,5,"ordinal"
"gnn_off","cat3","accuracy",0.866666666666667,NA,"types_mixed",100,5,"categorical"
"gnn_off_pure","c1","zRMSE",0.298159608665404,0.766666666666667,"types_mixed",100,5,"continuous"
"gnn_off_pure","c2","zRMSE",0.122400210520517,1,"types_mixed",100,5,"continuous"
"gnn_off_pure","cnt","zRMSE",0.737254690103246,0.933333333333333,"types_mixed",100,5,"count"
"gnn_off_pure","prp","zRMSE",0.613367158200398,0.666666666666667,"types_mixed",100,5,"proportion"
"gnn_off_pure","bin","accuracy",1,NA,"types_mixed",100,5,"binary"
"gnn_off_pure","ord","accuracy",0.766666666666667,NA,"types_mixed",100,5,"ordinal"
"gnn_off_pure","cat3","accuracy",0.866666666666667,NA,"types_mixed",100,5,"categorical"
"freq","c1","zRMSE",0.300848605590963,NA,"types_mixed",100,5,"continuous"
"freq","c2","zRMSE",0.122254950632244,NA,"types_mixed",100,5,"continuous"
"freq","cnt","zRMSE",1.45184528783916,NA,"types_mixed",100,5,"count"
"freq","prp","zRMSE",0.74466377821183,NA,"types_mixed",100,5,"proportion"
"freq","bin","accuracy",0.966666666666667,NA,"types_mixed",100,5,"binary"
"freq","ord","accuracy",0.733333333333333,NA,"types_mixed",100,5,"ordinal"
"freq","cat3","accuracy",0.866666666666667,NA,"types_mixed",100,5,"categorical"
"bace","c1","zRMSE",0.336214271232489,NA,"types_mixed",100,5,"continuous"
"bace","c2","zRMSE",0.20973883967758,NA,"types_mixed",100,5,"continuous"
"bace","cnt","zRMSE",1.17219623009475,NA,"types_mixed",100,5,"count"
"bace","prp","zRMSE",0.666122841750479,NA,"types_mixed",100,5,"proportion"
"bace","bin","accuracy",0.966666666666667,NA,"types_mixed",100,5,"binary"
"bace","ord","accuracy",0.633333333333333,NA,"types_mixed",100,5,"ordinal"
"bace","cat3","accuracy",0.666666666666667,NA,"types_mixed",100,5,"categorical"
"floor","c1","zRMSE",1.20998200861145,NA,"types_mixed",100,5,"continuous"
"floor","c2","zRMSE",1.27311994815995,NA,"types_mixed",100,5,"continuous"
"floor","cnt","zRMSE",0.825365219851986,NA,"types_mixed",100,5,"count"
"floor","prp","zRMSE",0.942759061146829,NA,"types_mixed",100,5,"proportion"
"floor","bin","accuracy",0.5,NA,"types_mixed",100,5,"binary"
"floor","ord","accuracy",0.2,NA,"types_mixed",100,5,"ordinal"
"floor","cat3","accuracy",0.2,NA,"types_mixed",100,5,"categorical"
"gnn_on","c1","zRMSE",0.115126975334437,0.922222222222222,"types_mixed",300,1,"continuous"
"gnn_on","c2","zRMSE",0.0909530767331647,1,"types_mixed",300,1,"continuous"
"gnn_on","cnt","zRMSE",0.392474207973853,0.922222222222222,"types_mixed",300,1,"count"
"gnn_on","prp","zRMSE",0.353365688466498,0.811111111111111,"types_mixed",300,1,"proportion"
"gnn_on","bin","accuracy",0.855555555555556,NA,"types_mixed",300,1,"binary"
"gnn_on","ord","accuracy",0.822222222222222,NA,"types_mixed",300,1,"ordinal"
"gnn_on","cat3","accuracy",0.877777777777778,NA,"types_mixed",300,1,"categorical"
"gnn_on_full","c1","zRMSE",0.11223774550043,0.933333333333333,"types_mixed",300,1,"continuous"
"gnn_on_full","c2","zRMSE",0.0898989383337868,1,"types_mixed",300,1,"continuous"
"gnn_on_full","cnt","zRMSE",0.391132411882313,0.944444444444444,"types_mixed",300,1,"count"
"gnn_on_full","prp","zRMSE",0.361253338262027,0.8,"types_mixed",300,1,"proportion"
"gnn_on_full","bin","accuracy",0.866666666666667,NA,"types_mixed",300,1,"binary"
"gnn_on_full","ord","accuracy",0.877777777777778,NA,"types_mixed",300,1,"ordinal"
"gnn_on_full","cat3","accuracy",0.855555555555556,NA,"types_mixed",300,1,"categorical"
"gnn_off","c1","zRMSE",0.112237742685331,0.933333333333333,"types_mixed",300,1,"continuous"
"gnn_off","c2","zRMSE",0.0898989349204219,1,"types_mixed",300,1,"continuous"
"gnn_off","cnt","zRMSE",0.410708004844958,0.944444444444444,"types_mixed",300,1,"count"
"gnn_off","prp","zRMSE",0.361253337717086,0.8,"types_mixed",300,1,"proportion"
"gnn_off","bin","accuracy",0.866666666666667,NA,"types_mixed",300,1,"binary"
"gnn_off","ord","accuracy",0.877777777777778,NA,"types_mixed",300,1,"ordinal"
"gnn_off","cat3","accuracy",0.855555555555556,NA,"types_mixed",300,1,"categorical"
"gnn_off_pure","c1","zRMSE",0.112237742685331,0.933333333333333,"types_mixed",300,1,"continuous"
"gnn_off_pure","c2","zRMSE",0.0898989349204219,1,"types_mixed",300,1,"continuous"
"gnn_off_pure","cnt","zRMSE",0.286148411404035,0.955555555555556,"types_mixed",300,1,"count"
"gnn_off_pure","prp","zRMSE",0.361253337717086,0.8,"types_mixed",300,1,"proportion"
"gnn_off_pure","bin","accuracy",0.866666666666667,NA,"types_mixed",300,1,"binary"
"gnn_off_pure","ord","accuracy",0.877777777777778,NA,"types_mixed",300,1,"ordinal"
"gnn_off_pure","cat3","accuracy",0.855555555555556,NA,"types_mixed",300,1,"categorical"
"freq","c1","zRMSE",0.111899034145699,NA,"types_mixed",300,1,"continuous"
"freq","c2","zRMSE",0.0909220706091551,NA,"types_mixed",300,1,"continuous"
"freq","cnt","zRMSE",0.273479746092494,NA,"types_mixed",300,1,"count"
"freq","prp","zRMSE",0.362475095075854,NA,"types_mixed",300,1,"proportion"
"freq","bin","accuracy",0.866666666666667,NA,"types_mixed",300,1,"binary"
"freq","ord","accuracy",0.877777777777778,NA,"types_mixed",300,1,"ordinal"
"freq","cat3","accuracy",0.866666666666667,NA,"types_mixed",300,1,"categorical"
"bace","c1","zRMSE",0.131550493485677,NA,"types_mixed",300,1,"continuous"
"bace","c2","zRMSE",0.124018239449848,NA,"types_mixed",300,1,"continuous"
"bace","cnt","zRMSE",0.341518330990115,NA,"types_mixed",300,1,"count"
"bace","prp","zRMSE",0.321589057530851,NA,"types_mixed",300,1,"proportion"
"bace","bin","accuracy",0.922222222222222,NA,"types_mixed",300,1,"binary"
"bace","ord","accuracy",0.811111111111111,NA,"types_mixed",300,1,"ordinal"
"bace","cat3","accuracy",0.844444444444444,NA,"types_mixed",300,1,"categorical"
"floor","c1","zRMSE",0.93174092128838,NA,"types_mixed",300,1,"continuous"
"floor","c2","zRMSE",0.956556004150566,NA,"types_mixed",300,1,"continuous"
"floor","cnt","zRMSE",1.07102718555534,NA,"types_mixed",300,1,"count"
"floor","prp","zRMSE",1.08796875946147,NA,"types_mixed",300,1,"proportion"
"floor","bin","accuracy",0.488888888888889,NA,"types_mixed",300,1,"binary"
"floor","ord","accuracy",0.2,NA,"types_mixed",300,1,"ordinal"
"floor","cat3","accuracy",0.311111111111111,NA,"types_mixed",300,1,"categorical"
"gnn_on","c1","zRMSE",0.241920991157251,0.977777777777778,"types_mixed",300,2,"continuous"
"gnn_on","c2","zRMSE",0.393952259675804,0.966666666666667,"types_mixed",300,2,"continuous"
"gnn_on","cnt","zRMSE",0.984993390726256,0.933333333333333,"types_mixed",300,2,"count"
"gnn_on","prp","zRMSE",0.531553667121044,0.977777777777778,"types_mixed",300,2,"proportion"
"gnn_on","bin","accuracy",0.933333333333333,NA,"types_mixed",300,2,"binary"
"gnn_on","ord","accuracy",0.855555555555556,NA,"types_mixed",300,2,"ordinal"
"gnn_on","cat3","accuracy",0.777777777777778,NA,"types_mixed",300,2,"categorical"
"gnn_on_full","c1","zRMSE",0.232840622868555,0.977777777777778,"types_mixed",300,2,"continuous"
"gnn_on_full","c2","zRMSE",0.284628808331911,1,"types_mixed",300,2,"continuous"
"gnn_on_full","cnt","zRMSE",0.973370642870125,0.922222222222222,"types_mixed",300,2,"count"
"gnn_on_full","prp","zRMSE",0.551015962930385,0.977777777777778,"types_mixed",300,2,"proportion"
"gnn_on_full","bin","accuracy",0.944444444444444,NA,"types_mixed",300,2,"binary"
"gnn_on_full","ord","accuracy",0.888888888888889,NA,"types_mixed",300,2,"ordinal"
"gnn_on_full","cat3","accuracy",0.777777777777778,NA,"types_mixed",300,2,"categorical"
"gnn_off","c1","zRMSE",0.232840623426736,0.977777777777778,"types_mixed",300,2,"continuous"
"gnn_off","c2","zRMSE",0.284628812108013,1,"types_mixed",300,2,"continuous"
"gnn_off","cnt","zRMSE",0.973370642870125,0.922222222222222,"types_mixed",300,2,"count"
"gnn_off","prp","zRMSE",0.551015966806129,0.977777777777778,"types_mixed",300,2,"proportion"
"gnn_off","bin","accuracy",0.944444444444444,NA,"types_mixed",300,2,"binary"
"gnn_off","ord","accuracy",0.888888888888889,NA,"types_mixed",300,2,"ordinal"
"gnn_off","cat3","accuracy",0.777777777777778,NA,"types_mixed",300,2,"categorical"
"gnn_off_pure","c1","zRMSE",0.232840623426736,0.977777777777778,"types_mixed",300,2,"continuous"
"gnn_off_pure","c2","zRMSE",0.284628812108013,1,"types_mixed",300,2,"continuous"
"gnn_off_pure","cnt","zRMSE",0.973370642870125,0.922222222222222,"types_mixed",300,2,"count"
"gnn_off_pure","prp","zRMSE",0.551015966806129,0.977777777777778,"types_mixed",300,2,"proportion"
"gnn_off_pure","bin","accuracy",0.944444444444444,NA,"types_mixed",300,2,"binary"
"gnn_off_pure","ord","accuracy",0.888888888888889,NA,"types_mixed",300,2,"ordinal"
"gnn_off_pure","cat3","accuracy",0.777777777777778,NA,"types_mixed",300,2,"categorical"
"freq","c1","zRMSE",0.231367581416048,NA,"types_mixed",300,2,"continuous"
"freq","c2","zRMSE",0.284053763055027,NA,"types_mixed",300,2,"continuous"
"freq","cnt","zRMSE",0.963206898676718,NA,"types_mixed",300,2,"count"
"freq","prp","zRMSE",0.608027766667299,NA,"types_mixed",300,2,"proportion"
"freq","bin","accuracy",0.933333333333333,NA,"types_mixed",300,2,"binary"
"freq","ord","accuracy",0.855555555555556,NA,"types_mixed",300,2,"ordinal"
"freq","cat3","accuracy",0.788888888888889,NA,"types_mixed",300,2,"categorical"
"bace","c1","zRMSE",0.291515389206059,NA,"types_mixed",300,2,"continuous"
"bace","c2","zRMSE",0.236055100409566,NA,"types_mixed",300,2,"continuous"
"bace","cnt","zRMSE",0.898116465460311,NA,"types_mixed",300,2,"count"
"bace","prp","zRMSE",0.5254277593892,NA,"types_mixed",300,2,"proportion"
"bace","bin","accuracy",0.911111111111111,NA,"types_mixed",300,2,"binary"
"bace","ord","accuracy",0.844444444444444,NA,"types_mixed",300,2,"ordinal"
"bace","cat3","accuracy",0.755555555555556,NA,"types_mixed",300,2,"categorical"
"floor","c1","zRMSE",1.04389146466098,NA,"types_mixed",300,2,"continuous"
"floor","c2","zRMSE",0.962740019345444,NA,"types_mixed",300,2,"continuous"
"floor","cnt","zRMSE",1.08935248945839,NA,"types_mixed",300,2,"count"
"floor","prp","zRMSE",0.948822087520233,NA,"types_mixed",300,2,"proportion"
"floor","bin","accuracy",0.444444444444444,NA,"types_mixed",300,2,"binary"
"floor","ord","accuracy",0.166666666666667,NA,"types_mixed",300,2,"ordinal"
"floor","cat3","accuracy",0.266666666666667,NA,"types_mixed",300,2,"categorical"
"gnn_on","c1","zRMSE",0.164919096357405,1,"types_mixed",300,3,"continuous"
"gnn_on","c2","zRMSE",0.257518087996566,1,"types_mixed",300,3,"continuous"
"gnn_on","cnt","zRMSE",0.528162149505531,1,"types_mixed",300,3,"count"
"gnn_on","prp","zRMSE",0.404201720851315,1,"types_mixed",300,3,"proportion"
"gnn_on","bin","accuracy",0.922222222222222,NA,"types_mixed",300,3,"binary"
"gnn_on","ord","accuracy",0.855555555555556,NA,"types_mixed",300,3,"ordinal"
"gnn_on","cat3","accuracy",0.9,NA,"types_mixed",300,3,"categorical"
"gnn_on_full","c1","zRMSE",0.155886585816661,1,"types_mixed",300,3,"continuous"
"gnn_on_full","c2","zRMSE",0.111669021299652,1,"types_mixed",300,3,"continuous"
"gnn_on_full","cnt","zRMSE",0.536083223672334,1,"types_mixed",300,3,"count"
"gnn_on_full","prp","zRMSE",0.415164862491381,1,"types_mixed",300,3,"proportion"
"gnn_on_full","bin","accuracy",0.911111111111111,NA,"types_mixed",300,3,"binary"
"gnn_on_full","ord","accuracy",0.888888888888889,NA,"types_mixed",300,3,"ordinal"
"gnn_on_full","cat3","accuracy",0.933333333333333,NA,"types_mixed",300,3,"categorical"
"gnn_off","c1","zRMSE",0.155886581970312,1,"types_mixed",300,3,"continuous"
"gnn_off","c2","zRMSE",0.111669021246556,1,"types_mixed",300,3,"continuous"
"gnn_off","cnt","zRMSE",0.636111934776981,0.977777777777778,"types_mixed",300,3,"count"
"gnn_off","prp","zRMSE",0.427358358555792,1,"types_mixed",300,3,"proportion"
"gnn_off","bin","accuracy",0.911111111111111,NA,"types_mixed",300,3,"binary"
"gnn_off","ord","accuracy",0.888888888888889,NA,"types_mixed",300,3,"ordinal"
"gnn_off","cat3","accuracy",0.933333333333333,NA,"types_mixed",300,3,"categorical"
"gnn_off_pure","c1","zRMSE",0.155886581970312,1,"types_mixed",300,3,"continuous"
"gnn_off_pure","c2","zRMSE",0.111669021246556,1,"types_mixed",300,3,"continuous"
"gnn_off_pure","cnt","zRMSE",0.456563337921315,0.988888888888889,"types_mixed",300,3,"count"
"gnn_off_pure","prp","zRMSE",0.415164862310677,1,"types_mixed",300,3,"proportion"
"gnn_off_pure","bin","accuracy",0.911111111111111,NA,"types_mixed",300,3,"binary"
"gnn_off_pure","ord","accuracy",0.888888888888889,NA,"types_mixed",300,3,"ordinal"
"gnn_off_pure","cat3","accuracy",0.933333333333333,NA,"types_mixed",300,3,"categorical"
"freq","c1","zRMSE",0.157844753894101,NA,"types_mixed",300,3,"continuous"
"freq","c2","zRMSE",0.112020296954399,NA,"types_mixed",300,3,"continuous"
"freq","cnt","zRMSE",0.511993034931061,NA,"types_mixed",300,3,"count"
"freq","prp","zRMSE",0.435182646906452,NA,"types_mixed",300,3,"proportion"
"freq","bin","accuracy",0.911111111111111,NA,"types_mixed",300,3,"binary"
"freq","ord","accuracy",0.888888888888889,NA,"types_mixed",300,3,"ordinal"
"freq","cat3","accuracy",0.933333333333333,NA,"types_mixed",300,3,"categorical"
"bace","c1","zRMSE",0.175959693469997,NA,"types_mixed",300,3,"continuous"
"bace","c2","zRMSE",0.123098817465315,NA,"types_mixed",300,3,"continuous"
"bace","cnt","zRMSE",0.559173606584555,NA,"types_mixed",300,3,"count"
"bace","prp","zRMSE",0.423786096827654,NA,"types_mixed",300,3,"proportion"
"bace","bin","accuracy",0.911111111111111,NA,"types_mixed",300,3,"binary"
"bace","ord","accuracy",0.833333333333333,NA,"types_mixed",300,3,"ordinal"
"bace","cat3","accuracy",0.933333333333333,NA,"types_mixed",300,3,"categorical"
"floor","c1","zRMSE",1.01036972761303,NA,"types_mixed",300,3,"continuous"
"floor","c2","zRMSE",0.935873916255617,NA,"types_mixed",300,3,"continuous"
"floor","cnt","zRMSE",0.968623401394258,NA,"types_mixed",300,3,"count"
"floor","prp","zRMSE",1.03455921583854,NA,"types_mixed",300,3,"proportion"
"floor","bin","accuracy",0.4,NA,"types_mixed",300,3,"binary"
"floor","ord","accuracy",0.211111111111111,NA,"types_mixed",300,3,"ordinal"
"floor","cat3","accuracy",0.266666666666667,NA,"types_mixed",300,3,"categorical"
"gnn_on","c1","zRMSE",0.145273754514537,0.966666666666667,"types_mixed",300,4,"continuous"
"gnn_on","c2","zRMSE",0.0973741624715151,0.955555555555556,"types_mixed",300,4,"continuous"
"gnn_on","cnt","zRMSE",0.27394540027034,0.977777777777778,"types_mixed",300,4,"count"
"gnn_on","prp","zRMSE",0.468425811363555,0.977777777777778,"types_mixed",300,4,"proportion"
"gnn_on","bin","accuracy",0.877777777777778,NA,"types_mixed",300,4,"binary"
"gnn_on","ord","accuracy",0.844444444444444,NA,"types_mixed",300,4,"ordinal"
"gnn_on","cat3","accuracy",0.9,NA,"types_mixed",300,4,"categorical"
"gnn_on_full","c1","zRMSE",0.131294220300005,0.977777777777778,"types_mixed",300,4,"continuous"
"gnn_on_full","c2","zRMSE",0.0846288431468092,0.977777777777778,"types_mixed",300,4,"continuous"
"gnn_on_full","cnt","zRMSE",0.263080059324559,0.988888888888889,"types_mixed",300,4,"count"
"gnn_on_full","prp","zRMSE",0.454114374153723,0.977777777777778,"types_mixed",300,4,"proportion"
"gnn_on_full","bin","accuracy",0.888888888888889,NA,"types_mixed",300,4,"binary"
"gnn_on_full","ord","accuracy",0.9,NA,"types_mixed",300,4,"ordinal"
"gnn_on_full","cat3","accuracy",0.9,NA,"types_mixed",300,4,"categorical"
"gnn_off","c1","zRMSE",0.120483398321976,0.988888888888889,"types_mixed",300,4,"continuous"
"gnn_off","c2","zRMSE",0.0846288401959084,0.977777777777778,"types_mixed",300,4,"continuous"
"gnn_off","cnt","zRMSE",0.263080059324559,0.988888888888889,"types_mixed",300,4,"count"
"gnn_off","prp","zRMSE",0.455364639401067,0.977777777777778,"types_mixed",300,4,"proportion"
"gnn_off","bin","accuracy",0.888888888888889,NA,"types_mixed",300,4,"binary"
"gnn_off","ord","accuracy",0.9,NA,"types_mixed",300,4,"ordinal"
"gnn_off","cat3","accuracy",0.9,NA,"types_mixed",300,4,"categorical"
"gnn_off_pure","c1","zRMSE",0.120483398321976,0.988888888888889,"types_mixed",300,4,"continuous"
"gnn_off_pure","c2","zRMSE",0.0846288401959084,0.977777777777778,"types_mixed",300,4,"continuous"
"gnn_off_pure","cnt","zRMSE",0.266959576378945,0.988888888888889,"types_mixed",300,4,"count"
"gnn_off_pure","prp","zRMSE",0.455364639401067,0.977777777777778,"types_mixed",300,4,"proportion"
"gnn_off_pure","bin","accuracy",0.888888888888889,NA,"types_mixed",300,4,"binary"
"gnn_off_pure","ord","accuracy",0.9,NA,"types_mixed",300,4,"ordinal"
"gnn_off_pure","cat3","accuracy",0.9,NA,"types_mixed",300,4,"categorical"
"freq","c1","zRMSE",0.120359148992543,NA,"types_mixed",300,4,"continuous"
"freq","c2","zRMSE",0.0847412458702739,NA,"types_mixed",300,4,"continuous"
"freq","cnt","zRMSE",0.753569875620972,NA,"types_mixed",300,4,"count"
"freq","prp","zRMSE",0.471655033435552,NA,"types_mixed",300,4,"proportion"
"freq","bin","accuracy",0.888888888888889,NA,"types_mixed",300,4,"binary"
"freq","ord","accuracy",0.888888888888889,NA,"types_mixed",300,4,"ordinal"
"freq","cat3","accuracy",0.877777777777778,NA,"types_mixed",300,4,"categorical"
"bace","c1","zRMSE",0.131293240025921,NA,"types_mixed",300,4,"continuous"
"bace","c2","zRMSE",0.102365025335844,NA,"types_mixed",300,4,"continuous"
"bace","cnt","zRMSE",0.353371985224264,NA,"types_mixed",300,4,"count"
"bace","prp","zRMSE",0.582877229552616,NA,"types_mixed",300,4,"proportion"
"bace","bin","accuracy",0.866666666666667,NA,"types_mixed",300,4,"binary"
"bace","ord","accuracy",0.855555555555556,NA,"types_mixed",300,4,"ordinal"
"bace","cat3","accuracy",0.822222222222222,NA,"types_mixed",300,4,"categorical"
"floor","c1","zRMSE",1.18337665385091,NA,"types_mixed",300,4,"continuous"
"floor","c2","zRMSE",1.0671018862538,NA,"types_mixed",300,4,"continuous"
"floor","cnt","zRMSE",0.690369462223998,NA,"types_mixed",300,4,"count"
"floor","prp","zRMSE",0.993274120750495,NA,"types_mixed",300,4,"proportion"
"floor","bin","accuracy",0.488888888888889,NA,"types_mixed",300,4,"binary"
"floor","ord","accuracy",0.211111111111111,NA,"types_mixed",300,4,"ordinal"
"floor","cat3","accuracy",0.222222222222222,NA,"types_mixed",300,4,"categorical"
"gnn_on","c1","zRMSE",0.148926483556437,0.988888888888889,"types_mixed",300,5,"continuous"
"gnn_on","c2","zRMSE",0.23852471382399,0.977777777777778,"types_mixed",300,5,"continuous"
"gnn_on","cnt","zRMSE",0.427563502762516,0.944444444444444,"types_mixed",300,5,"count"
"gnn_on","prp","zRMSE",0.507924676552103,0.955555555555556,"types_mixed",300,5,"proportion"
"gnn_on","bin","accuracy",0.977777777777778,NA,"types_mixed",300,5,"binary"
"gnn_on","ord","accuracy",0.877777777777778,NA,"types_mixed",300,5,"ordinal"
"gnn_on","cat3","accuracy",0.933333333333333,NA,"types_mixed",300,5,"categorical"
"gnn_on_full","c1","zRMSE",0.14140393232176,0.988888888888889,"types_mixed",300,5,"continuous"
"gnn_on_full","c2","zRMSE",0.200174549598082,0.988888888888889,"types_mixed",300,5,"continuous"
"gnn_on_full","cnt","zRMSE",0.459867988437311,0.944444444444444,"types_mixed",300,5,"count"
"gnn_on_full","prp","zRMSE",0.461717381416657,0.977777777777778,"types_mixed",300,5,"proportion"
"gnn_on_full","bin","accuracy",0.977777777777778,NA,"types_mixed",300,5,"binary"
"gnn_on_full","ord","accuracy",0.911111111111111,NA,"types_mixed",300,5,"ordinal"
"gnn_on_full","cat3","accuracy",0.933333333333333,NA,"types_mixed",300,5,"categorical"
"gnn_off","c1","zRMSE",0.140910639809872,0.988888888888889,"types_mixed",300,5,"continuous"
"gnn_off","c2","zRMSE",0.200174548130191,0.988888888888889,"types_mixed",300,5,"continuous"
"gnn_off","cnt","zRMSE",0.459867988437311,0.944444444444444,"types_mixed",300,5,"count"
"gnn_off","prp","zRMSE",0.461717381414772,0.977777777777778,"types_mixed",300,5,"proportion"
"gnn_off","bin","accuracy",0.977777777777778,NA,"types_mixed",300,5,"binary"
"gnn_off","ord","accuracy",0.911111111111111,NA,"types_mixed",300,5,"ordinal"
"gnn_off","cat3","accuracy",0.933333333333333,NA,"types_mixed",300,5,"categorical"
"gnn_off_pure","c1","zRMSE",0.13838971245267,0.988888888888889,"types_mixed",300,5,"continuous"
"gnn_off_pure","c2","zRMSE",0.200174548130191,0.988888888888889,"types_mixed",300,5,"continuous"
"gnn_off_pure","cnt","zRMSE",0.459867988437311,0.944444444444444,"types_mixed",300,5,"count"
"gnn_off_pure","prp","zRMSE",0.461717381414772,0.977777777777778,"types_mixed",300,5,"proportion"
"gnn_off_pure","bin","accuracy",0.977777777777778,NA,"types_mixed",300,5,"binary"
"gnn_off_pure","ord","accuracy",0.911111111111111,NA,"types_mixed",300,5,"ordinal"
"gnn_off_pure","cat3","accuracy",0.933333333333333,NA,"types_mixed",300,5,"categorical"
"freq","c1","zRMSE",0.136671126124176,NA,"types_mixed",300,5,"continuous"
"freq","c2","zRMSE",0.202569348878404,NA,"types_mixed",300,5,"continuous"
"freq","cnt","zRMSE",0.497254202498194,NA,"types_mixed",300,5,"count"
"freq","prp","zRMSE",0.470428010174531,NA,"types_mixed",300,5,"proportion"
"freq","bin","accuracy",0.977777777777778,NA,"types_mixed",300,5,"binary"
"freq","ord","accuracy",0.911111111111111,NA,"types_mixed",300,5,"ordinal"
"freq","cat3","accuracy",0.933333333333333,NA,"types_mixed",300,5,"categorical"
"bace","c1","zRMSE",0.17137105948245,NA,"types_mixed",300,5,"continuous"
"bace","c2","zRMSE",0.239771219230333,NA,"types_mixed",300,5,"continuous"
"bace","cnt","zRMSE",0.513103195250399,NA,"types_mixed",300,5,"count"
"bace","prp","zRMSE",0.538825580159955,NA,"types_mixed",300,5,"proportion"
"bace","bin","accuracy",0.966666666666667,NA,"types_mixed",300,5,"binary"
"bace","ord","accuracy",0.855555555555556,NA,"types_mixed",300,5,"ordinal"
"bace","cat3","accuracy",0.9,NA,"types_mixed",300,5,"categorical"
"floor","c1","zRMSE",0.851352676655722,NA,"types_mixed",300,5,"continuous"
"floor","c2","zRMSE",1.07942229060607,NA,"types_mixed",300,5,"continuous"
"floor","cnt","zRMSE",0.93174643139611,NA,"types_mixed",300,5,"count"
"floor","prp","zRMSE",0.969193089406453,NA,"types_mixed",300,5,"proportion"
"floor","bin","accuracy",0.466666666666667,NA,"types_mixed",300,5,"binary"
"floor","ord","accuracy",0.222222222222222,NA,"types_mixed",300,5,"ordinal"
"floor","cat3","accuracy",0.244444444444444,NA,"types_mixed",300,5,"categorical"
"mf_phylo","Mass","zRMSE",1.64889127074191,NA,"avonet",300,1,"continuous"
"mf_phylo","Beak.Length_Culmen","zRMSE",0.536678390459384,NA,"avonet",300,1,"continuous"
"mf_phylo","Tarsus.Length","zRMSE",0.52184416737276,NA,"avonet",300,1,"continuous"
"mf_phylo","Wing.Length","zRMSE",0.351496595799314,NA,"avonet",300,1,"continuous"
"mf_phylo","Trophic.Level","accuracy",0.766666666666667,NA,"avonet",300,1,"categorical"
"mf_phylo","Primary.Lifestyle","accuracy",0.733333333333333,NA,"avonet",300,1,"categorical"
"mf_phylo","Migration","accuracy",0.844444444444444,NA,"avonet",300,1,"ordinal"
"mf_phylo","Mass","zRMSE",1.65423379793596,NA,"avonet",300,2,"continuous"
"mf_phylo","Beak.Length_Culmen","zRMSE",0.61647465487391,NA,"avonet",300,2,"continuous"
"mf_phylo","Tarsus.Length","zRMSE",0.382682039869111,NA,"avonet",300,2,"continuous"
"mf_phylo","Wing.Length","zRMSE",0.442867585018221,NA,"avonet",300,2,"continuous"
"mf_phylo","Trophic.Level","accuracy",0.744444444444444,NA,"avonet",300,2,"categorical"
"mf_phylo","Primary.Lifestyle","accuracy",0.833333333333333,NA,"avonet",300,2,"categorical"
"mf_phylo","Migration","accuracy",0.744444444444444,NA,"avonet",300,2,"ordinal"
"mf_phylo","Mass","zRMSE",0.175707397147618,NA,"avonet",300,3,"continuous"
"mf_phylo","Beak.Length_Culmen","zRMSE",0.255422119251879,NA,"avonet",300,3,"continuous"
"mf_phylo","Tarsus.Length","zRMSE",0.471053424806188,NA,"avonet",300,3,"continuous"
"mf_phylo","Wing.Length","zRMSE",0.253614379186411,NA,"avonet",300,3,"continuous"
"mf_phylo","Trophic.Level","accuracy",0.777777777777778,NA,"avonet",300,3,"categorical"
"mf_phylo","Primary.Lifestyle","accuracy",0.855555555555556,NA,"avonet",300,3,"categorical"
"mf_phylo","Migration","accuracy",0.755555555555556,NA,"avonet",300,3,"ordinal"
"mf_phylo","Mass","zRMSE",2.40790435929544,NA,"avonet",300,4,"continuous"
"mf_phylo","Beak.Length_Culmen","zRMSE",0.369850930863552,NA,"avonet",300,4,"continuous"
"mf_phylo","Tarsus.Length","zRMSE",0.685224699619161,NA,"avonet",300,4,"continuous"
"mf_phylo","Wing.Length","zRMSE",0.498358235845399,NA,"avonet",300,4,"continuous"
"mf_phylo","Trophic.Level","accuracy",0.722222222222222,NA,"avonet",300,4,"categorical"
"mf_phylo","Primary.Lifestyle","accuracy",0.744444444444444,NA,"avonet",300,4,"categorical"
"mf_phylo","Migration","accuracy",0.755555555555556,NA,"avonet",300,4,"ordinal"
"mf_phylo","Mass","zRMSE",0.355554401336829,NA,"avonet",300,5,"continuous"
"mf_phylo","Beak.Length_Culmen","zRMSE",0.601109879800161,NA,"avonet",300,5,"continuous"
"mf_phylo","Tarsus.Length","zRMSE",0.220478940832262,NA,"avonet",300,5,"continuous"
"mf_phylo","Wing.Length","zRMSE",0.507644715770408,NA,"avonet",300,5,"continuous"
"mf_phylo","Trophic.Level","accuracy",0.788888888888889,NA,"avonet",300,5,"categorical"
"mf_phylo","Primary.Lifestyle","accuracy",0.8,NA,"avonet",300,5,"categorical"
"mf_phylo","Migration","accuracy",0.8,NA,"avonet",300,5,"ordinal"
"mf_phylo","c1","zRMSE",0.737848432943871,NA,"types_mixed",100,1,"continuous"
"mf_phylo","c2","zRMSE",0.501292387705218,NA,"types_mixed",100,1,"continuous"
"mf_phylo","cnt","zRMSE",1.17160233869295,NA,"types_mixed",100,1,"count"
"mf_phylo","prp","zRMSE",0.568494080220987,NA,"types_mixed",100,1,"proportion"
"mf_phylo","bin","accuracy",0.833333333333333,NA,"types_mixed",100,1,"binary"
"mf_phylo","ord","accuracy",0.766666666666667,NA,"types_mixed",100,1,"ordinal"
"mf_phylo","cat3","accuracy",0.6,NA,"types_mixed",100,1,"categorical"
"mf_phylo","c1","zRMSE",0.69406594836519,NA,"types_mixed",100,2,"continuous"
"mf_phylo","c2","zRMSE",0.730214166283697,NA,"types_mixed",100,2,"continuous"
"mf_phylo","cnt","zRMSE",0.526880819201193,NA,"types_mixed",100,2,"count"
"mf_phylo","prp","zRMSE",0.670334056121436,NA,"types_mixed",100,2,"proportion"
"mf_phylo","bin","accuracy",0.833333333333333,NA,"types_mixed",100,2,"binary"
"mf_phylo","ord","accuracy",0.566666666666667,NA,"types_mixed",100,2,"ordinal"
"mf_phylo","cat3","accuracy",0.6,NA,"types_mixed",100,2,"categorical"
"mf_phylo","c1","zRMSE",0.234597099056442,NA,"types_mixed",100,3,"continuous"
"mf_phylo","c2","zRMSE",0.608767441049072,NA,"types_mixed",100,3,"continuous"
"mf_phylo","cnt","zRMSE",0.611577226054532,NA,"types_mixed",100,3,"count"
"mf_phylo","prp","zRMSE",0.367873497799798,NA,"types_mixed",100,3,"proportion"
"mf_phylo","bin","accuracy",0.9,NA,"types_mixed",100,3,"binary"
"mf_phylo","ord","accuracy",0.6,NA,"types_mixed",100,3,"ordinal"
"mf_phylo","cat3","accuracy",0.933333333333333,NA,"types_mixed",100,3,"categorical"
"mf_phylo","c1","zRMSE",0.249587065258859,NA,"types_mixed",100,4,"continuous"
"mf_phylo","c2","zRMSE",0.570413565351917,NA,"types_mixed",100,4,"continuous"
"mf_phylo","cnt","zRMSE",0.946126252055839,NA,"types_mixed",100,4,"count"
"mf_phylo","prp","zRMSE",0.455722786280521,NA,"types_mixed",100,4,"proportion"
"mf_phylo","bin","accuracy",0.833333333333333,NA,"types_mixed",100,4,"binary"
"mf_phylo","ord","accuracy",0.833333333333333,NA,"types_mixed",100,4,"ordinal"
"mf_phylo","cat3","accuracy",0.766666666666667,NA,"types_mixed",100,4,"categorical"
"mf_phylo","c1","zRMSE",0.505347035060658,NA,"types_mixed",100,5,"continuous"
"mf_phylo","c2","zRMSE",0.521663829482589,NA,"types_mixed",100,5,"continuous"
"mf_phylo","cnt","zRMSE",0.701372180420892,NA,"types_mixed",100,5,"count"
"mf_phylo","prp","zRMSE",0.432339305973492,NA,"types_mixed",100,5,"proportion"
"mf_phylo","bin","accuracy",0.9,NA,"types_mixed",100,5,"binary"
"mf_phylo","ord","accuracy",0.666666666666667,NA,"types_mixed",100,5,"ordinal"
"mf_phylo","cat3","accuracy",0.733333333333333,NA,"types_mixed",100,5,"categorical"
"mf_phylo","c1","zRMSE",0.359676643329285,NA,"types_mixed",300,1,"continuous"
"mf_phylo","c2","zRMSE",0.200727876980191,NA,"types_mixed",300,1,"continuous"
"mf_phylo","cnt","zRMSE",0.356816696466554,NA,"types_mixed",300,1,"count"
"mf_phylo","prp","zRMSE",0.311183739799379,NA,"types_mixed",300,1,"proportion"
"mf_phylo","bin","accuracy",0.933333333333333,NA,"types_mixed",300,1,"binary"
"mf_phylo","ord","accuracy",0.777777777777778,NA,"types_mixed",300,1,"ordinal"
"mf_phylo","cat3","accuracy",0.8,NA,"types_mixed",300,1,"categorical"
"mf_phylo","c1","zRMSE",0.477050410053165,NA,"types_mixed",300,2,"continuous"
"mf_phylo","c2","zRMSE",0.346685618933492,NA,"types_mixed",300,2,"continuous"
"mf_phylo","cnt","zRMSE",0.82634565478993,NA,"types_mixed",300,2,"count"
"mf_phylo","prp","zRMSE",0.515304541201996,NA,"types_mixed",300,2,"proportion"
"mf_phylo","bin","accuracy",0.888888888888889,NA,"types_mixed",300,2,"binary"
"mf_phylo","ord","accuracy",0.833333333333333,NA,"types_mixed",300,2,"ordinal"
"mf_phylo","cat3","accuracy",0.788888888888889,NA,"types_mixed",300,2,"categorical"
"mf_phylo","c1","zRMSE",0.259839794019565,NA,"types_mixed",300,3,"continuous"
"mf_phylo","c2","zRMSE",0.230994840595657,NA,"types_mixed",300,3,"continuous"
"mf_phylo","cnt","zRMSE",0.408737824851863,NA,"types_mixed",300,3,"count"
"mf_phylo","prp","zRMSE",0.37868414117467,NA,"types_mixed",300,3,"proportion"
"mf_phylo","bin","accuracy",0.933333333333333,NA,"types_mixed",300,3,"binary"
"mf_phylo","ord","accuracy",0.855555555555556,NA,"types_mixed",300,3,"ordinal"
"mf_phylo","cat3","accuracy",0.933333333333333,NA,"types_mixed",300,3,"categorical"
"mf_phylo","c1","zRMSE",0.214121032426377,NA,"types_mixed",300,4,"continuous"
"mf_phylo","c2","zRMSE",0.165874102293638,NA,"types_mixed",300,4,"continuous"
"mf_phylo","cnt","zRMSE",0.315536811243153,NA,"types_mixed",300,4,"count"
"mf_phylo","prp","zRMSE",0.517635852697765,NA,"types_mixed",300,4,"proportion"
"mf_phylo","bin","accuracy",0.866666666666667,NA,"types_mixed",300,4,"binary"
"mf_phylo","ord","accuracy",0.811111111111111,NA,"types_mixed",300,4,"ordinal"
"mf_phylo","cat3","accuracy",0.822222222222222,NA,"types_mixed",300,4,"categorical"
"mf_phylo","c1","zRMSE",0.299617707807591,NA,"types_mixed",300,5,"continuous"
"mf_phylo","c2","zRMSE",0.406835755615068,NA,"types_mixed",300,5,"continuous"
"mf_phylo","cnt","zRMSE",0.419222392115329,NA,"types_mixed",300,5,"count"
"mf_phylo","prp","zRMSE",0.48588847745547,NA,"types_mixed",300,5,"proportion"
"mf_phylo","bin","accuracy",0.977777777777778,NA,"types_mixed",300,5,"binary"
"mf_phylo","ord","accuracy",0.866666666666667,NA,"types_mixed",300,5,"ordinal"
"mf_phylo","cat3","accuracy",0.933333333333333,NA,"types_mixed",300,5,"categorical"
