"dgp","n","type","arm","mean","mcse","k"
"avonet",300,"categorical","gnn_off_pure",0.776666666666667,0.0122222222222222,10
"avonet",300,"categorical","gnn_off",0.737777777777778,0.0276267499244022,10
"avonet",300,"categorical","gnn_on_full",0.745555555555556,0.0271888180033081,10
"avonet",300,"categorical","gnn_on",0.725555555555556,0.0255018222001511,10
"avonet",300,"categorical","freq",0.771111111111111,0.011135775095091,10
"avonet",300,"categorical","mf_phylo",0.776666666666667,0.0138034408545068,10
"avonet",300,"categorical","bace",0.726666666666667,0.0113794751820276,10
"avonet",300,"categorical","floor",0.571111111111111,0.0159903949221651,10
"avonet",300,"continuous","gnn_off_pure",0.873045271440738,0.143223975740197,20
"avonet",300,"continuous","gnn_off",0.873632808366163,0.143244045128707,20
"avonet",300,"continuous","gnn_on_full",0.808605451350359,0.137178884188038,20
"avonet",300,"continuous","gnn_on",0.847655571482994,0.137598277272805,20
"avonet",300,"continuous","freq",0.613916069211763,0.101225791092401,20
"avonet",300,"continuous","mf_phylo",0.647854599291294,0.128724630398004,20
"avonet",300,"continuous","bace",0.693245772904213,0.111344234304187,20
"avonet",300,"continuous","floor",1.08816366647389,0.130974860753774,20
"avonet",300,"ordinal","gnn_off_pure",0.757777777777778,0.0256760444628697,5
"avonet",300,"ordinal","gnn_off",0.751111111111111,0.0268971520820227,5
"avonet",300,"ordinal","gnn_on_full",0.753333333333333,0.0256760444628697,5
"avonet",300,"ordinal","gnn_on",0.72,0.0133333333333333,5
"avonet",300,"ordinal","freq",0.768888888888889,0.0236747508362917,5
"avonet",300,"ordinal","mf_phylo",0.78,0.0187247772737252,5
"avonet",300,"ordinal","bace",0.744444444444444,0.0189215404065849,5
"avonet",300,"ordinal","floor",0.762222222222222,0.0311507683752804,5
"types_mixed",100,"binary","gnn_off_pure",0.906666666666667,0.0286744175568087,5
"types_mixed",100,"binary","gnn_off",0.906666666666667,0.0286744175568087,5
"types_mixed",100,"binary","gnn_on_full",0.906666666666667,0.0286744175568087,5
"types_mixed",100,"binary","gnn_on",0.92,0.0133333333333333,5
"types_mixed",100,"binary","freq",0.906666666666667,0.0244948974278318,5
"types_mixed",100,"binary","mf_phylo",0.86,0.0163299316185545,5
"types_mixed",100,"binary","bace",0.86,0.042687494916219,5
"types_mixed",100,"binary","floor",0.44,0.0286744175568088,5
"types_mixed",100,"categorical","gnn_off_pure",0.8,0.0505525029603437,5
"types_mixed",100,"categorical","gnn_off",0.8,0.0505525029603437,5
"types_mixed",100,"categorical","gnn_on_full",0.8,0.0505525029603437,5
"types_mixed",100,"categorical","gnn_on",0.786666666666667,0.060184900284226,5
"types_mixed",100,"categorical","freq",0.8,0.0505525029603437,5
"types_mixed",100,"categorical","mf_phylo",0.726666666666667,0.0618241233033047,5
"types_mixed",100,"categorical","bace",0.773333333333333,0.0531245915016974,5
"types_mixed",100,"categorical","floor",0.246666666666667,0.02,5
"types_mixed",100,"continuous","gnn_off_pure",0.309588684646833,0.0548005966000685,10
"types_mixed",100,"continuous","gnn_off",0.325863915616567,0.0568036335641751,10
"types_mixed",100,"continuous","gnn_on_full",0.325863913190293,0.0568036335381437,10
"types_mixed",100,"continuous","gnn_on",0.349258660937281,0.0607539276559919,10
"types_mixed",100,"continuous","freq",0.310865518035455,0.0548586803084638,10
"types_mixed",100,"continuous","mf_phylo",0.535379697055751,0.0562877674474359,10
"types_mixed",100,"continuous","bace",0.383270717049581,0.0677105093506084,10
"types_mixed",100,"continuous","floor",1.05522293270233,0.0479156324950758,10
"types_mixed",100,"count","gnn_off_pure",0.878747723194844,0.14509627475341,5
"types_mixed",100,"count","gnn_off",0.892310752490427,0.156431444891231,5
"types_mixed",100,"count","gnn_on_full",0.887007529484114,0.190016907249485,5
"types_mixed",100,"count","gnn_on",0.9090694959336,0.173929483431208,5
"types_mixed",100,"count","freq",1.72683322595007,0.663067798329384,5
"types_mixed",100,"count","mf_phylo",0.791511763285082,0.118090135977939,5
"types_mixed",100,"count","bace",1.13156800756114,0.156854904868017,5
"types_mixed",100,"count","floor",1.04261058035464,0.0915264810285562,5
"types_mixed",100,"ordinal","gnn_off_pure",0.766666666666667,0.052704627669473,5
"types_mixed",100,"ordinal","gnn_off",0.766666666666667,0.052704627669473,5
"types_mixed",100,"ordinal","gnn_on_full",0.766666666666667,0.052704627669473,5
"types_mixed",100,"ordinal","gnn_on",0.72,0.0402768199119819,5
"types_mixed",100,"ordinal","freq",0.74,0.0498887651569859,5
"types_mixed",100,"ordinal","mf_phylo",0.686666666666667,0.0501109879279097,5
"types_mixed",100,"ordinal","bace",0.62,0.0620035841257943,5
"types_mixed",100,"ordinal","floor",0.193333333333333,0.00666666666666667,5
"types_mixed",100,"proportion","gnn_off_pure",0.503868689922725,0.0732190862307956,5
"types_mixed",100,"proportion","gnn_off",0.544261481169551,0.09489829855121,5
"types_mixed",100,"proportion","gnn_on_full",0.533910299344348,0.087083972025757,5
"types_mixed",100,"proportion","gnn_on",0.521317250095664,0.0748897133583182,5
"types_mixed",100,"proportion","freq",0.555697655032817,0.0798320106687389,5
"types_mixed",100,"proportion","mf_phylo",0.498952745279247,0.0537101013508716,5
"types_mixed",100,"proportion","bace",0.580272449412628,0.0557264692124376,5
"types_mixed",100,"proportion","floor",1.08074905261499,0.0748696237581914,5
"types_mixed",300,"binary","gnn_off_pure",0.917777777777778,0.0197515431495902,5
"types_mixed",300,"binary","gnn_off",0.917777777777778,0.0197515431495902,5
"types_mixed",300,"binary","gnn_on_full",0.917777777777778,0.0197515431495902,5
"types_mixed",300,"binary","gnn_on",0.913333333333333,0.0214878662286819,5
"types_mixed",300,"binary","freq",0.915555555555556,0.0191162783712058,5
"types_mixed",300,"binary","mf_phylo",0.92,0.0193728841935141,5
"types_mixed",300,"binary","bace",0.915555555555556,0.0159474445493415,5
"types_mixed",300,"binary","floor",0.457777777777778,0.016629588385662,5
"types_mixed",300,"categorical","gnn_off_pure",0.88,0.0292709774940433,5
"types_mixed",300,"categorical","gnn_off",0.88,0.0292709774940433,5
"types_mixed",300,"categorical","gnn_on_full",0.88,0.0292709774940433,5
"types_mixed",300,"categorical","gnn_on",0.877777777777778,0.0265274141918074,5
"types_mixed",300,"categorical","freq",0.88,0.026620330112691,5
"types_mixed",300,"categorical","mf_phylo",0.855555555555556,0.0322030594359765,5
"types_mixed",300,"categorical","bace",0.851111111111111,0.030951973949298,5
"types_mixed",300,"categorical","floor",0.262222222222222,0.0147405546238018,5
"types_mixed",300,"continuous","gnn_off_pure",0.153083821545811,0.0208783062937271,10
"types_mixed",300,"continuous","gnn_off",0.153335914281532,0.0208601066995734,10
"types_mixed",300,"continuous","gnn_on_full",0.154466326751765,0.0206947973955864,10
"types_mixed",300,"continuous","gnn_on",0.189448960162111,0.0297237182293208,10
"types_mixed",300,"continuous","freq",0.153244836993983,0.0208193736510743,10
"types_mixed",300,"continuous","mf_phylo",0.296142378205403,0.0316135292635971,10
"types_mixed",300,"continuous","bace",0.172699827756101,0.0199518606849614,10
"types_mixed",300,"continuous","floor",1.00224255606805,0.0299192305343856,10
"types_mixed",300,"count","gnn_off_pure",0.488581991402346,0.127860387509326,5
"types_mixed",300,"count","gnn_off",0.548627726050787,0.12175747259535,5
"types_mixed",300,"count","gnn_on_full",0.524706865237329,0.120814611491506,5
"types_mixed",300,"count","gnn_on",0.521427730247699,0.122805838977002,5
"types_mixed",300,"count","freq",0.599900751563888,0.118410368994884,5
"types_mixed",300,"count","mf_phylo",0.465331875893366,0.0921612785339747,5
"types_mixed",300,"count","bace",0.533056716701929,0.100827181614453,5
"types_mixed",300,"count","floor",0.95022379400562,0.0714683445782249,5
"types_mixed",300,"ordinal","gnn_off_pure",0.893333333333333,0.00566557723732532,5
"types_mixed",300,"ordinal","gnn_off",0.893333333333333,0.00566557723732532,5
"types_mixed",300,"ordinal","gnn_on_full",0.893333333333333,0.00566557723732532,5
"types_mixed",300,"ordinal","gnn_on",0.851111111111111,0.0090267093384844,5
"types_mixed",300,"ordinal","freq",0.884444444444444,0.0090267093384844,5
"types_mixed",300,"ordinal","mf_phylo",0.828888888888889,0.0159474445493415,5
"types_mixed",300,"ordinal","bace",0.84,0.00831479419283097,5
"types_mixed",300,"ordinal","floor",0.202222222222222,0.00955813918560292,5
"types_mixed",300,"proportion","gnn_off_pure",0.448903237529946,0.0311879338667318,5
"types_mixed",300,"proportion","gnn_off",0.451341936778969,0.0306185498962243,5
"types_mixed",300,"proportion","gnn_on_full",0.448653183850835,0.0311759820012726,5
"types_mixed",300,"proportion","gnn_on",0.453094312870903,0.0329648130411662,5
"types_mixed",300,"proportion","freq",0.469553710451938,0.0398920067702344,5
"types_mixed",300,"proportion","mf_phylo",0.441739350465856,0.0413170598229593,5
"types_mixed",300,"proportion","bace",0.478501144692055,0.0470906844993589,5
"types_mixed",300,"proportion","floor",1.00676345459544,0.0248169320908385,5
