"job_id","confirm_cell_id","explore_cell_id","rep","family","n_species","phylo_lambda","miss_frac","seed","lambda_mode","fit_ok","fit_sec","blend_loss","baseline_loss","paired_delta","r_cal_gnn_mean","floor_fired","error"
0,0,42,1,"F2",300,1,0.1,60001,"fixed_1",TRUE,62.958,0.479704639467873,0.509137108319306,-0.0294324688514329,0.45,FALSE,NA
1,1,43,1,"F2",300,1,0.3,60101,"fixed_1",TRUE,60.594,0.510310287189208,0.547609027226143,-0.0372987400369348,0.2375,TRUE,NA
2,2,44,1,"F2",300,1,0.5,60201,"fixed_1",TRUE,58.214,0.661965303049161,0.6693470989123,-0.0073817958631397,0.6125,FALSE,NA
3,3,51,1,"F2",1000,1,0.1,60301,"fixed_1",TRUE,338.502,0.543004249130926,0.568488586814829,-0.025484337683903,0.3375,FALSE,NA
4,4,52,1,"F2",1000,1,0.3,60401,"fixed_1",TRUE,256.028,0.515718105343109,0.524188008966561,-0.00846990362345146,0.5125,FALSE,NA
5,0,42,2,"F2",300,1,0.1,60002,"fixed_1",TRUE,64.357,0.648857039187283,0.700090183352301,-0.051233144165018,0.675,FALSE,NA
6,1,43,2,"F2",300,1,0.3,60102,"fixed_1",TRUE,60,0.67933006012315,0.68269153384341,-0.00336147372026052,0.2,FALSE,NA
7,2,44,2,"F2",300,1,0.5,60202,"fixed_1",TRUE,58.391,0.650423171115492,0.694843552358828,-0.0444203812433364,0.1875,FALSE,NA
8,3,51,2,"F2",1000,1,0.1,60302,"fixed_1",TRUE,354.223,0.475112589529186,0.498064905564405,-0.0229523160352189,0.4875,FALSE,NA
9,4,52,2,"F2",1000,1,0.3,60402,"fixed_1",TRUE,233.813,0.580852762335746,0.59385332938404,-0.0130005670482939,0.425,FALSE,NA
10,0,42,3,"F2",300,1,0.1,60003,"fixed_1",TRUE,65.56,0.637290392843571,0.666698360249331,-0.02940796740576,0.2375,FALSE,NA
11,1,43,3,"F2",300,1,0.3,60103,"fixed_1",TRUE,59.138,0.65322293778994,0.692001727518555,-0.0387787897286154,0.6125,FALSE,NA
12,2,44,3,"F2",300,1,0.5,60203,"fixed_1",TRUE,58.604,0.469183999673202,0.469183999758871,-8.56682502714534e-11,0,FALSE,NA
13,3,51,3,"F2",1000,1,0.1,60303,"fixed_1",TRUE,351.563,0.566160324198161,0.577970645536543,-0.0118103213383817,0.2875,FALSE,NA
14,4,52,3,"F2",1000,1,0.3,60403,"fixed_1",TRUE,248.716,0.619693729194384,0.622741210985204,-0.00304748179082059,0.275,FALSE,NA
15,0,42,4,"F2",300,1,0.1,60004,"fixed_1",TRUE,64.67,0.572888285481709,0.603200672985444,-0.0303123875037352,0.45,FALSE,NA
16,1,43,4,"F2",300,1,0.3,60104,"fixed_1",TRUE,59.834,0.703396467669035,0.708196040656043,-0.00479957298700839,0.2,FALSE,NA
17,2,44,4,"F2",300,1,0.5,60204,"fixed_1",TRUE,58.174,0.7522908936174,0.816162996288594,-0.0638721026711934,0.25,FALSE,NA
18,3,51,4,"F2",1000,1,0.1,60304,"fixed_1",TRUE,343.951,0.61874203775378,0.62448422100252,-0.00574218324874065,0.236842105263158,FALSE,NA
19,4,52,4,"F2",1000,1,0.3,60404,"fixed_1",TRUE,250.062,0.574041396293349,0.580467864677666,-0.00642646838431771,0.415625,FALSE,NA
20,0,42,5,"F2",300,1,0.1,60005,"fixed_1",TRUE,63.365,0.540779465663953,0.542900077158137,-0.00212061149418374,0.375,FALSE,NA
21,1,43,5,"F2",300,1,0.3,60105,"fixed_1",TRUE,60.806,0.455646128979019,0.493493611175801,-0.0378474821967814,0.4125,FALSE,NA
22,2,44,5,"F2",300,1,0.5,60205,"fixed_1",TRUE,58.603,0.674310149503884,0.684261530056672,-0.00995138055278855,0.25,FALSE,NA
23,3,51,5,"F2",1000,1,0.1,60305,"fixed_1",TRUE,340.468,0.542380608960424,0.552580738790903,-0.0102001298304786,0.2875,FALSE,NA
24,4,52,5,"F2",1000,1,0.3,60405,"fixed_1",TRUE,238.859,0.599552637087508,0.601148170129457,-0.00159553304194959,0.1875,FALSE,NA
25,0,42,6,"F2",300,1,0.1,60006,"fixed_1",TRUE,63.15,0.529894279542657,0.575679798018177,-0.0457855184755196,0.447368421052632,FALSE,NA
26,1,43,6,"F2",300,1,0.3,60106,"fixed_1",TRUE,59.529,0.54752270440123,0.558383778616831,-0.010861074215601,0.222222222222222,FALSE,NA
27,2,44,6,"F2",300,1,0.5,60206,"fixed_1",TRUE,59.106,0.583815425819453,0.59321449868379,-0.00939907286433661,0.25,FALSE,NA
28,3,51,6,"F2",1000,1,0.1,60306,"fixed_1",TRUE,342.807,0.57917723620266,0.599019054538296,-0.0198418183356354,0.492647058823529,FALSE,NA
29,4,52,6,"F2",1000,1,0.3,60406,"fixed_1",TRUE,238.522,0.691407928189969,0.695856008049797,-0.00444807985982765,0.472222222222222,FALSE,NA
30,0,42,7,"F2",300,1,0.1,60007,"fixed_1",TRUE,63.405,0.64109762323839,0.676967056973574,-0.0358694337351839,0.4625,FALSE,NA
31,1,43,7,"F2",300,1,0.3,60107,"fixed_1",TRUE,60.107,0.602721627210444,0.679955783263692,-0.0772341560532478,0.722222222222222,TRUE,NA
32,2,44,7,"F2",300,1,0.5,60207,"fixed_1",TRUE,57.991,0.56359575023805,0.602575629098756,-0.0389798788607058,0.25,FALSE,NA
33,3,51,7,"F2",1000,1,0.1,60307,"fixed_1",TRUE,354.881,0.43174149239432,0.451567762838078,-0.0198262704437585,0.6875,FALSE,NA
34,4,52,7,"F2",1000,1,0.3,60407,"fixed_1",TRUE,237.396,0.553048883111262,0.581779004202469,-0.0287301210912068,0.25,FALSE,NA
35,0,42,8,"F2",300,1,0.1,60008,"fixed_1",TRUE,65.42,0.515170944012844,0.543865706296042,-0.0286947622831976,0.511842105263158,FALSE,NA
36,1,43,8,"F2",300,1,0.3,60108,"fixed_1",TRUE,63.141,0.604094095946546,0.595779064270547,0.00831503167599867,0.3875,FALSE,NA
37,2,44,8,"F2",300,1,0.5,60208,"fixed_1",TRUE,58.354,0.717595335550622,0.6771720018345,0.0404233337161216,0.25,TRUE,NA
38,3,51,8,"F2",1000,1,0.1,60308,"fixed_1",TRUE,344.64,0.464832403084996,0.487394051107539,-0.0225616480225432,0.4875,FALSE,NA
39,4,52,8,"F2",1000,1,0.3,60408,"fixed_1",TRUE,262.712,0.562713857869045,0.610559318056569,-0.0478454601875233,0.6625,FALSE,NA
40,0,42,9,"F2",300,1,0.1,60009,"fixed_1",TRUE,64.448,0.547468349026149,0.604183534744582,-0.0567151857184326,0.475,FALSE,NA
41,1,43,9,"F2",300,1,0.3,60109,"fixed_1",TRUE,64.425,0.638496545754447,0.657531689121071,-0.0190351433666235,0.355263157894737,FALSE,NA
42,2,44,9,"F2",300,1,0.5,60209,"fixed_1",TRUE,58.383,0.726322143626347,0.741337218398557,-0.0150150747722103,0.1125,FALSE,NA
43,3,51,9,"F2",1000,1,0.1,60309,"fixed_1",TRUE,367.304,0.512405988987792,0.517862562170813,-0.00545657318302162,0.3375,FALSE,NA
44,4,52,9,"F2",1000,1,0.3,60409,"fixed_1",TRUE,240.897,0.495991375389875,0.50993723646996,-0.0139458610800847,0.325,FALSE,NA
45,0,42,10,"F2",300,1,0.1,60010,"fixed_1",TRUE,63.658,0.502283824959905,0.508030808867174,-0.00574698390726891,0.304605263157895,FALSE,NA
46,1,43,10,"F2",300,1,0.3,60110,"fixed_1",TRUE,60.377,0.594875308592976,0.61768844851,-0.0228131399170243,0.5,FALSE,NA
47,2,44,10,"F2",300,1,0.5,60210,"fixed_1",TRUE,57.212,0.652622108171399,0.674689891522079,-0.0220677833506808,0.5,FALSE,NA
48,3,51,10,"F2",1000,1,0.1,60310,"fixed_1",TRUE,331.008,0.532698347724859,0.548578165976109,-0.0158798182512496,0.6125,FALSE,NA
49,4,52,10,"F2",1000,1,0.3,60410,"fixed_1",TRUE,234.005,0.599827686755145,0.599827685426174,1.32897148841238e-09,0,FALSE,NA
50,0,42,11,"F2",300,1,0.1,60011,"fixed_1",TRUE,64.571,0.623216892846725,0.635597372331047,-0.0123804794843211,0,FALSE,NA
51,1,43,11,"F2",300,1,0.3,60111,"fixed_1",TRUE,59.209,0.735118671366237,0.778943686440738,-0.0438250150745013,0.6625,FALSE,NA
52,2,44,11,"F2",300,1,0.5,60211,"fixed_1",TRUE,57.78,0.638855392472197,0.654154735830114,-0.0152993433579174,0.496875,FALSE,NA
53,3,51,11,"F2",1000,1,0.1,60311,"fixed_1",TRUE,355.574,0.630665470767336,0.633455965723118,-0.00279049495578199,0.3875,FALSE,NA
54,4,52,11,"F2",1000,1,0.3,60411,"fixed_1",TRUE,234.067,0.590851160060093,0.607102789568542,-0.0162516295084498,0.5875,FALSE,NA
55,0,42,12,"F2",300,1,0.1,60012,"fixed_1",TRUE,64.29,0.532216306664584,0.562320647570537,-0.0301043409059535,1,FALSE,NA
56,1,43,12,"F2",300,1,0.3,60112,"fixed_1",TRUE,59.49,0.707851739581091,0.699383672331307,0.00846806724978411,0.180555555555556,TRUE,NA
57,2,44,12,"F2",300,1,0.5,60212,"fixed_1",TRUE,58.016,0.689228816389267,0.682377568482872,0.0068512479063958,0.6625,FALSE,NA
58,3,51,12,"F2",1000,1,0.1,60312,"fixed_1",TRUE,343.509,0.554077995710441,0.575269303990351,-0.0211913082799094,0.449342105263158,FALSE,NA
59,4,52,12,"F2",1000,1,0.3,60412,"fixed_1",TRUE,234.774,0.539077123025046,0.547299547005771,-0.0082224239807257,0.354605263157895,FALSE,NA
60,0,42,13,"F2",300,1,0.1,60013,"fixed_1",TRUE,66.741,0.586972509940589,0.663516534155128,-0.0765440242145392,0.698684210526316,FALSE,NA
61,1,43,13,"F2",300,1,0.3,60113,"fixed_1",TRUE,59.516,0.728402949599953,0.740653791329491,-0.0122508417295374,0,FALSE,NA
62,2,44,13,"F2",300,1,0.5,60213,"fixed_1",TRUE,57.438,0.693196175386956,0.700988033963735,-0.00779185857677978,0.25,FALSE,NA
63,3,51,13,"F2",1000,1,0.1,60313,"fixed_1",TRUE,397.251,0.521541164505423,0.545761807139019,-0.0242206426335952,0.6375,FALSE,NA
64,4,52,13,"F2",1000,1,0.3,60413,"fixed_1",TRUE,235.721,0.597217630417811,0.59936081704658,-0.00214318662876889,0.4,FALSE,NA
65,0,42,14,"F2",300,1,0.1,60014,"fixed_1",TRUE,66.464,0.49918405834355,0.528186553465917,-0.0290024951223663,0.3875,FALSE,NA
66,1,43,14,"F2",300,1,0.3,60114,"fixed_1",TRUE,60.104,0.552792114848596,0.584260879121508,-0.0314687642729123,0.37828947368421,FALSE,NA
67,2,44,14,"F2",300,1,0.5,60214,"fixed_1",TRUE,58.342,0.601423277061049,0.626938019202825,-0.0255147421417761,0.375,FALSE,NA
68,3,51,14,"F2",1000,1,0.1,60314,"fixed_1",TRUE,336.042,0.521935155280891,0.544556256059697,-0.0226211007788066,0.5125,FALSE,NA
69,4,52,14,"F2",1000,1,0.3,60414,"fixed_1",TRUE,259.475,0.603082843288769,0.608141308036191,-0.00505846474742189,0.531944444444444,FALSE,NA
70,0,42,15,"F2",300,1,0.1,60015,"fixed_1",TRUE,63.29,0.550502374011963,0.581334068758595,-0.0308316947466313,0.3375,FALSE,NA
71,1,43,15,"F2",300,1,0.3,60115,"fixed_1",TRUE,61.219,0.50757398456917,0.507573981218716,3.3504539143081e-09,0,FALSE,NA
72,2,44,15,"F2",300,1,0.5,60215,"fixed_1",TRUE,59.075,0.738322984094904,0.778532844199406,-0.0402098601045028,0.225,TRUE,NA
73,3,51,15,"F2",1000,1,0.1,60315,"fixed_1",TRUE,369.975,0.53385511681514,0.556780757742208,-0.0229256409270681,0.242763157894737,FALSE,NA
74,4,52,15,"F2",1000,1,0.3,60415,"fixed_1",TRUE,237.531,0.615136761263799,0.622099277312915,-0.00696251604911569,0.125,FALSE,NA
75,0,42,16,"F2",300,1,0.1,60016,"fixed_1",TRUE,64.678,0.538213602700039,0.563220304759344,-0.0250067020593053,0.4875,FALSE,NA
76,1,43,16,"F2",300,1,0.3,60116,"fixed_1",TRUE,58.623,0.643264658147373,0.691013186648958,-0.0477485285015843,0.6875,FALSE,NA
77,2,44,16,"F2",300,1,0.5,60216,"fixed_1",TRUE,58.458,0.721074145884099,0.764705996859639,-0.0436318509755401,0.222222222222222,TRUE,NA
78,3,51,16,"F2",1000,1,0.1,60316,"fixed_1",TRUE,357.685,0.595875698927289,0.593301909117956,0.00257378980933232,0.25,FALSE,NA
79,4,52,16,"F2",1000,1,0.3,60416,"fixed_1",TRUE,232.141,0.594565498419573,0.60311905170319,-0.00855355328361729,0.460526315789474,FALSE,NA
80,0,42,17,"F2",300,1,0.1,60017,"fixed_1",TRUE,61.738,0.438623595000594,0.459022893419467,-0.0203992984188728,0.341447368421053,FALSE,NA
81,1,43,17,"F2",300,1,0.3,60117,"fixed_1",TRUE,59.944,0.538928408056184,0.551646684289184,-0.0127182762329994,0.4625,FALSE,NA
82,2,44,17,"F2",300,1,0.5,60217,"fixed_1",TRUE,58.663,0.639245187480903,0.552381163638203,0.0868640238427006,0,TRUE,NA
83,3,51,17,"F2",1000,1,0.1,60317,"fixed_1",TRUE,334.517,0.483519695232223,0.482834623780996,0.000685071451227426,0.449342105263158,FALSE,NA
84,4,52,17,"F2",1000,1,0.3,60417,"fixed_1",TRUE,231.909,0.529378136672345,0.542906791417936,-0.0135286547455905,0.5,FALSE,NA
85,0,42,18,"F2",300,1,0.1,60018,"fixed_1",TRUE,63.959,0.527317273873212,0.568578925170701,-0.0412616512974884,0.386842105263158,FALSE,NA
86,1,43,18,"F2",300,1,0.3,60118,"fixed_1",TRUE,59.658,0.609724126770252,0.622077497403345,-0.0123533706330929,0.454166666666667,FALSE,NA
87,2,44,18,"F2",300,1,0.5,60218,"fixed_1",TRUE,56.918,0.788873102277398,0.808437357112176,-0.0195642548347776,0.25,FALSE,NA
88,3,51,18,"F2",1000,1,0.1,60318,"fixed_1",TRUE,334.337,0.446930559251702,0.470594360832694,-0.023663801580992,0.5875,FALSE,NA
89,4,52,18,"F2",1000,1,0.3,60418,"fixed_1",TRUE,229.248,0.631358360752476,0.649057768551806,-0.01769940779933,0.075,FALSE,NA
90,0,42,19,"F2",300,1,0.1,60019,"fixed_1",TRUE,63.802,0.669848766820614,0.686581376006752,-0.0167326091861376,0.4125,TRUE,NA
91,1,43,19,"F2",300,1,0.3,60119,"fixed_1",TRUE,59.601,0.510790132513975,0.518850365664692,-0.00806023315071658,0.56578947368421,FALSE,NA
92,2,44,19,"F2",300,1,0.5,60219,"fixed_1",TRUE,58.216,0.668467158371135,0.668467159117307,-7.46172013066371e-10,0,FALSE,NA
93,3,51,19,"F2",1000,1,0.1,60319,"fixed_1",TRUE,332.59,0.462465200504929,0.498104066074145,-0.0356388655692161,0.5,FALSE,NA
94,4,52,19,"F2",1000,1,0.3,60419,"fixed_1",TRUE,260.324,0.537230555580025,0.541386840188053,-0.00415628460802775,0.0875,FALSE,NA
95,0,42,20,"F2",300,1,0.1,60020,"fixed_1",TRUE,65.897,0.622915901127659,0.697463882633139,-0.0745479815054798,0.763157894736842,FALSE,NA
96,1,43,20,"F2",300,1,0.3,60120,"fixed_1",TRUE,59.89,0.685414287703407,0.723444124266206,-0.0380298365627986,0.125,FALSE,NA
97,2,44,20,"F2",300,1,0.5,60220,"fixed_1",TRUE,56.983,0.651238973503813,0.615632661991697,0.0356063115121157,0.5,FALSE,NA
98,3,51,20,"F2",1000,1,0.1,60320,"fixed_1",TRUE,368.749,0.441135220764144,0.439758186889755,0.00137703387438926,0.275,FALSE,NA
99,4,52,20,"F2",1000,1,0.3,60420,"fixed_1",TRUE,235.148,0.528341436724101,0.548543641351775,-0.0202022046276736,0.4875,FALSE,NA
100,0,42,21,"F2",300,1,0.1,60021,"fixed_1",TRUE,64.872,0.588339446804759,0.627503363900036,-0.0391639170952768,0.523529411764706,FALSE,NA
101,1,43,21,"F2",300,1,0.3,60121,"fixed_1",TRUE,61.616,0.761717579105362,0.800222683468867,-0.038505104363505,0.5875,TRUE,NA
102,2,44,21,"F2",300,1,0.5,60221,"fixed_1",TRUE,58.491,0.651574021179018,0.648205011076924,0.00336901010209445,0.3125,FALSE,NA
103,3,51,21,"F2",1000,1,0.1,60321,"fixed_1",TRUE,340.101,0.541775849853807,0.554898648225419,-0.0131227983716118,0.670833333333333,FALSE,NA
104,4,52,21,"F2",1000,1,0.3,60421,"fixed_1",TRUE,238.748,0.610894580351038,0.611290390854139,-0.000395810503100891,0.25,FALSE,NA
105,0,42,22,"F2",300,1,0.1,60022,"fixed_1",TRUE,62.864,0.631780547868244,0.646410156099419,-0.0146296082311745,0.225,FALSE,NA
106,1,43,22,"F2",300,1,0.3,60122,"fixed_1",TRUE,59.856,0.651495884708269,0.684890763862793,-0.0333948791545245,0.4875,FALSE,NA
107,2,44,22,"F2",300,1,0.5,60222,"fixed_1",TRUE,57.142,0.646063927516607,0.646063925501128,2.01547833977855e-09,0,FALSE,NA
108,3,51,22,"F2",1000,1,0.1,60322,"fixed_1",TRUE,334.242,0.550778294335783,0.579903546555691,-0.0291252522199087,0.566447368421053,FALSE,NA
109,4,52,22,"F2",1000,1,0.3,60422,"fixed_1",TRUE,253.981,0.548090068692282,0.55267427323284,-0.00458420454055719,0.2125,FALSE,NA
110,0,42,23,"F2",300,1,0.1,60023,"fixed_1",TRUE,64.16,0.476372274050608,0.488685059034422,-0.012312784983814,0.4375,FALSE,NA
111,1,43,23,"F2",300,1,0.3,60123,"fixed_1",TRUE,59.431,0.681899520537652,0.637246434061712,0.0446530864759396,0.2375,TRUE,NA
112,2,44,23,"F2",300,1,0.5,60223,"fixed_1",TRUE,58.146,0.615318082737123,0.647070191374269,-0.0317521086371463,0,TRUE,NA
113,3,51,23,"F2",1000,1,0.1,60323,"fixed_1",TRUE,358.85,0.703110111847609,0.719225576851467,-0.0161154650038583,0.1,FALSE,NA
114,4,52,23,"F2",1000,1,0.3,60423,"fixed_1",TRUE,256.796,0.530872652381149,0.543229721651023,-0.0123570692698738,0,FALSE,NA
115,0,42,24,"F2",300,1,0.1,60024,"fixed_1",TRUE,64.216,0.649028982455557,0.685570439920506,-0.0365414574649491,0.5,FALSE,NA
116,1,43,24,"F2",300,1,0.3,60124,"fixed_1",TRUE,58.698,0.525088674514087,0.518311111569535,0.00677756294455134,0.197368421052632,FALSE,NA
117,2,44,24,"F2",300,1,0.5,60224,"fixed_1",TRUE,57.94,0.668637905056862,0.668090468407279,0.000547436649582789,0.2875,FALSE,NA
118,3,51,24,"F2",1000,1,0.1,60324,"fixed_1",TRUE,375.209,0.540809084723047,0.552657770518111,-0.0118486857950638,0.276315789473684,FALSE,NA
119,4,52,24,"F2",1000,1,0.3,60424,"fixed_1",TRUE,259.886,0.527576914763843,0.538966398296148,-0.0113894835323044,0.5,FALSE,NA
120,0,42,25,"F2",300,1,0.1,60025,"fixed_1",TRUE,63.48,0.586660405183124,0.57394320390674,0.0127172012763841,0.553405572755418,FALSE,NA
121,1,43,25,"F2",300,1,0.3,60125,"fixed_1",TRUE,60.08,0.587379947111076,0.630240792403729,-0.0428608452926531,0.473684210526316,FALSE,NA
122,2,44,25,"F2",300,1,0.5,60225,"fixed_1",TRUE,57.527,0.764353792212343,0.78736545983042,-0.0230116676180773,0.25,TRUE,NA
123,3,51,25,"F2",1000,1,0.1,60325,"fixed_1",TRUE,362.093,0.538061218869448,0.550967717418662,-0.0129064985492139,0.225,FALSE,NA
124,4,52,25,"F2",1000,1,0.3,60425,"fixed_1",TRUE,258.393,0.552947820206823,0.563238474690067,-0.0102906544832434,0.1125,FALSE,NA
125,0,42,26,"F2",300,1,0.1,60026,"fixed_1",TRUE,64.889,0.540579849872077,0.603794612100144,-0.063214762228067,0.5,FALSE,NA
126,1,43,26,"F2",300,1,0.3,60126,"fixed_1",TRUE,59.532,0.594182559028804,0.649505273465523,-0.0553227144367193,0.25,FALSE,NA
127,2,44,26,"F2",300,1,0.5,60226,"fixed_1",TRUE,58.789,0.730627973565261,0.726338821594705,0.00428915197055535,0.486111111111111,FALSE,NA
128,3,51,26,"F2",1000,1,0.1,60326,"fixed_1",TRUE,383.498,0.541059286789769,0.552797448600023,-0.011738161810254,0.475,FALSE,NA
129,4,52,26,"F2",1000,1,0.3,60426,"fixed_1",TRUE,233.058,0.495965317348963,0.496872622744114,-0.00090730539515077,0.355921052631579,FALSE,NA
130,0,42,27,"F2",300,1,0.1,60027,"fixed_1",TRUE,64.594,0.581635403082143,0.606490251385312,-0.0248548483031691,0.519078947368421,FALSE,NA
131,1,43,27,"F2",300,1,0.3,60127,"fixed_1",TRUE,62.027,0.657586454347375,0.733736456359528,-0.0761500020121537,0.575851393188854,FALSE,NA
132,2,44,27,"F2",300,1,0.5,60227,"fixed_1",TRUE,59.162,0.651180314268773,0.672060200049968,-0.0208798857811955,0.859868421052632,FALSE,NA
133,3,51,27,"F2",1000,1,0.1,60327,"fixed_1",TRUE,369.351,0.570746552404995,0.590625466958366,-0.0198789145533709,0.7375,FALSE,NA
134,4,52,27,"F2",1000,1,0.3,60427,"fixed_1",TRUE,246.661,0.497068194577491,0.499026037486503,-0.00195784290901252,0.254605263157895,FALSE,NA
135,0,42,28,"F2",300,1,0.1,60028,"fixed_1",TRUE,63.976,0.583100057221136,0.622244262079723,-0.0391442048585865,0.45,FALSE,NA
136,1,43,28,"F2",300,1,0.3,60128,"fixed_1",TRUE,60.064,0.562124642472998,0.587249401199883,-0.0251247587268849,0.425,FALSE,NA
137,2,44,28,"F2",300,1,0.5,60228,"fixed_1",TRUE,61.232,0.800047672543119,0.794086069395801,0.00596160314731786,0.368421052631579,FALSE,NA
138,3,51,28,"F2",1000,1,0.1,60328,"fixed_1",TRUE,337.663,0.528980985809683,0.553080722792149,-0.024099736982466,0.538815789473684,FALSE,NA
139,4,52,28,"F2",1000,1,0.3,60428,"fixed_1",TRUE,241.924,0.601756650748189,0.627021057103837,-0.0252644063556476,0.3125,FALSE,NA
140,0,42,29,"F2",300,1,0.1,60029,"fixed_1",TRUE,62.73,0.62588693579893,0.62776089915066,-0.0018739633517294,0.5,FALSE,NA
141,1,43,29,"F2",300,1,0.3,60129,"fixed_1",TRUE,59.611,0.760788978740917,0.791108843311866,-0.0303198645709495,0.6625,FALSE,NA
142,2,44,29,"F2",300,1,0.5,60229,"fixed_1",TRUE,58.353,0.53458818138071,0.538238294699678,-0.00365011331896792,0.3625,FALSE,NA
143,3,51,29,"F2",1000,1,0.1,60329,"fixed_1",TRUE,338.66,0.563906018688504,0.5963447782505,-0.0324387595619963,0.713888888888889,FALSE,NA
144,4,52,29,"F2",1000,1,0.3,60429,"fixed_1",TRUE,244.267,0.658714101452067,0.671228170131122,-0.0125140686790551,0.35,FALSE,NA
145,0,42,30,"F2",300,1,0.1,60030,"fixed_1",TRUE,62.878,0.610546789641981,0.666317330383764,-0.055770540741783,0.45,FALSE,NA
146,1,43,30,"F2",300,1,0.3,60130,"fixed_1",TRUE,61.826,0.603400510166286,0.595560651816191,0.00783985835009571,0.472222222222222,FALSE,NA
147,2,44,30,"F2",300,1,0.5,60230,"fixed_1",TRUE,58.981,0.686565255218528,0.698234949054113,-0.0116696938355846,0.559868421052632,FALSE,NA
148,3,51,30,"F2",1000,1,0.1,60330,"fixed_1",TRUE,370.797,0.489886435600962,0.512760978755516,-0.0228745431545541,0.381578947368421,FALSE,NA
149,4,52,30,"F2",1000,1,0.3,60430,"fixed_1",TRUE,252.96,0.509609143275392,0.518918533193455,-0.00930938991806352,0.3125,FALSE,NA
150,0,42,31,"F2",300,1,0.1,60031,"fixed_1",TRUE,64.919,0.587770566372037,0.55452597576418,0.0332445906078566,0.194444444444444,FALSE,NA
151,1,43,31,"F2",300,1,0.3,60131,"fixed_1",TRUE,60.461,0.688557815196664,0.706407847395772,-0.0178500321991081,0.444444444444444,FALSE,NA
152,2,44,31,"F2",300,1,0.5,60231,"fixed_1",TRUE,58.824,0.655394558051425,0.676881290829286,-0.0214867327778614,0.552485380116959,FALSE,NA
153,3,51,31,"F2",1000,1,0.1,60331,"fixed_1",TRUE,378.572,0.483411901750207,0.499823703657352,-0.0164118019071449,0.5,FALSE,NA
154,4,52,31,"F2",1000,1,0.3,60431,"fixed_1",TRUE,239.121,0.448495000764972,0.465079422112115,-0.0165844213471436,0.775,FALSE,NA
155,0,42,32,"F2",300,1,0.1,60032,"fixed_1",TRUE,67.564,0.604448173358202,0.578190216176078,0.0262579571821233,0.4125,FALSE,NA
156,1,43,32,"F2",300,1,0.3,60132,"fixed_1",TRUE,60.287,0.539650930808503,0.525361100219464,0.0142898305890395,0.369078947368421,FALSE,NA
157,2,44,32,"F2",300,1,0.5,60232,"fixed_1",TRUE,61.62,0.62307185870515,0.604096900583192,0.0189749581219577,0.25,TRUE,NA
158,3,51,32,"F2",1000,1,0.1,60332,"fixed_1",TRUE,339.087,0.499030044522479,0.525476742564251,-0.026446698041772,0.5,FALSE,NA
159,4,52,32,"F2",1000,1,0.3,60432,"fixed_1",TRUE,258.736,0.595031406940423,0.609706412551462,-0.0146750056110388,0.4625,FALSE,NA
160,0,42,33,"F2",300,1,0.1,60033,"fixed_1",TRUE,64.74,0.597122297933384,0.62327874306011,-0.0261564451267254,0.486842105263158,FALSE,NA
161,1,43,33,"F2",300,1,0.3,60133,"fixed_1",TRUE,61.595,0.512977250710922,0.530010878199511,-0.0170336274885889,0.25,FALSE,NA
162,2,44,33,"F2",300,1,0.5,60233,"fixed_1",TRUE,60.661,0.758111725498939,0.748211207075144,0.00990051842379502,0.25,TRUE,NA
163,3,51,33,"F2",1000,1,0.1,60333,"fixed_1",TRUE,341.822,0.592416317341609,0.625737318377054,-0.0333210010354449,0.475,FALSE,NA
164,4,52,33,"F2",1000,1,0.3,60433,"fixed_1",TRUE,237.296,0.552147401410929,0.562226775212127,-0.0100793738011975,0.2625,FALSE,NA
165,0,42,34,"F2",300,1,0.1,60034,"fixed_1",TRUE,66.288,0.456332505637047,0.480477577225248,-0.024145071588201,0.4875,FALSE,NA
166,1,43,34,"F2",300,1,0.3,60134,"fixed_1",TRUE,62.033,0.542491074246114,0.556767321925703,-0.0142762476795892,0.475,FALSE,NA
167,2,44,34,"F2",300,1,0.5,60234,"fixed_1",TRUE,61.214,0.577824529712376,0.593796014569927,-0.0159714848575515,0.25,FALSE,NA
168,3,51,34,"F2",1000,1,0.1,60334,"fixed_1",TRUE,361.044,0.482042168129669,0.495897775199366,-0.0138556070696972,0.4125,FALSE,NA
169,4,52,34,"F2",1000,1,0.3,60434,"fixed_1",TRUE,260.092,0.589895187111565,0.595250599700766,-0.00535541258920069,0.09375,FALSE,NA
170,0,42,35,"F2",300,1,0.1,60035,"fixed_1",TRUE,64.958,0.478176779681466,0.530957728355469,-0.0527809486740037,0.675,FALSE,NA
171,1,43,35,"F2",300,1,0.3,60135,"fixed_1",TRUE,63.939,0.682318971165256,0.69541084321652,-0.0130918720512642,0.475,FALSE,NA
172,2,44,35,"F2",300,1,0.5,60235,"fixed_1",TRUE,61.717,0.667827640427827,0.687930779439887,-0.0201031390120598,0.2,FALSE,NA
173,3,51,35,"F2",1000,1,0.1,60335,"fixed_1",TRUE,325.748,0.543991080342338,0.553387042063203,-0.00939596172086532,0.775,FALSE,NA
174,4,52,35,"F2",1000,1,0.3,60435,"fixed_1",TRUE,252.126,0.466813434955573,0.467714520979008,-0.000901086023435083,0,FALSE,NA
175,0,42,36,"F2",300,1,0.1,60036,"fixed_1",TRUE,64.984,0.616204373008717,0.690217597670911,-0.0740132246621934,0.5125,FALSE,NA
176,1,43,36,"F2",300,1,0.3,60136,"fixed_1",TRUE,61.213,0.774038119315165,0.633255178967674,0.140782940347491,0.1,TRUE,NA
177,2,44,36,"F2",300,1,0.5,60236,"fixed_1",TRUE,57.557,0.612353278240815,0.61831402614613,-0.0059607479053152,0.25,FALSE,NA
178,3,51,36,"F2",1000,1,0.1,60336,"fixed_1",TRUE,338.877,0.566490116517376,0.578794777927873,-0.0123046614104965,0.475,FALSE,NA
179,4,52,36,"F2",1000,1,0.3,60436,"fixed_1",TRUE,254.347,0.523522972545234,0.540493035160147,-0.0169700626149133,0.2375,FALSE,NA
180,0,42,37,"F2",300,1,0.1,60037,"fixed_1",TRUE,67.613,0.549989394869954,0.571453298625633,-0.0214639037556785,0.4125,FALSE,NA
181,1,43,37,"F2",300,1,0.3,60137,"fixed_1",TRUE,63.276,0.540341863043597,0.556777335161645,-0.0164354721180477,0.5625,FALSE,NA
182,2,44,37,"F2",300,1,0.5,60237,"fixed_1",TRUE,59.126,0.887561830569956,0.913336503737367,-0.0257746731674108,0.376388888888889,FALSE,NA
183,3,51,37,"F2",1000,1,0.1,60337,"fixed_1",TRUE,363.03,0.509539705616056,0.538829802177271,-0.0292900965612156,0.4875,FALSE,NA
184,4,52,37,"F2",1000,1,0.3,60437,"fixed_1",TRUE,238.63,0.631846841180871,0.638999119392783,-0.00715227821191156,0.25,FALSE,NA
185,0,42,38,"F2",300,1,0.1,60038,"fixed_1",TRUE,64.817,0.521036423447781,0.53524730772538,-0.0142108842775988,0.5,FALSE,NA
186,1,43,38,"F2",300,1,0.3,60138,"fixed_1",TRUE,61.723,0.557830802958268,0.572820565539248,-0.0149897625809799,0.308552631578947,FALSE,NA
187,2,44,38,"F2",300,1,0.5,60238,"fixed_1",TRUE,61.859,0.508306157420058,0.515011270409737,-0.00670511298967913,0.4625,FALSE,NA
188,3,51,38,"F2",1000,1,0.1,60338,"fixed_1",TRUE,320.63,0.60399144942783,0.62581842239314,-0.0218269729653097,0.625,FALSE,NA
189,4,52,38,"F2",1000,1,0.3,60438,"fixed_1",TRUE,240.437,0.536419255987787,0.541939580050892,-0.00552032406310488,0.2375,FALSE,NA
190,0,42,39,"F2",300,1,0.1,60039,"fixed_1",TRUE,68.432,0.658842498457322,0.669497743580472,-0.0106552451231505,0.144736842105263,FALSE,NA
191,1,43,39,"F2",300,1,0.3,60139,"fixed_1",TRUE,63.717,0.536573000335088,0.542501492855861,-0.00592849252077321,0.4375,FALSE,NA
192,2,44,39,"F2",300,1,0.5,60239,"fixed_1",TRUE,62.348,0.621978947936718,0.660491017061878,-0.0385120691251603,0.486111111111111,FALSE,NA
193,3,51,39,"F2",1000,1,0.1,60339,"fixed_1",TRUE,321.465,0.482045267274411,0.522152780968748,-0.0401075136943366,0.5,FALSE,NA
194,4,52,39,"F2",1000,1,0.3,60439,"fixed_1",TRUE,261.419,0.653548179603138,0.672861928233087,-0.0193137486299489,0.4875,FALSE,NA
195,0,42,40,"F2",300,1,0.1,60040,"fixed_1",TRUE,66.897,0.49188715631459,0.505534050930304,-0.0136468946157136,0.675,FALSE,NA
196,1,43,40,"F2",300,1,0.3,60140,"fixed_1",TRUE,64.748,0.561510679458439,0.584379658747782,-0.0228689792893436,0.7125,FALSE,NA
197,2,44,40,"F2",300,1,0.5,60240,"fixed_1",TRUE,63.029,0.825591173491709,0.842892208929922,-0.0173010354382137,0,TRUE,NA
198,3,51,40,"F2",1000,1,0.1,60340,"fixed_1",TRUE,316.01,0.477915238394294,0.505544768398569,-0.0276295300042753,0.725,FALSE,NA
199,4,52,40,"F2",1000,1,0.3,60440,"fixed_1",TRUE,228.205,0.598709903497598,0.626805937919119,-0.0280960344215215,0.475,FALSE,NA
200,0,42,41,"F2",300,1,0.1,60041,"fixed_1",TRUE,69.455,0.516198817712462,0.544658895943249,-0.0284600782307869,0.4,FALSE,NA
201,1,43,41,"F2",300,1,0.3,60141,"fixed_1",TRUE,64.8,0.627012141565244,0.635844576495094,-0.00883243492984975,0,FALSE,NA
202,2,44,41,"F2",300,1,0.5,60241,"fixed_1",TRUE,63.729,0.508442337664682,0.504456882847223,0.00398545481745871,0.543201754385965,FALSE,NA
203,3,51,41,"F2",1000,1,0.1,60341,"fixed_1",TRUE,347.378,0.558678557784824,0.555438701650779,0.00323985613404476,0.51875,FALSE,NA
204,4,52,41,"F2",1000,1,0.3,60441,"fixed_1",TRUE,237.873,0.465813170045147,0.46703130202186,-0.00121813197671389,0.0588235294117647,FALSE,NA
205,0,42,42,"F2",300,1,0.1,60042,"fixed_1",TRUE,69.972,0.501938424417673,0.571018800404686,-0.0690803759870129,0.448611111111111,FALSE,NA
206,1,43,42,"F2",300,1,0.3,60142,"fixed_1",TRUE,63.929,0.643133159117909,0.669676663751967,-0.0265435046340579,0.674342105263158,FALSE,NA
207,2,44,42,"F2",300,1,0.5,60242,"fixed_1",TRUE,65.44,0.522981961734893,0.524300222712705,-0.00131826097781162,0.4875,FALSE,NA
208,3,51,42,"F2",1000,1,0.1,60342,"fixed_1",TRUE,339.695,0.588519169936322,0.614558104964105,-0.0260389350277829,0.5,FALSE,NA
209,4,52,42,"F2",1000,1,0.3,60442,"fixed_1",TRUE,253.358,0.670578719864025,0.669458461562284,0.0011202583017409,0.188888888888889,FALSE,NA
210,0,42,43,"F2",300,1,0.1,60043,"fixed_1",TRUE,69.963,0.605082775216308,0.620430130006839,-0.0153473547905307,0.25,FALSE,NA
211,1,43,43,"F2",300,1,0.3,60143,"fixed_1",TRUE,65.968,0.622724317183643,0.615001261702145,0.00772305548149721,0.392857142857143,FALSE,NA
212,2,44,43,"F2",300,1,0.5,60243,"fixed_1",TRUE,63.702,0.584479099324659,0.591825368466738,-0.00734626914207959,0.25,FALSE,NA
213,3,51,43,"F2",1000,1,0.1,60343,"fixed_1",TRUE,369.101,0.489851479691498,0.493277063705768,-0.00342558401426968,0.2125,FALSE,NA
214,4,52,43,"F2",1000,1,0.3,60443,"fixed_1",TRUE,232.782,0.539745251403173,0.541878201503358,-0.00213295010018477,0,FALSE,NA
215,0,42,44,"F2",300,1,0.1,60044,"fixed_1",TRUE,68.735,0.576048843455001,0.689045687903608,-0.112996844448607,0.45,FALSE,NA
216,1,43,44,"F2",300,1,0.3,60144,"fixed_1",TRUE,66.715,0.644487099561641,0.63842863104685,0.00605846851479164,0,FALSE,NA
217,2,44,44,"F2",300,1,0.5,60244,"fixed_1",TRUE,62.085,0.601796374382798,0.587799292387147,0.0139970819956505,0,TRUE,NA
218,3,51,44,"F2",1000,1,0.1,60344,"fixed_1",TRUE,313.87,0.547756077082388,0.567484132897647,-0.0197280558152582,0.45,FALSE,NA
219,4,52,44,"F2",1000,1,0.3,60444,"fixed_1",TRUE,253.059,0.586029693944678,0.596038666043435,-0.0100089720987564,0.25,FALSE,NA
220,0,42,45,"F2",300,1,0.1,60045,"fixed_1",TRUE,70.924,0.546109729630654,0.580927842862615,-0.0348181132319612,0.5,FALSE,NA
221,1,43,45,"F2",300,1,0.3,60145,"fixed_1",TRUE,65.395,0.594193662859005,0.635945248161568,-0.0417515853025628,0.6125,FALSE,NA
222,2,44,45,"F2",300,1,0.5,60245,"fixed_1",TRUE,64.704,0.636479452034534,0.651751024538379,-0.0152715725038451,0.375,FALSE,NA
223,3,51,45,"F2",1000,1,0.1,60345,"fixed_1",TRUE,349.253,0.577273472330356,0.590692355453071,-0.013418883122715,0.8125,FALSE,NA
224,4,52,45,"F2",1000,1,0.3,60445,"fixed_1",TRUE,223.917,0.514102355118562,0.515613379595031,-0.00151102447646956,0.375,FALSE,NA
225,0,42,46,"F2",300,1,0.1,60046,"fixed_1",TRUE,69.427,0.684626347339086,0.715321348145554,-0.0306950008064675,0.5,FALSE,NA
226,1,43,46,"F2",300,1,0.3,60146,"fixed_1",TRUE,67.72,0.536276119323273,0.524527834947193,0.0117482843760792,0.219852941176471,FALSE,NA
227,2,44,46,"F2",300,1,0.5,60246,"fixed_1",TRUE,64.383,0.528173728739116,0.522163035810745,0.00601069292837131,0.263888888888889,FALSE,NA
228,3,51,46,"F2",1000,1,0.1,60346,"fixed_1",TRUE,346.426,0.641784006877239,0.6581072849506,-0.0163232780733609,0.45,FALSE,NA
229,4,52,46,"F2",1000,1,0.3,60446,"fixed_1",TRUE,218.398,0.589037628440637,0.602178724573674,-0.0131410961330377,0.5,FALSE,NA
230,0,42,47,"F2",300,1,0.1,60047,"fixed_1",TRUE,68.841,0.644718518440171,0.6785791224096,-0.0338606039694291,0.667397660818713,FALSE,NA
231,1,43,47,"F2",300,1,0.3,60147,"fixed_1",TRUE,66.366,0.581570634239678,0.61033110757749,-0.0287604733378123,0.3375,FALSE,NA
232,2,44,47,"F2",300,1,0.5,60247,"fixed_1",TRUE,63.314,0.756363787807179,0.779717879800467,-0.0233540919932875,0.25,FALSE,NA
233,3,51,47,"F2",1000,1,0.1,60347,"fixed_1",TRUE,342.185,0.564216039475205,0.5930284221864,-0.0288123827111944,0.5,FALSE,NA
234,4,52,47,"F2",1000,1,0.3,60447,"fixed_1",TRUE,229.94,0.531730613539463,0.530872212477356,0.000858401062106884,0.4875,FALSE,NA
235,0,42,48,"F2",300,1,0.1,60048,"fixed_1",TRUE,69.823,0.534430738570627,0.572975660517505,-0.0385449219468776,0.3875,FALSE,NA
236,1,43,48,"F2",300,1,0.3,60148,"fixed_1",TRUE,65.084,0.575382527483982,0.641191482136334,-0.0658089546523521,0.502226720647773,FALSE,NA
237,2,44,48,"F2",300,1,0.5,60248,"fixed_1",TRUE,62.844,0.511755329367418,0.631445762719082,-0.119690433351663,0.375,FALSE,NA
238,3,51,48,"F2",1000,1,0.1,60348,"fixed_1",TRUE,303.272,0.556453333898379,0.593935510566195,-0.0374821766678163,0.35,FALSE,NA
239,4,52,48,"F2",1000,1,0.3,60448,"fixed_1",TRUE,218.651,0.517053216352594,0.54144328667788,-0.0243900703252861,0.331578947368421,FALSE,NA
240,0,42,49,"F2",300,1,0.1,60049,"fixed_1",TRUE,69.68,0.564221339674856,0.56928797178157,-0.00506663210671388,0.225,FALSE,NA
241,1,43,49,"F2",300,1,0.3,60149,"fixed_1",TRUE,65.288,0.699393259170293,0.773570205111238,-0.0741769459409448,0.95,FALSE,NA
242,2,44,49,"F2",300,1,0.5,60249,"fixed_1",TRUE,64.944,0.692430238757303,0.692282198181396,0.000148040575906561,0,TRUE,NA
243,3,51,49,"F2",1000,1,0.1,60349,"fixed_1",TRUE,330.786,0.58404157755858,0.612470645400973,-0.0284290678423937,0.386842105263158,FALSE,NA
244,4,52,49,"F2",1000,1,0.3,60449,"fixed_1",TRUE,231.719,0.512097444565588,0.510018003618966,0.00207944094662227,0.2,FALSE,NA
245,0,42,50,"F2",300,1,0.1,60050,"fixed_1",TRUE,71.375,0.444518792040815,0.458902690242315,-0.0143838982014997,0.460808270676692,FALSE,NA
246,1,43,50,"F2",300,1,0.3,60150,"fixed_1",TRUE,68.737,0.68052648457608,0.728708695224111,-0.0481822106480315,0.793055555555556,FALSE,NA
247,2,44,50,"F2",300,1,0.5,60250,"fixed_1",TRUE,64.133,0.691157124890896,0.691990580516812,-0.00083345562591608,0,FALSE,NA
248,3,51,50,"F2",1000,1,0.1,60350,"fixed_1",TRUE,333.779,0.397284167633254,0.433758670055723,-0.0364745024224692,0.680921052631579,FALSE,NA
249,4,52,50,"F2",1000,1,0.3,60450,"fixed_1",TRUE,217.838,0.566724728024923,0.592953771987958,-0.0262290439630342,0.32828947368421,FALSE,NA
250,0,42,51,"F2",300,1,0.1,60051,"fixed_1",TRUE,72.211,0.641768091045066,0.641218703441295,0.000549387603771767,0.5,FALSE,NA
251,1,43,51,"F2",300,1,0.3,60151,"fixed_1",TRUE,64.21,0.722575844239812,0.7260977289702,-0.0035218847303875,0.65,FALSE,NA
252,2,44,51,"F2",300,1,0.5,60251,"fixed_1",TRUE,64.795,0.703671614688862,0.703573525786279,9.80889025831155e-05,0.236842105263158,FALSE,NA
253,3,51,51,"F2",1000,1,0.1,60351,"fixed_1",TRUE,292.644,0.493226660902807,0.514436024499651,-0.0212093635968435,0.486184210526316,FALSE,NA
254,4,52,51,"F2",1000,1,0.3,60451,"fixed_1",TRUE,221.003,0.590932870252478,0.602372193706833,-0.0114393234543551,0.522794117647059,FALSE,NA
255,0,42,52,"F2",300,1,0.1,60052,"fixed_1",TRUE,67.621,0.587000441536249,0.63241818748592,-0.0454177459496714,0.407894736842105,FALSE,NA
256,1,43,52,"F2",300,1,0.3,60152,"fixed_1",TRUE,63.872,0.611082486530853,0.649036324893236,-0.0379538383623833,0.2375,FALSE,NA
257,2,44,52,"F2",300,1,0.5,60252,"fixed_1",TRUE,63.221,0.505162587794019,0.512768804743093,-0.00760621694907415,0.25,FALSE,NA
258,3,51,52,"F2",1000,1,0.1,60352,"fixed_1",TRUE,305.172,0.536545926853307,0.552196419014367,-0.01565049216106,0.25,FALSE,NA
259,4,52,52,"F2",1000,1,0.3,60452,"fixed_1",TRUE,223.556,0.501580290600756,0.511427471088731,-0.00984718048797495,0.368421052631579,FALSE,NA
260,0,42,53,"F2",300,1,0.1,60053,"fixed_1",TRUE,66.604,0.614613221133569,0.646429371062912,-0.0318161499293426,0.210526315789474,FALSE,NA
261,1,43,53,"F2",300,1,0.3,60153,"fixed_1",TRUE,63.689,0.576830788371219,0.611001487806992,-0.0341706994357727,0.5875,FALSE,NA
262,2,44,53,"F2",300,1,0.5,60253,"fixed_1",TRUE,62.448,0.643010379231029,0.643010377471272,1.75975700678066e-09,0,FALSE,NA
263,3,51,53,"F2",1000,1,0.1,60353,"fixed_1",TRUE,328.885,0.602011299427802,0.609185431072844,-0.0071741316450421,0.1375,FALSE,NA
264,4,52,53,"F2",1000,1,0.3,60453,"fixed_1",TRUE,214.418,0.542981564721013,0.543870884271443,-0.000889319550429146,0,FALSE,NA
265,0,42,54,"F2",300,1,0.1,60054,"fixed_1",TRUE,67.805,0.537508526747574,0.571954083288337,-0.0344455565407629,0.65,FALSE,NA
266,1,43,54,"F2",300,1,0.3,60154,"fixed_1",TRUE,65.512,0.788461586546048,0.839295021703192,-0.0508334351571444,0.5,FALSE,NA
267,2,44,54,"F2",300,1,0.5,60254,"fixed_1",TRUE,63.039,0.63018330123771,0.627192268084687,0.00299103315302252,0.472136222910217,TRUE,NA
268,3,51,54,"F2",1000,1,0.1,60354,"fixed_1",TRUE,333.396,0.569641393772178,0.585075099520723,-0.0154337057485443,0.3875,FALSE,NA
269,4,52,54,"F2",1000,1,0.3,60454,"fixed_1",TRUE,217.458,0.535546019454779,0.542389285194475,-0.00684326573969618,0.636111111111111,FALSE,NA
270,0,42,55,"F2",300,1,0.1,60055,"fixed_1",TRUE,67.258,0.468342782696178,0.491193087438006,-0.0228503047418276,0.3,FALSE,NA
271,1,43,55,"F2",300,1,0.3,60155,"fixed_1",TRUE,62.983,0.556453080577077,0.584472501835908,-0.0280194212588307,0.5,FALSE,NA
272,2,44,55,"F2",300,1,0.5,60255,"fixed_1",TRUE,63.739,0.732244338638685,0.758331298900474,-0.0260869602617891,0.197368421052632,FALSE,NA
273,3,51,55,"F2",1000,1,0.1,60355,"fixed_1",TRUE,288.773,0.551264875957108,0.563345095157476,-0.0120802192003681,0.45,FALSE,NA
274,4,52,55,"F2",1000,1,0.3,60455,"fixed_1",TRUE,227.496,0.573144890880476,0.602587778144961,-0.0294428872644853,0.2375,FALSE,NA
275,0,42,56,"F2",300,1,0.1,60056,"fixed_1",TRUE,64.79,0.614277906108155,0.61747975413753,-0.00320184802937518,0.292763157894737,FALSE,NA
276,1,43,56,"F2",300,1,0.3,60156,"fixed_1",TRUE,62.983,0.622444956002473,0.622508965085158,-6.40090826851125e-05,0.3875,FALSE,NA
277,2,44,56,"F2",300,1,0.5,60256,"fixed_1",TRUE,62.689,0.659842846553944,0.681960444381525,-0.022117597827581,0.381578947368421,FALSE,NA
278,3,51,56,"F2",1000,1,0.1,60356,"fixed_1",TRUE,290.453,0.503655523261713,0.514174916451823,-0.0105193931901107,0.3625,FALSE,NA
279,4,52,56,"F2",1000,1,0.3,60456,"fixed_1",TRUE,212.223,0.634548948611899,0.62945200020238,0.00509694840951902,0.210526315789474,FALSE,NA
280,0,42,57,"F2",300,1,0.1,60057,"fixed_1",TRUE,65.566,0.50173360373072,0.49828082656422,0.00345277716650089,0.5125,FALSE,NA
281,1,43,57,"F2",300,1,0.3,60157,"fixed_1",TRUE,61.11,0.591275252172851,0.598936936855753,-0.00766168468290174,0.225,FALSE,NA
282,2,44,57,"F2",300,1,0.5,60257,"fixed_1",TRUE,62.066,0.71862754035257,0.765324195873208,-0.0466966555206378,0.5,TRUE,NA
283,3,51,57,"F2",1000,1,0.1,60357,"fixed_1",TRUE,297.376,0.487811351475761,0.493392644913184,-0.00558129343742358,0.5375,FALSE,NA
284,4,52,57,"F2",1000,1,0.3,60457,"fixed_1",TRUE,217.376,0.574737646682371,0.589362203936239,-0.0146245572538685,0.4625,FALSE,NA
285,0,42,58,"F2",300,1,0.1,60058,"fixed_1",TRUE,66.866,0.504469647422871,0.514426055449869,-0.00995640802699793,0.447368421052632,FALSE,NA
286,1,43,58,"F2",300,1,0.3,60158,"fixed_1",TRUE,61.46,0.655180032549829,0.653618511078293,0.00156152147153577,0,FALSE,NA
287,2,44,58,"F2",300,1,0.5,60258,"fixed_1",TRUE,58.663,0.700134118725127,0.66670512791946,0.0334289908056667,0.171052631578947,FALSE,NA
288,3,51,58,"F2",1000,1,0.1,60358,"fixed_1",TRUE,313.088,0.576847509064546,0.583387027206775,-0.00653951814222908,0.4,FALSE,NA
289,4,52,58,"F2",1000,1,0.3,60458,"fixed_1",TRUE,226.573,0.497111761803878,0.533388382576848,-0.0362766207729694,0.624342105263158,FALSE,NA
290,0,42,59,"F2",300,1,0.1,60059,"fixed_1",TRUE,66.411,0.519317847798557,0.557961167838034,-0.0386433200394766,0.5625,FALSE,NA
291,1,43,59,"F2",300,1,0.3,60159,"fixed_1",TRUE,61.338,0.541171304809912,0.542401589783306,-0.00123028497339395,0.355263157894737,FALSE,NA
292,2,44,59,"F2",300,1,0.5,60259,"fixed_1",TRUE,61.888,0.675516334776342,0.644431432204952,0.0310849025713904,0.4625,FALSE,NA
293,3,51,59,"F2",1000,1,0.1,60359,"fixed_1",TRUE,280.363,0.540563546980111,0.568195116616684,-0.0276315696365732,0.6875,FALSE,NA
294,4,52,59,"F2",1000,1,0.3,60459,"fixed_1",TRUE,206.023,0.570962026327182,0.582560640920068,-0.0115986145928855,0.608333333333333,FALSE,NA
295,0,42,60,"F2",300,1,0.1,60060,"fixed_1",TRUE,65.977,0.512591008508274,0.522886591244426,-0.0102955827361518,0.486842105263158,FALSE,NA
296,1,43,60,"F2",300,1,0.3,60160,"fixed_1",TRUE,61.772,0.654772895107117,0.68219976863213,-0.0274268735250128,0.486842105263158,FALSE,NA
297,2,44,60,"F2",300,1,0.5,60260,"fixed_1",TRUE,59.803,0.893553281794161,0.851534812865361,0.0420184689288006,0.398611111111111,FALSE,NA
298,3,51,60,"F2",1000,1,0.1,60360,"fixed_1",TRUE,327.136,0.510827182098288,0.527391932278091,-0.0165647501798027,0.7,FALSE,NA
299,4,52,60,"F2",1000,1,0.3,60460,"fixed_1",TRUE,207.703,0.548182461543777,0.544922370867058,0.00326009067671995,0.1125,FALSE,NA
