"n","lambda","rho","arm","trait","n_fits","n_fits_trait_absent","n_fits_missing","accuracy","accuracy_se","brier","brier_se","ece","ece_se","set_coverage","set_coverage_se","set_size","set_size_se","mae_class","mae_class_se","frac_unanimous","frac_unanimous_se","n_na_draws"
100,0.3,0,"bace","bin",200,0,0,0.652416666666667,0.00758296518332534,0.509501666666667,0.0102920290145694,0.215783333333333,0.00580505120445294,0.911,0.0041409423667919,1.65916666666667,0.00979247965191197,NA,NA,0.197833333333333,0.00783012514937211,0
100,0.3,0,"bace","cat3",200,0,0,0.475472222222222,0.00793416571783492,0.727259553589782,0.0103836488745235,0.288173192619787,0.00659152969368496,0.887833333333333,0.00437894752912956,2.3495,0.0126477366702929,NA,NA,0.0561666666666667,0.00420428578759912,9766
100,0.3,0,"bace","ord",200,0,0,0.397111111111111,0.00786026589952064,0.759296666666667,0.00855960341747404,0.240877777777778,0.00575763324568769,0.863666666666667,0.00510283236983903,2.891,0.0241629379668384,0.9105,0.0145954711392876,0.0345,0.00416291288195636,0
100,0.3,0,"bace_chain","bin",200,0,0,0.652666666666667,0.00740135198237091,0.479679166666667,0.00927084526564643,0.193925,0.00503434460067518,0.941833333333333,0.00339965429976352,1.74716666666667,0.00980342098928961,NA,NA,0.138333333333333,0.0068961750700973,0
100,0.3,0,"bace_chain","cat3",200,0,0,0.474805555555556,0.00806143795506385,0.700895163636632,0.0100330219343586,0.261454923827176,0.0059825395015209,0.903583333333333,0.00400808350576283,2.42516666666667,0.0134614811234444,NA,NA,0.049,0.0040852856577771,9994
100,0.3,0,"bace_chain","ord",200,0,0,0.396013888888889,0.0087259453173244,0.737644166666667,0.00825083102234704,0.219233333333333,0.00518070767302111,0.893388888888889,0.00455600323275941,3.07383333333333,0.0243117174130793,0.900083333333333,0.0153727431491995,0.0221666666666667,0.00323366487101644,0
100,0.3,0,"bace_resid","bin",200,0,0,0.652416666666667,0.00758296518332534,0.509501666666667,0.0102920290145694,0.215783333333333,0.00580505120445294,0.911,0.0041409423667919,1.65916666666667,0.00979247965191197,NA,NA,0.197833333333333,0.00783012514937211,0
100,0.3,0,"bace_resid","cat3",200,0,0,0.475472222222222,0.00793416571783492,0.727259553589782,0.0103836488745235,0.288173192619787,0.00659152969368496,0.887833333333333,0.00437894752912956,2.3495,0.0126477366702929,NA,NA,0.0561666666666667,0.00420428578759912,9766
100,0.3,0,"bace_resid","ord",200,0,0,0.397111111111111,0.00786026589952064,0.759296666666667,0.00855960341747404,0.240877777777778,0.00575763324568769,0.863666666666667,0.00510283236983903,2.891,0.0241629379668384,0.9105,0.0145954711392876,0.0345,0.00416291288195636,0
100,0.3,0,"freqA","bin",200,0,0,0.58975,0.0088062442156648,0.497310833333333,0.00633294306713246,0.156508333333333,0.00461320171086477,0.988833333333333,0.00180385931575722,1.96333333333333,0.00591206736093041,NA,NA,0.015,0.00295839378757207,0
100,0.3,0,"freqA","cat3",200,0,0,0.42125,0.00898377585668833,0.685248333333333,0.00729442462702218,0.189583333333333,0.00519346201860507,0.956833333333333,0.0035031891030432,2.7745,0.0161632126030906,NA,NA,0.00933333333333334,0.0014596757401326,0
100,0.3,0,"freqA","ord",200,0,0,0.339097222222222,0.00839861221277817,0.763885,0.00586599915662521,0.181411111111111,0.00486519345214116,0.920583333333333,0.00394684372339271,3.45583333333333,0.025910486183185,1.02555555555556,0.0152482202277154,0.00283333333333334,0.00128942570503289,0
100,0.3,0,"freqA_er","bin",200,0,0,0.53625,0.00752108287447294,0.5203225,0.00528252918301212,0.148258333333333,0.00505593085761293,0.987,0.00226386169926776,1.9505,0.00855232360079066,NA,NA,0.0288333333333333,0.00566946181924995,0
100,0.3,0,"freqA_er","cat3",200,0,0,0.367166666666667,0.00805906275334245,0.6980675,0.00554663507551593,0.170808333333333,0.00527291173824576,0.976416666666667,0.00353706840130192,2.8865,0.0193589293683042,NA,NA,0.0173333333333333,0.00460597044144076,0
100,0.3,0,"freqA_er","ord",200,0,0,0.336652777777778,0.00817003830997221,0.760264166666667,0.00527033461600728,0.161705555555556,0.00445350575106638,0.944666666666667,0.0033723843184113,3.61733333333333,0.0213659194176804,1.07883333333333,0.0170018587751906,0.002,0.000608886362056486,0
100,0.3,0,"freqB","bin",200,0,0,0.590583333333333,0.0084328873333645,0.499096666666667,0.00660765637579388,0.155466666666667,0.00483225252167946,0.984666666666667,0.00228900218179771,1.955,0.00634812695219844,NA,NA,0.0198333333333333,0.00324933957985197,0
100,0.3,0,"freqB","cat3",200,0,0,0.429166666666667,0.00874107185886058,0.681229166666667,0.00698858879227486,0.188883333333333,0.00485655643685358,0.9515,0.00375140025969384,2.764,0.0175436919678137,NA,NA,0.0158333333333333,0.00357528506787681,0
100,0.3,0,"freqB","ord",200,0,0,0.336180555555556,0.00906328514186849,0.767731666666667,0.00596515107478919,0.187377777777778,0.00454792152230969,0.91775,0.0042605189452092,3.44483333333333,0.0269381050178778,1.03044444444444,0.0169541537019652,0.00733333333333334,0.00193645563160559,0
100,0.3,0,"freqB_er","bin",200,0,0,0.525,0.00738961197622236,0.526781666666667,0.00513777114483347,0.1525,0.00500609622776597,0.985,0.00239520738673307,1.94383333333333,0.0090150859976147,NA,NA,0.0321666666666667,0.00594210623143525,0
100,0.3,0,"freqB_er","cat3",200,0,0,0.363333333333333,0.00746759236903444,0.699755833333333,0.00571118326533136,0.167283333333333,0.00513783099860089,0.972833333333333,0.00408813770622773,2.877,0.0196285864757291,NA,NA,0.0203333333333333,0.00487011648911319,0
100,0.3,0,"freqB_er","ord",200,0,0,0.336430555555556,0.00779456435835318,0.759618333333333,0.00513995738374902,0.161602777777778,0.00467242634896877,0.941833333333333,0.0034647261351387,3.60816666666667,0.0206638803708822,1.06980555555556,0.0158578438073326,0.00266666666666667,0.000760557555039851,0
100,0.3,0,"mode_floor","bin",200,0,0,0.604333333333333,0.00889265344627047,NA,NA,NA,NA,NA,NA,NA,NA,NA,NA,NA,NA,NA
100,0.3,0,"mode_floor","cat3",200,0,0,0.431333333333333,0.00914899316511011,NA,NA,NA,NA,NA,NA,NA,NA,NA,NA,NA,NA,NA
100,0.3,0,"mode_floor","ord",200,0,0,0.347777777777778,0.00871630689177632,NA,NA,NA,NA,NA,NA,NA,NA,NA,NA,NA,NA,NA
100,0.3,0.5,"bace","bin",200,0,0,0.682666666666667,0.0070024722442938,0.4746125,0.010153876743503,0.207008333333333,0.00555492972117081,0.908,0.00431350961041342,1.58233333333333,0.009901553380774,NA,NA,0.273833333333333,0.00912986368702221,0
100,0.3,0.5,"bace","cat3",200,0,0,0.517222222222222,0.00757625584203089,0.679629713281102,0.00959055158470269,0.269538132253167,0.00600408386420783,0.896333333333333,0.00395952441746568,2.26816666666667,0.0147589935106441,NA,NA,0.0765,0.00489873728873155,9685
100,0.3,0.5,"bace","ord",200,0,0,0.424041666666667,0.00750050656673782,0.734659166666667,0.00872752048177322,0.249186111111111,0.0055400003862014,0.853555555555556,0.00587562637485184,2.6665,0.0211552152512875,0.820888888888889,0.0127438215580129,0.0571666666666667,0.00509199292613402,0
100,0.3,0.5,"bace_chain","bin",200,0,0,0.678,0.00688783064943356,0.450528333333333,0.00912374090576765,0.1829,0.0048713665610351,0.938166666666667,0.00336996206696381,1.6695,0.00907434859067352,NA,NA,0.201833333333333,0.00771200453570162,0
100,0.3,0.5,"bace_chain","cat3",200,0,0,0.516527777777778,0.00763147449931446,0.659283295690558,0.00906803128814718,0.248627516847331,0.00535494117482936,0.908666666666667,0.00368716669182296,2.32916666666667,0.0140270487286433,NA,NA,0.069,0.00520656502644988,9882
100,0.3,0.5,"bace_chain","ord",200,0,0,0.431583333333333,0.00757644289702605,0.710903333333333,0.00847199852557286,0.221363888888889,0.00547901602139946,0.883527777777778,0.0052279714453447,2.80883333333333,0.0209509777179177,0.798472222222222,0.0122680058115498,0.0406666666666667,0.00418820230241605,0
100,0.3,0.5,"bace_resid","bin",200,0,0,0.682666666666667,0.0070024722442938,0.4746125,0.010153876743503,0.207008333333333,0.00555492972117081,0.908,0.00431350961041342,1.58233333333333,0.009901553380774,NA,NA,0.273833333333333,0.00912986368702221,0
100,0.3,0.5,"bace_resid","cat3",200,0,0,0.517222222222222,0.00757625584203089,0.679629713281102,0.00959055158470269,0.269538132253167,0.00600408386420783,0.896333333333333,0.00395952441746568,2.26816666666667,0.0147589935106441,NA,NA,0.0765,0.00489873728873155,9685
100,0.3,0.5,"bace_resid","ord",200,0,0,0.424041666666667,0.00750050656673782,0.734659166666667,0.00872752048177322,0.249186111111111,0.0055400003862014,0.853555555555556,0.00587562637485184,2.6665,0.0211552152512875,0.820888888888889,0.0127438215580129,0.0571666666666667,0.00509199292613402,0
100,0.3,0.5,"freqA","bin",200,0,0,0.578416666666667,0.00910482221401688,0.50253,0.00656727668518262,0.158966666666667,0.00485312703189566,0.987666666666667,0.00229472728466792,1.9585,0.0072696238969053,NA,NA,0.0203333333333333,0.00467712396178256,0
100,0.3,0.5,"freqA","cat3",200,0,0,0.421666666666667,0.00915847814557902,0.685405833333333,0.00674936899438058,0.187616666666667,0.0050465796555676,0.955583333333333,0.00339408108803558,2.78816666666667,0.0162938152160165,NA,NA,0.00783333333333334,0.0015309481849686,0
100,0.3,0.5,"freqA","ord",200,0,0,0.33175,0.00823804420882921,0.773446666666667,0.00550080012453191,0.189133333333333,0.00502197948351786,0.914583333333333,0.00482853807255458,3.47966666666667,0.0245640833980868,1.04358333333333,0.014864406560211,0.0035,0.00121404170607861,0
100,0.3,0.5,"freqA_er","bin",200,0,0,0.539166666666667,0.00729239946066547,0.517436666666667,0.00510092632898529,0.142316666666667,0.00449555879234029,0.984333333333333,0.00275472286188365,1.94566666666667,0.00953792863442577,NA,NA,0.0298333333333333,0.00639914453732711,0
100,0.3,0.5,"freqA_er","cat3",200,0,0,0.3575,0.00759524484641149,0.698665,0.00451547528125598,0.174658333333333,0.00473061735695136,0.979833333333333,0.00291463796400082,2.90216666666667,0.0167653319082022,NA,NA,0.0143333333333333,0.00373994091026632,0
100,0.3,0.5,"freqA_er","ord",200,0,0,0.318666666666667,0.00776146290789466,0.767349166666667,0.00493070612815752,0.170030555555556,0.00431193480603683,0.943277777777778,0.00351994617758851,3.6345,0.0211629733387351,1.09908333333333,0.0149573279698454,0.0025,0.00102828506954764,0
100,0.3,0.5,"freqB","bin",200,0,0,0.578416666666667,0.0089782271998202,0.50519,0.00663471794341865,0.152033333333333,0.00501516627813275,0.983666666666667,0.00258836032207566,1.94883333333333,0.00822586482006408,NA,NA,0.025,0.00556043894808367,0
100,0.3,0.5,"freqB","cat3",200,0,0,0.422666666666667,0.00925553842976142,0.683033333333333,0.00675768592755519,0.187625,0.00488923139995444,0.950166666666667,0.00383020045309482,2.77216666666667,0.017384503615025,NA,NA,0.0115,0.00224910801849058,0
100,0.3,0.5,"freqB","ord",200,0,0,0.329430555555556,0.0078026417577058,0.775936666666667,0.00543867511352793,0.183563888888889,0.00493591645552994,0.917555555555556,0.00481583404865838,3.47733333333333,0.0258596046240486,1.03705555555556,0.014446812394489,0.006,0.00143264951940433,0
100,0.3,0.5,"freqB_er","bin",200,0,0,0.535416666666667,0.00738010202629214,0.517048333333333,0.00479120372681756,0.142266666666667,0.00498438432528808,0.983333333333333,0.00273529773754329,1.94133333333333,0.00954650084543859,NA,NA,0.0341666666666667,0.00643412480702576,0
100,0.3,0.5,"freqB_er","cat3",200,0,0,0.356,0.00756973904374493,0.699290833333333,0.004277614004448,0.1682,0.00473759156843925,0.978583333333333,0.00294272873857084,2.89983333333333,0.0160026824593924,NA,NA,0.0165,0.00386827711509865,0
100,0.3,0.5,"freqB_er","ord",200,0,0,0.324736111111111,0.00797108617447184,0.767449166666667,0.00520094309156873,0.167083333333333,0.00489986071189452,0.938611111111111,0.00415455152881852,3.6225,0.0220475318972042,1.09258333333333,0.0162548354271184,0.003,0.00095077035385697,0
100,0.3,0.5,"mode_floor","bin",200,0,0,0.589166666666667,0.00878090378929094,NA,NA,NA,NA,NA,NA,NA,NA,NA,NA,NA,NA,NA
100,0.3,0.5,"mode_floor","cat3",200,0,0,0.433666666666667,0.00948636212904229,NA,NA,NA,NA,NA,NA,NA,NA,NA,NA,NA,NA,NA
100,0.3,0.5,"mode_floor","ord",200,0,0,0.339055555555556,0.00862372412477692,NA,NA,NA,NA,NA,NA,NA,NA,NA,NA,NA,NA,NA
100,0.7,0,"bace","bin",200,0,0,0.752666666666667,0.00863559046440369,0.3657925,0.0118869481897665,0.162291666666667,0.00547868359800577,0.937333333333333,0.00357233616927485,1.52616666666667,0.0132343003498854,NA,NA,0.316333333333333,0.0121386692852072,0
100,0.7,0,"bace","cat3",200,0,0,0.60325,0.010149655450782,0.570012640176529,0.0135318673178669,0.23257851165504,0.00661980095851991,0.91225,0.00417457791659064,2.07966666666667,0.0203950240808515,NA,NA,0.146666666666667,0.00908425724866435,8410
100,0.7,0,"bace","ord",200,0,0,0.525694444444444,0.0106766277513758,0.623451666666667,0.0122274847834286,0.223827777777778,0.00541814685784375,0.881361111111111,0.00452877447213841,2.335,0.0281365716935569,0.603805555555556,0.0144123347900377,0.118,0.00969910228567376,0
100,0.7,0,"bace_chain","bin",200,0,0,0.768083333333333,0.00814937449001135,0.330898333333333,0.0105648585625232,0.14155,0.00475356561931698,0.961,0.00255710874559434,1.58616666666667,0.0129601836243032,NA,NA,0.263333333333333,0.01124072916599,0
100,0.7,0,"bace_chain","cat3",200,0,0,0.609194444444444,0.0102294385517456,0.550583777361516,0.0132040385790201,0.21729916259566,0.00659390766997652,0.921083333333333,0.00396360730380018,2.14133333333333,0.0202113898377535,NA,NA,0.135166666666667,0.00910941463281481,8869
100,0.7,0,"bace_chain","ord",200,0,0,0.532069444444444,0.0108169068562153,0.6003175,0.0117893086968589,0.203958333333333,0.00547305711093213,0.901138888888889,0.00430408919393139,2.432,0.0298065978853442,0.589972222222222,0.0142317097348333,0.107166666666667,0.00947498838003439,0
100,0.7,0,"bace_resid","bin",200,0,0,0.752666666666667,0.00863559046440369,0.3657925,0.0118869481897665,0.162291666666667,0.00547868359800577,0.937333333333333,0.00357233616927485,1.52616666666667,0.0132343003498854,NA,NA,0.316333333333333,0.0121386692852072,0
100,0.7,0,"bace_resid","cat3",200,0,0,0.60325,0.010149655450782,0.570012640176529,0.0135318673178669,0.23257851165504,0.00661980095851991,0.91225,0.00417457791659064,2.07966666666667,0.0203950240808515,NA,NA,0.146666666666667,0.00908425724866435,8410
100,0.7,0,"bace_resid","ord",200,0,0,0.525694444444444,0.0106766277513758,0.623451666666667,0.0122274847834286,0.223827777777778,0.00541814685784375,0.881361111111111,0.00452877447213841,2.335,0.0281365716935569,0.603805555555556,0.0144123347900377,0.118,0.00969910228567376,0
100,0.7,0,"freqA","bin",200,0,0,0.7265,0.0109915898513145,0.3729625,0.011214515377903,0.132508333333333,0.00438197473866219,0.970833333333333,0.00271416554101463,1.748,0.020834944661305,NA,NA,0.1515,0.0155914433074986,0
100,0.7,0,"freqA","cat3",200,0,0,0.563166666666667,0.0112093860228103,0.566194166666667,0.0116057480955551,0.182525,0.00467769063881432,0.93425,0.00414895313496504,2.31783333333333,0.0303955658664869,NA,NA,0.0715,0.0089617261114534,0
100,0.7,0,"freqA","ord",200,0,0,0.485652777777778,0.0121433674182573,0.648516666666667,0.01162335529572,0.193258333333333,0.00494311690140684,0.907194444444444,0.00460685216661469,2.7505,0.0388198156212621,0.662722222222222,0.0168321668446135,0.0556666666666667,0.00773337809725391,0
100,0.7,0,"freqA_er","bin",200,0,0,0.682083333333333,0.0119684220074731,0.400141666666667,0.0115262094064046,0.137216666666667,0.00512146038789191,0.961166666666667,0.00351893260172736,1.693,0.0233089008239651,NA,NA,0.218666666666667,0.0192700981683303,0
100,0.7,0,"freqA_er","cat3",200,0,0,0.497916666666667,0.0134240722614415,0.618175833333333,0.0122008225160886,0.187733333333333,0.00610008695510603,0.93525,0.00520406776751288,2.48833333333333,0.0408841085193857,NA,NA,0.119,0.0131233677297222,0
100,0.7,0,"freqA_er","ord",200,0,0,0.467277777777778,0.0127527970557038,0.6703975,0.0115540896942191,0.195866666666667,0.00534330249642817,0.916166666666667,0.00429721775129095,2.95766666666667,0.0481150619329639,0.754611111111111,0.0210849815520447,0.0583333333333333,0.0080677962026022,0
100,0.7,0,"freqB","bin",200,0,0,0.7245,0.010951972458231,0.379865833333333,0.0114351899944287,0.138358333333333,0.00485357163986652,0.964666666666667,0.00316704132492281,1.73216666666667,0.0214902331964175,NA,NA,0.176333333333333,0.0176787986535109,0
100,0.7,0,"freqB","cat3",200,0,0,0.565333333333333,0.0113318552588234,0.567985833333333,0.0116789118423895,0.179475,0.00504164091802332,0.92425,0.0046013578883333,2.26683333333333,0.0321381175327413,NA,NA,0.1015,0.0111241346064582,0
100,0.7,0,"freqB","ord",200,0,0,0.485930555555556,0.0121402905455499,0.656393333333333,0.0115885248021916,0.196102777777778,0.00520286467413466,0.897972222222222,0.00455153938736273,2.6855,0.0413841865131558,0.671555555555556,0.0173639974150158,0.0761666666666667,0.00931302378716502,0
100,0.7,0,"freqB_er","bin",200,0,0,0.680583333333333,0.0122672510398093,0.4069675,0.0118665590175361,0.137658333333333,0.00497627112986226,0.958166666666667,0.00370610358689036,1.67633333333333,0.0240539478355805,NA,NA,0.227666666666667,0.0198164525658557,0
100,0.7,0,"freqB_er","cat3",200,0,0,0.494166666666667,0.0132317898420141,0.618385,0.01194881773983,0.186725,0.00591315779951125,0.93325,0.00542125176382422,2.48366666666667,0.0410872544600144,NA,NA,0.117166666666667,0.0133646564652592,0
100,0.7,0,"freqB_er","ord",200,0,0,0.466208333333333,0.01231228519542,0.674823333333333,0.0115337654981434,0.198541666666667,0.00565348149849714,0.910666666666667,0.00457739450781541,2.92616666666667,0.04920693067852,0.7545,0.0207465207823742,0.0661666666666667,0.00918352340757918,0
100,0.7,0,"mode_floor","bin",200,0,0,0.684666666666667,0.0109611771122034,NA,NA,NA,NA,NA,NA,NA,NA,NA,NA,NA,NA,NA
100,0.7,0,"mode_floor","cat3",200,0,0,0.516583333333333,0.0109879746841957,NA,NA,NA,NA,NA,NA,NA,NA,NA,NA,NA,NA,NA
100,0.7,0,"mode_floor","ord",200,0,0,0.439194444444444,0.0108264196109291,NA,NA,NA,NA,NA,NA,NA,NA,NA,NA,NA,NA,NA
100,0.7,0.5,"bace","bin",200,0,0,0.781083333333333,0.00785448114726146,0.324635,0.010732129549915,0.1483,0.00486793712335755,0.943166666666667,0.00351909126765472,1.47183333333333,0.012159597312898,NA,NA,0.3765,0.0124178989979004,0
100,0.7,0.5,"bace","cat3",200,0,0,0.641888888888889,0.0104035485983475,0.509568360967818,0.0137210181443069,0.208133140512165,0.00661236098898901,0.92725,0.00365717039661577,2.01,0.0219218957719869,NA,NA,0.174833333333333,0.011026331359504,8113
100,0.7,0.5,"bace","ord",200,0,0,0.559194444444444,0.0102376226376802,0.590205,0.0118054267696854,0.217619444444444,0.00496733135759209,0.889694444444444,0.00418850548891361,2.1835,0.0269758018619865,0.526888888888889,0.0127497957880124,0.152333333333333,0.010950143346443,0
100,0.7,0.5,"bace_chain","bin",200,0,0,0.78925,0.00756684108669314,0.3032425,0.00980405243569113,0.135758333333333,0.00413314484461078,0.960333333333333,0.00258188077171946,1.538,0.0118901542348082,NA,NA,0.305833333333333,0.010942307211104,0
100,0.7,0.5,"bace_chain","cat3",200,0,0,0.647166666666667,0.0101952212706671,0.493513019826031,0.0132980025578003,0.199018020729128,0.00604998069889502,0.937,0.00321862946858722,2.06216666666667,0.0226283515707037,NA,NA,0.170166666666667,0.010965143240096,8431
100,0.7,0.5,"bace_chain","ord",200,0,0,0.554513888888889,0.0104366862806551,0.567979166666667,0.0111494011337561,0.204738888888889,0.00459708891276485,0.915333333333333,0.00390902500073303,2.31116666666667,0.0279988409068537,0.527472222222222,0.0130406051169603,0.1245,0.0100874941233412,0
100,0.7,0.5,"bace_resid","bin",200,0,0,0.781083333333333,0.00785448114726146,0.324635,0.010732129549915,0.1483,0.00486793712335755,0.943166666666667,0.00351909126765472,1.47183333333333,0.012159597312898,NA,NA,0.3765,0.0124178989979004,0
100,0.7,0.5,"bace_resid","cat3",200,0,0,0.641888888888889,0.0104035485983475,0.509568360967818,0.0137210181443069,0.208133140512165,0.00661236098898901,0.92725,0.00365717039661577,2.01,0.0219218957719869,NA,NA,0.174833333333333,0.011026331359504,8113
100,0.7,0.5,"bace_resid","ord",200,0,0,0.559194444444444,0.0102376226376802,0.590205,0.0118054267696854,0.217619444444444,0.00496733135759209,0.889694444444444,0.00418850548891361,2.1835,0.0269758018619865,0.526888888888889,0.0127497957880124,0.152333333333333,0.010950143346443,0
100,0.7,0.5,"freqA","bin",200,0,0,0.72825,0.0106110078821339,0.373270833333333,0.0107362804716595,0.136975,0.00442147312027589,0.961833333333333,0.0035079673215698,1.7095,0.0210638039263068,NA,NA,0.176,0.0158918033506378,0
100,0.7,0.5,"freqA","cat3",200,0,0,0.568916666666667,0.0122055935749569,0.55127,0.0121818068277222,0.177141666666667,0.00498506112101291,0.942083333333333,0.00374161541712243,2.3125,0.0334924489602273,NA,NA,0.0858333333333333,0.010054117939872,0
100,0.7,0.5,"freqA","ord",200,0,0,0.490305555555556,0.0114716591293543,0.644491666666667,0.0112720041492398,0.180036111111111,0.00472532016078666,0.908361111111111,0.00417080522180973,2.732,0.0381252747104546,0.654388888888889,0.0161475353098135,0.0493333333333333,0.00770027590563431,0
100,0.7,0.5,"freqA_er","bin",200,0,0,0.708,0.011011110575864,0.3882275,0.0108693455799062,0.140975,0.00482188729468404,0.954166666666667,0.00379129965827386,1.64666666666667,0.0230891748318672,NA,NA,0.250333333333333,0.0190696364134844,0
100,0.7,0.5,"freqA_er","cat3",200,0,0,0.503083333333333,0.0144839952392443,0.602144166666667,0.0122878258444328,0.188233333333333,0.0050398695178664,0.936333333333333,0.0050080337468961,2.44466666666667,0.0436507124945767,NA,NA,0.135166666666667,0.0141839189461957,0
100,0.7,0.5,"freqA_er","ord",200,0,0,0.456680555555556,0.0128794702185177,0.677208333333333,0.0112096771469678,0.200152777777778,0.005040011348956,0.918833333333333,0.00432215734436358,2.94566666666667,0.0501267572489465,0.7545,0.0213622471070838,0.0615,0.00832444249335877,0
100,0.7,0.5,"freqB","bin",200,0,0,0.7265,0.0106909467693576,0.3777825,0.0107563455099333,0.139091666666667,0.00454608816170353,0.958833333333333,0.00379527388373966,1.6895,0.0222336929496104,NA,NA,0.198833333333333,0.0173484946899349,0
100,0.7,0.5,"freqB","cat3",200,0,0,0.569083333333333,0.0124589765132037,0.550625833333333,0.0122705367739657,0.180541666666667,0.00512629356827966,0.936333333333333,0.00383342436713697,2.28366666666667,0.0343081822303494,NA,NA,0.101333333333333,0.0116141195186852,0
100,0.7,0.5,"freqB","ord",200,0,0,0.478583333333333,0.0119965878772288,0.653993333333333,0.0111858476005992,0.196130555555556,0.00519971714630477,0.896222222222222,0.00478454456987423,2.66533333333333,0.0424986221736129,0.66675,0.0166882178503141,0.078,0.00996207212742544,0
100,0.7,0.5,"freqB_er","bin",200,0,0,0.695166666666667,0.0119167911227995,0.398376666666667,0.0114854228272597,0.140533333333333,0.00497993965776443,0.950833333333333,0.0040580482308477,1.63,0.0233429030387837,NA,NA,0.260666666666667,0.0194232300321022,0
100,0.7,0.5,"freqB_er","cat3",200,0,0,0.512083333333333,0.0143157431213575,0.599164166666667,0.0121236479601854,0.183908333333333,0.0055869178660799,0.93475,0.00506900663919546,2.42683333333333,0.0439504425626376,NA,NA,0.136833333333333,0.0140438761688068,0
100,0.7,0.5,"freqB_er","ord",200,0,0,0.454666666666667,0.0129849887322993,0.676915833333333,0.0114177787423443,0.204644444444444,0.00517689596927225,0.915,0.00458495098603994,2.93283333333333,0.0504039946282388,0.763,0.0218085605549973,0.0643333333333333,0.0096519844602082,0
100,0.7,0.5,"mode_floor","bin",200,0,0,0.6665,0.0112121252762577,NA,NA,NA,NA,NA,NA,NA,NA,NA,NA,NA,NA,NA
100,0.7,0.5,"mode_floor","cat3",200,0,0,0.52975,0.0119274968064134,NA,NA,NA,NA,NA,NA,NA,NA,NA,NA,NA,NA,NA
100,0.7,0.5,"mode_floor","ord",200,0,0,0.42975,0.0113641549929871,NA,NA,NA,NA,NA,NA,NA,NA,NA,NA,NA,NA,NA
100,1,0,"bace","bin",173,15,12,0.932755298651252,0.00502769724363612,0.104105009633911,0.00715373677718448,0.0686994219653179,0.00331693288579598,0.984200385356455,0.00209137064128738,1.24662813102119,0.0105690147817187,NA,NA,0.583622350674374,0.0127408419607374,0
100,1,0,"bace","cat3",183,3,14,0.894687310261081,0.00586579235695572,0.160523786133053,0.00806353103387296,0.0896568046549648,0.00348861380365538,0.979417122040073,0.00219729238552059,1.49726775956284,0.0186138781672258,NA,NA,0.449180327868852,0.0131604204368601,3054
100,1,0,"bace","ord",186,0,14,0.870489844683393,0.0052286795624473,0.195260752688172,0.00712728251154616,0.103823178016726,0.00320333686685924,0.973864994026284,0.0024042949448431,1.52706093189964,0.0179429151916953,0.135215053763441,0.00568716698559275,0.37168458781362,0.0146798802531464,0
100,1,0,"bace_chain","bin",170,15,15,0.938627450980392,0.00454960568496776,0.097321568627451,0.00624479031455554,0.0688039215686275,0.00263371653037826,0.987843137254902,0.00177415577104466,1.28607843137255,0.0108203681711782,NA,NA,0.533921568627451,0.0120763627510309,0
100,1,0,"bace_chain","cat3",179,3,18,0.896803227808814,0.00599676170825491,0.158432518635211,0.00815984865712084,0.0899611558806951,0.00325946295242953,0.980912476722533,0.00210493935910949,1.52290502793296,0.0177340901828724,NA,NA,0.437057728119181,0.0126651421322436,3207
100,1,0,"bace_chain","ord",182,0,18,0.872741147741148,0.00539238971427175,0.194894688644689,0.00702644792712883,0.104362026862027,0.00291075824392059,0.976862026862027,0.00219557118291291,1.58205128205128,0.0184838313225384,0.131471306471306,0.0057196335785403,0.347619047619048,0.0150267532033139,0
100,1,0,"bace_resid","bin",173,15,12,0.932755298651252,0.00502769724363612,0.104105009633911,0.00715373677718448,0.0686994219653179,0.00331693288579598,0.984200385356455,0.00209137064128738,1.24662813102119,0.0105690147817187,NA,NA,0.583622350674374,0.0127408419607374,0
100,1,0,"bace_resid","cat3",183,3,14,0.894687310261081,0.00586579235695572,0.160523786133053,0.00806353103387296,0.0896568046549648,0.00348861380365538,0.979417122040073,0.00219729238552059,1.49726775956284,0.0186138781672258,NA,NA,0.449180327868852,0.0131604204368601,3054
100,1,0,"bace_resid","ord",186,0,14,0.870489844683393,0.0052286795624473,0.195260752688172,0.00712728251154616,0.103823178016726,0.00320333686685924,0.973864994026284,0.0024042949448431,1.52706093189964,0.0179429151916953,0.135215053763441,0.00568716698559275,0.37168458781362,0.0146798802531464,0
100,1,0,"freqA","bin",185,15,0,0.954504504504505,0.00402012831909284,0.0798612612612613,0.00621034106247458,0.0575495495495496,0.00275403546220328,0.984864864864865,0.00210585716499998,1.20972972972973,0.0109662413256818,NA,NA,0.595495495495496,0.0131871411876154,0
100,1,0,"freqA","cat3",197,3,0,0.914720812182741,0.00562254810450658,0.137933164128596,0.00753974229054822,0.0896446700507614,0.00326447672833316,0.976818950930626,0.00235803503163185,1.4585448392555,0.0176260565997742,NA,NA,0.394077834179357,0.0142582744747693,0
100,1,0,"freqA","ord",200,0,0,0.885583333333333,0.00556756066101898,0.17829,0.0069454443854066,0.105241666666667,0.00307346302598268,0.974111111111111,0.00211986489203766,1.62083333333333,0.0200563659934218,0.11725,0.00582330736868815,0.320333333333333,0.0136597196054126,0
100,1,0,"freqA_er","bin",185,15,0,0.951891891891892,0.00421642461344825,0.0793162162162162,0.00637399581889689,0.0514144144144144,0.00306083275176333,0.981621621621622,0.00225483596416586,1.15657657657658,0.0111035092545106,NA,NA,0.694954954954955,0.0149484055899884,0
100,1,0,"freqA_er","cat3",197,3,0,0.919204737732657,0.00528969538043539,0.138602368866328,0.00843329811754096,0.0783840947546531,0.00390468210337815,0.963113367174281,0.00293210727137654,1.2922165820643,0.0178684267654081,NA,NA,0.595769881556684,0.014718122839973,0
100,1,0,"freqA_er","ord",200,0,0,0.895416666666667,0.00501106745521943,0.170195833333333,0.00727428262147101,0.0942583333333333,0.00323082967660295,0.962777777777778,0.00264741562273403,1.41183333333333,0.017525442142156,0.108416666666667,0.00533756833009114,0.490666666666667,0.0122009967464974,0
100,1,0,"freqB","bin",185,15,0,0.952612612612613,0.0040544566105572,0.0790990990990991,0.00635818860786498,0.0510810810810811,0.00308672258122207,0.981441441441441,0.00225405333390933,1.15207207207207,0.011015685049737,NA,NA,0.708468468468468,0.0151105292122893,0
100,1,0,"freqB","cat3",197,3,0,0.916328257191201,0.0054441731354244,0.134121827411168,0.00796341957871559,0.0764128595600677,0.00371463192745753,0.972081218274112,0.00251783256608821,1.27986463620981,0.0147506299696237,NA,NA,0.591370558375635,0.0150601819158868,0
100,1,0,"freqB","ord",200,0,0,0.892333333333333,0.0052357061270472,0.171545833333333,0.00734680618036073,0.0918416666666667,0.00323488189056357,0.962833333333333,0.00278011905798104,1.38633333333333,0.0173530200017916,0.110416666666667,0.00550675629385897,0.517833333333333,0.0144600906326872,0
100,1,0,"freqB_er","bin",185,15,0,0.952252252252252,0.00394548223285713,0.0786477477477477,0.0062466983455928,0.0494684684684685,0.00304630056025175,0.981441441441441,0.00219536460210929,1.14864864864865,0.0110222181015017,NA,NA,0.707747747747748,0.0152737622052069,0
100,1,0,"freqB_er","cat3",197,3,0,0.916666666666667,0.00535496020854821,0.140117597292724,0.00846711628086374,0.0801522842639594,0.00407744308330458,0.960659898477157,0.00308556712275464,1.28189509306261,0.0164877681031285,NA,NA,0.613028764805415,0.0146466603687971,0
100,1,0,"freqB_er","ord",200,0,0,0.8965,0.00491779151315244,0.1685925,0.00737785335479977,0.09185,0.00352685299827884,0.958027777777778,0.00298778909005107,1.357,0.0174130847943355,0.106833333333333,0.00514744899496624,0.538833333333333,0.0133600601057836,0
100,1,0,"mode_floor","bin",185,15,0,0.728108108108108,0.0126267616904122,NA,NA,NA,NA,NA,NA,NA,NA,NA,NA,NA,NA,NA
100,1,0,"mode_floor","cat3",197,3,0,0.601353637901861,0.0130135951535103,NA,NA,NA,NA,NA,NA,NA,NA,NA,NA,NA,NA,NA
100,1,0,"mode_floor","ord",200,0,0,0.54175,0.0128198865247745,NA,NA,NA,NA,NA,NA,NA,NA,NA,NA,NA,NA,NA
100,1,0.5,"bace","bin",155,17,28,0.931935483870968,0.00517567120952965,0.104650537634409,0.00723321125113017,0.0699247311827957,0.00330522790061438,0.983655913978495,0.00257761773732731,1.24537634408602,0.0103689956346468,NA,NA,0.584731182795699,0.012013424466958,0
100,1,0.5,"bace","cat3",165,5,30,0.886700336700337,0.00620508956714678,0.173385205765393,0.00880328911944363,0.0958313087233483,0.00362372887997444,0.973838383838384,0.00278291312358125,1.49676767676768,0.0180339032734558,NA,NA,0.432727272727273,0.0124862500618523,2694
100,1,0.5,"bace","ord",170,0,30,0.872516339869281,0.00634189487000058,0.191424509803922,0.00838380677714064,0.105859477124183,0.0035896839210868,0.975228758169935,0.00250609167133379,1.51960784313725,0.0165533641166987,0.131895424836601,0.00665726636802065,0.362745098039216,0.0144669061671973,0
100,1,0.5,"bace_chain","bin",150,17,33,0.936555555555556,0.00478391295733548,0.100744444444444,0.00669475304148847,0.0698888888888889,0.00281568467792207,0.987111111111111,0.00220244743684662,1.28933333333333,0.0110061560520243,NA,NA,0.540666666666667,0.0127612933904938,0
100,1,0.5,"bace_chain","cat3",160,5,35,0.892569444444444,0.00620834740335805,0.165835352270341,0.00826762033029904,0.092858325593789,0.00311535628512275,0.978020833333333,0.00252248741581163,1.54583333333333,0.0189424954578827,NA,NA,0.424375,0.0124824190655003,2857
100,1,0.5,"bace_chain","ord",165,0,35,0.873131313131313,0.00643121397854424,0.188581818181818,0.00846849644265283,0.102323232323232,0.00359666592601843,0.97949494949495,0.00224103994791001,1.54727272727273,0.0170721137777564,0.13030303030303,0.00663807729069836,0.359393939393939,0.0139040008270107,0
100,1,0.5,"bace_resid","bin",155,17,28,0.931935483870968,0.00517567120952965,0.104650537634409,0.00723321125113017,0.0699247311827957,0.00330522790061438,0.983655913978495,0.00257761773732731,1.24537634408602,0.0103689956346468,NA,NA,0.584731182795699,0.012013424466958,0
100,1,0.5,"bace_resid","cat3",165,5,30,0.886700336700337,0.00620508956714678,0.173385205765393,0.00880328911944363,0.0958313087233483,0.00362372887997444,0.973838383838384,0.00278291312358125,1.49676767676768,0.0180339032734558,NA,NA,0.432727272727273,0.0124862500618523,2694
100,1,0.5,"bace_resid","ord",170,0,30,0.872516339869281,0.00634189487000058,0.191424509803922,0.00838380677714064,0.105859477124183,0.0035896839210868,0.975228758169935,0.00250609167133379,1.51960784313725,0.0165533641166987,0.131895424836601,0.00665726636802065,0.362745098039216,0.0144669061671973,0
100,1,0.5,"freqA","bin",183,17,0,0.948178506375228,0.00441940425022487,0.0900819672131148,0.00718915936241538,0.0594535519125683,0.003295820765562,0.981785063752277,0.00250005965658607,1.2023679417122,0.0113302464154354,NA,NA,0.597632058287796,0.0140652564334015,0
100,1,0.5,"freqA","cat3",195,5,0,0.91034188034188,0.00530581356868295,0.146799145299145,0.0076233594401788,0.0896666666666667,0.00317711753580882,0.976068376068376,0.00253322376582242,1.4617094017094,0.0185792921135661,NA,NA,0.405299145299145,0.0150132080704773,0
100,1,0.5,"freqA","ord",200,0,0,0.884138888888889,0.00636769084218946,0.184451666666667,0.00855390065090874,0.100863888888889,0.00338221119810104,0.971611111111111,0.00245114494581231,1.57233333333333,0.02011706387804,0.118666666666667,0.00652547300034873,0.337333333333333,0.0141846324154553,0
100,1,0.5,"freqA_er","bin",183,17,0,0.945719489981785,0.00459620102914391,0.0899508196721311,0.00740082156874649,0.0544444444444444,0.00375661117233414,0.975409836065574,0.00293042138810311,1.14116575591985,0.010966395055879,NA,NA,0.701639344262295,0.015110895098301,0
100,1,0.5,"freqA_er","cat3",195,5,0,0.912222222222222,0.00542908293383265,0.147819658119658,0.00818770394065888,0.0841538461538461,0.00385446102615545,0.96008547008547,0.00287616941676907,1.29863247863248,0.0171668463529762,NA,NA,0.59008547008547,0.0150743925488237,0
100,1,0.5,"freqA_er","ord",200,0,0,0.8905,0.00599006948540479,0.175288333333333,0.00852014484057701,0.09815,0.00383391208943916,0.963027777777778,0.00271983039101988,1.414,0.0169050952246982,0.113333333333333,0.00622265093840914,0.489833333333333,0.0125884863598867,0
100,1,0.5,"freqB","bin",183,17,0,0.946994535519126,0.00455987496023532,0.0898479052823315,0.00727973220604467,0.0518670309653916,0.00357112078302156,0.975591985428051,0.00276928653591226,1.13934426229508,0.0113581435733626,NA,NA,0.714207650273224,0.016019849493232,0
100,1,0.5,"freqB","cat3",195,5,0,0.909059829059829,0.00542112861574657,0.14924188034188,0.0082568070645184,0.084008547008547,0.00398095698777013,0.966239316239316,0.00293964682310474,1.2948717948718,0.0150574668129294,NA,NA,0.568376068376068,0.0153855943922453,0
100,1,0.5,"freqB","ord",200,0,0,0.8895,0.00630876615749288,0.177505,0.00891649398774545,0.093875,0.00409182256881617,0.959527777777778,0.00303917427567635,1.3775,0.0164626330176498,0.1135,0.00646943377913932,0.515,0.0148221354981612,0
100,1,0.5,"freqB_er","bin",183,17,0,0.945173041894353,0.00462218612627843,0.0915892531876138,0.00749645723215433,0.0518670309653916,0.00368056441875147,0.975591985428051,0.00300056252758056,1.12950819672131,0.0106636258712907,NA,NA,0.725318761384335,0.0147679674176056,0
100,1,0.5,"freqB_er","cat3",195,5,0,0.912222222222222,0.0054317872441605,0.149144444444444,0.00824579515991569,0.0836495726495727,0.0038960633267817,0.96025641025641,0.00290102877818818,1.28581196581197,0.0164771779934304,NA,NA,0.60034188034188,0.0145440887051135,0
100,1,0.5,"freqB_er","ord",200,0,0,0.890833333333333,0.00602983231292074,0.174374166666667,0.00888958021353294,0.0943833333333333,0.00401185272804945,0.960111111111111,0.00296644593352355,1.352,0.0164315747850365,0.112916666666667,0.00624664901792143,0.536333333333333,0.0132180738487209,0
100,1,0.5,"mode_floor","bin",183,17,0,0.710382513661202,0.0120869624393396,NA,NA,NA,NA,NA,NA,NA,NA,NA,NA,NA,NA,NA
100,1,0.5,"mode_floor","cat3",195,5,0,0.610940170940171,0.0128128828589438,NA,NA,NA,NA,NA,NA,NA,NA,NA,NA,NA,NA,NA
100,1,0.5,"mode_floor","ord",200,0,0,0.53425,0.0120551482060207,NA,NA,NA,NA,NA,NA,NA,NA,NA,NA,NA,NA,NA
300,0.3,0,"bace","bin",200,0,0,0.697472222222222,0.00478049691818624,0.423325833333333,0.00592978994174811,0.128425,0.00333550268488365,0.957722222222222,0.00184332253151969,1.73305555555556,0.00931370323406613,NA,NA,0.145611111111111,0.00726745595100183,0
300,0.3,0,"bace","cat3",200,0,0,0.528444444444444,0.00637768906414157,0.604865,0.00621106410975266,0.148583333333333,0.00334852009909202,0.933944444444444,0.0020827199916058,2.38344444444444,0.0158575201941808,NA,NA,0.0189444444444444,0.00299491628324468,0
300,0.3,0,"bace","ord",200,0,0,0.420430555555556,0.00590363034536635,0.703903611111111,0.00546565613599544,0.155559259259259,0.00351274491770316,0.90662962962963,0.00232323464048278,2.97111111111111,0.0172771139421594,0.816944444444444,0.00971090688914726,0.0136111111111111,0.00175671056577668,0
300,0.3,0,"bace_chain","bin",200,0,0,0.699972222222222,0.00472759695115436,0.398516388888889,0.00493630880745727,0.0933194444444444,0.00235990111702832,0.977222222222222,0.00138847006527112,1.8125,0.00857302323946943,NA,NA,0.0934444444444444,0.00603626055323925,0
300,0.3,0,"bace_chain","cat3",200,0,0,0.522638888888889,0.00665932704806184,0.589956111111111,0.00589856996328979,0.126472222222222,0.0030283821668173,0.951833333333333,0.00176743133162352,2.48266666666667,0.0162649598040278,NA,NA,0.0143888888888889,0.00297204284121887,0
300,0.3,0,"bace_chain","ord",200,0,0,0.420527777777778,0.0059155791438638,0.686442222222222,0.0050290343161473,0.126296296296296,0.00279668760504307,0.933796296296296,0.00203892904030721,3.17511111111111,0.0170639855166448,0.808398148148148,0.00943683140810378,0.00794444444444444,0.00152196625756351,0
300,0.3,0,"bace_resid","bin",200,0,0,0.697472222222222,0.00478049691818624,0.423325833333333,0.00592978994174811,0.128425,0.00333550268488365,0.957722222222222,0.00184332253151969,1.73305555555556,0.00931370323406613,NA,NA,0.145611111111111,0.00726745595100183,0
300,0.3,0,"bace_resid","cat3",200,0,0,0.528444444444444,0.00637768906414157,0.604865,0.00621106410975266,0.148583333333333,0.00334852009909202,0.933944444444444,0.0020827199916058,2.38344444444444,0.0158575201941808,NA,NA,0.0189444444444444,0.00299491628324468,0
300,0.3,0,"bace_resid","ord",200,0,0,0.420430555555556,0.00590363034536635,0.703903611111111,0.00546565613599544,0.155559259259259,0.00351274491770316,0.90662962962963,0.00232323464048278,2.97111111111111,0.0172771139421594,0.816944444444444,0.00971090688914726,0.0136111111111111,0.00175671056577668,0
300,0.3,0,"freqA","bin",200,0,0,0.603027777777778,0.00685702061949392,0.4803475,0.00470497706688724,0.095625,0.00271776586179639,0.995,0.000840052937926986,1.97722222222222,0.0040895051486174,NA,NA,0.008,0.00198036142638606,0
300,0.3,0,"freqA","cat3",200,0,0,0.436527777777778,0.00824515392696581,0.658608333333333,0.00565899547200348,0.129494444444444,0.00312771549614536,0.969694444444444,0.00215122397592111,2.81016666666667,0.0161977162637072,NA,NA,0.00661111111111111,0.00181003931524283,0
300,0.3,0,"freqA","ord",200,0,0,0.333898148148148,0.00674593371587879,0.756563333333333,0.00401857901503512,0.125580555555556,0.00262661685132725,0.942101851851852,0.00222332613796162,3.59677777777778,0.0207943842128109,1.03642592592593,0.0116416923733878,0.00133333333333333,0.000382312585892869,0
300,0.3,0,"freqA_er","bin",200,0,0,0.533388888888889,0.00553037145002118,0.511933333333333,0.00309167076146159,0.103527777777778,0.00306771791411315,0.989277777777778,0.00201947448322854,1.95694444444444,0.00886160577725187,NA,NA,0.024,0.00551095441141753,0
300,0.3,0,"freqA_er","cat3",200,0,0,0.366027777777778,0.00662503021447927,0.689773055555556,0.00385097963744097,0.129013888888889,0.00328886313478342,0.981527777777778,0.00274659705193854,2.89855555555556,0.0198027229934474,NA,NA,0.0172777777777778,0.0043887475328677,0
300,0.3,0,"freqA_er","ord",200,0,0,0.323787037037037,0.00671470080254301,0.757312777777778,0.00381738993644303,0.122177777777778,0.00269964602495131,0.95237962962963,0.00213268731930764,3.67727777777778,0.0190542402197453,1.09334259259259,0.013063719310756,0.001,0.000306979828611977,0
300,0.3,0,"freqB","bin",200,0,0,0.602722222222222,0.00713602189506723,0.482122222222222,0.00466447254393874,0.0986277777777778,0.00273286956500102,0.992555555555556,0.00118437937896068,1.97366666666667,0.00485748887937879,NA,NA,0.0104444444444444,0.00245138854288753,0
300,0.3,0,"freqB","cat3",200,0,0,0.437083333333333,0.00827411843578052,0.658303333333333,0.0055206549178072,0.128438888888889,0.00312105421840251,0.971138888888889,0.00192034499241191,2.80961111111111,0.0162032497875855,NA,NA,0.00588888888888889,0.00147966341076925,0
300,0.3,0,"freqB","ord",200,0,0,0.330634259259259,0.00689306877616536,0.756518333333333,0.0041614367346739,0.126000925925926,0.00313672374964203,0.942342592592593,0.0023021214418932,3.59488888888889,0.0202851806469776,1.04592592592593,0.012222934235277,0.00194444444444445,0.000642003792073334,0
300,0.3,0,"freqB_er","bin",200,0,0,0.521805555555556,0.00578369343198988,0.5196025,0.00329819225728273,0.108975,0.00338511587913449,0.988833333333333,0.00201504592381084,1.95555555555556,0.00868912893206874,NA,NA,0.0255,0.005655602504799,0
300,0.3,0,"freqB_er","cat3",200,0,0,0.358361111111111,0.00664872860050897,0.690779722222222,0.00377973646093358,0.132697222222222,0.0031955212602578,0.9815,0.00281386662794076,2.89661111111111,0.0196897578843359,NA,NA,0.0183888888888889,0.00459515378443684,0
300,0.3,0,"freqB_er","ord",200,0,0,0.323453703703704,0.00693010527163193,0.755640277777778,0.00385460556301022,0.119907407407407,0.00301753611272553,0.954305555555556,0.00201444836180277,3.67933333333333,0.0189556150557773,1.09072222222222,0.0130303874526779,0.000999999999999999,0.000251430549404344,0
300,0.3,0,"mode_floor","bin",200,0,0,0.6175,0.00728835737565828,NA,NA,NA,NA,NA,NA,NA,NA,NA,NA,NA,NA,NA
300,0.3,0,"mode_floor","cat3",200,0,0,0.457361111111111,0.00843819539232174,NA,NA,NA,NA,NA,NA,NA,NA,NA,NA,NA,NA,NA
300,0.3,0,"mode_floor","ord",200,0,0,0.355111111111111,0.00699314137597412,NA,NA,NA,NA,NA,NA,NA,NA,NA,NA,NA,NA,NA
300,0.3,0.5,"bace","bin",200,0,0,0.732305555555556,0.00441381782553491,0.379652222222222,0.00551122150235705,0.114494444444444,0.00313962364722174,0.956722222222222,0.00200872453412258,1.66138888888889,0.00957173960259003,NA,NA,0.203722222222222,0.00825161026119893,0
300,0.3,0.5,"bace","cat3",200,0,0,0.56175,0.00556854671743019,0.560423895776098,0.00580403763089539,0.127491211825861,0.00274737094630397,0.947388888888889,0.00179477410700266,2.33444444444444,0.0131576929466243,NA,NA,0.0226111111111111,0.00367280968582293,11
300,0.3,0.5,"bace","ord",200,0,0,0.456634259259259,0.00498210939882974,0.659855555555556,0.00462858605398132,0.139398148148148,0.0031274198949259,0.92237962962963,0.00223920928064692,2.86816666666667,0.013723736683936,0.71125,0.00749403718614976,0.0183888888888889,0.00165330114549937,0
300,0.3,0.5,"bace_chain","bin",200,0,0,0.736611111111111,0.00435778687760481,0.359228611111111,0.004821553593219,0.0917916666666667,0.00226373302584383,0.973833333333333,0.00132478532031501,1.72488888888889,0.00913473534309826,NA,NA,0.157444444444444,0.00740224042757341,0
300,0.3,0.5,"bace_chain","cat3",200,0,0,0.562722222222222,0.00577049185203526,0.552230988275871,0.00568264403780283,0.115847927416581,0.00270677992537823,0.955305555555556,0.00159743492623947,2.37272222222222,0.0130582543511821,NA,NA,0.0195555555555556,0.00369626649527527,6
300,0.3,0.5,"bace_chain","ord",200,0,0,0.458398148148148,0.00472107487074172,0.649263611111111,0.00436181837660085,0.122685185185185,0.00262388719313848,0.938046296296296,0.00202655363339075,2.9635,0.0146729292882889,0.709259259259259,0.00700846167587025,0.0147222222222222,0.00152514238970994,0
300,0.3,0.5,"bace_resid","bin",200,0,0,0.732305555555556,0.00441381782553491,0.379652222222222,0.00551122150235705,0.114494444444444,0.00313962364722174,0.956722222222222,0.00200872453412258,1.66138888888889,0.00957173960259003,NA,NA,0.203722222222222,0.00825161026119893,0
300,0.3,0.5,"bace_resid","cat3",200,0,0,0.56175,0.00556854671743019,0.560423895776098,0.00580403763089539,0.127491211825861,0.00274737094630397,0.947388888888889,0.00179477410700266,2.33444444444444,0.0131576929466243,NA,NA,0.0226111111111111,0.00367280968582293,11
300,0.3,0.5,"bace_resid","ord",200,0,0,0.456634259259259,0.00498210939882974,0.659855555555556,0.00462858605398132,0.139398148148148,0.0031274198949259,0.92237962962963,0.00223920928064692,2.86816666666667,0.013723736683936,0.71125,0.00749403718614976,0.0183888888888889,0.00165330114549937,0
300,0.3,0.5,"freqA","bin",200,0,0,0.602361111111111,0.00689262491900484,0.483823898750822,0.00471130969017306,0.0984555555555556,0.00248834730787041,0.994222222222222,0.000901364159743856,1.97366666666667,0.00537582528431097,NA,NA,0.00955555555555556,0.00322938613322161,0
300,0.3,0.5,"freqA","cat3",200,0,0,0.431694444444444,0.00794144593430655,0.660082871466141,0.00546376412220738,0.122519658119658,0.00310604387718768,0.971444444444444,0.00201468028694422,2.82555555555556,0.0154970183588174,NA,NA,0.00527777777777778,0.00170927755315127,0
300,0.3,0.5,"freqA","ord",200,0,0,0.313796296296296,0.0057863604666855,0.767349534845496,0.00356798150497469,0.132626638176638,0.00309101358976445,0.943740740740741,0.00227879324415945,3.62616666666667,0.0188169710970068,1.06287037037037,0.010657902619874,0.00172222222222222,0.000517079108686947,0
300,0.3,0.5,"freqA_er","bin",200,0,0,0.525638888888889,0.00570699207243152,0.516503895463511,0.00341105438779839,0.10517735042735,0.00328790223660956,0.989666666666667,0.00195093039662992,1.95955555555556,0.00886794013880077,NA,NA,0.0220555555555555,0.00538514608665253,0
300,0.3,0.5,"freqA_er","cat3",200,0,0,0.357027777777778,0.00557638160968337,0.692977519723866,0.00338037771971164,0.126705128205128,0.0029062372302565,0.986472222222222,0.00213195268550724,2.92677777777778,0.0154547643961291,NA,NA,0.0116111111111111,0.00446137026920545,0
300,0.3,0.5,"freqA_er","ord",200,0,0,0.307453703703704,0.00608641762562179,0.766486459566075,0.00347243316088288,0.128343660968661,0.0028305939038979,0.954166666666667,0.00190577322531478,3.71166666666667,0.0170855149474247,1.12058333333333,0.011989398620066,0.000888888888888889,0.000265472853546221,0
300,0.3,0.5,"freqB","bin",200,0,0,0.600888888888889,0.00726082113425501,0.484971666666667,0.00496865024571909,0.103483333333333,0.00297082070099265,0.993,0.00117438488148759,1.97255555555556,0.00545407596202518,NA,NA,0.0107777777777778,0.00287885341928694,0
300,0.3,0.5,"freqB","cat3",200,0,0,0.427944444444444,0.00778693626056325,0.662466944444444,0.00538444063846262,0.125486111111111,0.00292902300752047,0.969722222222222,0.00220215323623512,2.82522222222222,0.015544725830574,NA,NA,0.00638888888888889,0.00190414488091808,0
300,0.3,0.5,"freqB","ord",200,0,0,0.308171296296296,0.00600239230796973,0.771828888888889,0.00343081694277684,0.138609259259259,0.00288840655527143,0.942518518518519,0.00225653758376587,3.62411111111111,0.0190958397296657,1.07625925925926,0.0107718361050798,0.00216666666666667,0.000538242228296063,0
300,0.3,0.5,"freqB_er","bin",200,0,0,0.527194444444444,0.00538723194003014,0.5170625,0.00321375215091465,0.104647222222222,0.00292013812580862,0.988944444444444,0.00214624081814739,1.95844444444444,0.00877906753594424,NA,NA,0.0247222222222222,0.00594160506607545,0
300,0.3,0.5,"freqB_er","cat3",200,0,0,0.350166666666667,0.00586966696329031,0.694523333333333,0.00349560305291055,0.131519444444444,0.00303324292650936,0.9855,0.00197571567980372,2.92566666666667,0.0153326920297355,NA,NA,0.0123333333333333,0.00427205451507387,0
300,0.3,0.5,"freqB_er","ord",200,0,0,0.311208333333333,0.0063120533033755,0.764007777777778,0.00333040107022285,0.128987962962963,0.0030896807605916,0.957157407407407,0.00210709263483025,3.71188888888889,0.0172964054944941,1.10869444444444,0.0120801544002026,0.00133333333333333,0.000339328188235554,0
300,0.3,0.5,"mode_floor","bin",200,0,0,0.619944444444444,0.0066537645018465,NA,NA,NA,NA,NA,NA,NA,NA,NA,NA,NA,NA,NA
300,0.3,0.5,"mode_floor","cat3",200,0,0,0.450277777777778,0.00818467345610689,NA,NA,NA,NA,NA,NA,NA,NA,NA,NA,NA,NA,NA
300,0.3,0.5,"mode_floor","ord",200,0,0,0.331805555555556,0.006433424208776,NA,NA,NA,NA,NA,NA,NA,NA,NA,NA,NA,NA,NA
300,0.7,0,"bace","bin",200,0,0,0.801,0.0062603918198919,0.2929575,0.0084651163505705,0.098375,0.00313334050447441,0.956722222222222,0.00191058499114151,1.471,0.0149201797079085,NA,NA,0.390333333333333,0.0153067584629662,0
300,0.7,0,"bace","cat3",200,0,0,0.666083333333333,0.0081072435862572,0.455700562990981,0.0097232172671455,0.123434471390896,0.0034280924266271,0.942333333333333,0.00212429396568798,1.94694444444444,0.0218563455728903,NA,NA,0.132277777777778,0.0124160054072294,236
300,0.7,0,"bace","ord",200,0,0,0.560171296296296,0.00782753607314926,0.560285833333333,0.0087459504015821,0.127257407407407,0.00291605438197923,0.930148148148148,0.00215658380776233,2.40838888888889,0.0240033676189548,0.511824074074074,0.00966528066001089,0.0829444444444444,0.00802234823604031,0
300,0.7,0,"bace_chain","bin",200,0,0,0.805444444444444,0.00633173155565163,0.276784722222222,0.0080378188507916,0.0825916666666667,0.00245314766287306,0.970111111111111,0.00139879770767141,1.531,0.0159658326014721,NA,NA,0.338222222222222,0.0152906047366668,0
300,0.7,0,"bace_chain","cat3",200,0,0,0.664472222222222,0.00834225257839673,0.445751563251401,0.00955753303250872,0.111499240100524,0.0029133837122284,0.951194444444444,0.00185426501526091,1.99427777777778,0.022547311894153,NA,NA,0.124611111111111,0.0123499436690848,190
300,0.7,0,"bace_chain","ord",200,0,0,0.560453703703704,0.00817933579150856,0.547888333333333,0.00874516608909538,0.110031481481481,0.00282281563891955,0.945638888888889,0.00187216191311606,2.50944444444444,0.0251208074350521,0.507925925925926,0.00984359562753914,0.0675555555555555,0.00762405315353949,0
300,0.7,0,"bace_resid","bin",200,0,0,0.801,0.0062603918198919,0.2929575,0.0084651163505705,0.098375,0.00313334050447441,0.956722222222222,0.00191058499114151,1.471,0.0149201797079085,NA,NA,0.390333333333333,0.0153067584629662,0
300,0.7,0,"bace_resid","cat3",200,0,0,0.666083333333333,0.0081072435862572,0.455700562990981,0.0097232172671455,0.123434471390896,0.0034280924266271,0.942333333333333,0.00212429396568798,1.94694444444444,0.0218563455728903,NA,NA,0.132277777777778,0.0124160054072294,236
300,0.7,0,"bace_resid","ord",200,0,0,0.560171296296296,0.00782753607314926,0.560285833333333,0.0087459504015821,0.127257407407407,0.00291605438197923,0.930148148148148,0.00215658380776233,2.40838888888889,0.0240033676189548,0.511824074074074,0.00966528066001089,0.0829444444444444,0.00802234823604031,0
300,0.7,0,"freqA","bin",200,0,0,0.737555555555556,0.010287920357968,0.358453888888889,0.0103136359780738,0.0924166666666667,0.00254360126737809,0.968111111111111,0.00243828216718133,1.70944444444444,0.0221601240118789,NA,NA,0.182055555555556,0.0166720031471482,0
300,0.7,0,"freqA","cat3",200,0,0,0.588416666666667,0.0113870521526901,0.525631388888889,0.011188278614302,0.124066666666667,0.00362711259520215,0.944277777777778,0.00262385074207162,2.26677777777778,0.033012224977313,NA,NA,0.0895,0.0102929355381582,0
300,0.7,0,"freqA","ord",200,0,0,0.467,0.0103694273686539,0.650508611111111,0.00972476506665826,0.137211111111111,0.00347122596043088,0.919740740740741,0.00289156604514991,2.84055555555556,0.0365199975048664,0.690398148148148,0.0144220519012752,0.0453888888888889,0.00603861752960378,0
300,0.7,0,"freqA_er","bin",200,0,0,0.706555555555556,0.0115498767345763,0.378555,0.010657550739764,0.102033333333333,0.00300114604740687,0.9545,0.00283508446996876,1.62611111111111,0.0241102928740067,NA,NA,0.264944444444444,0.0195774104914558,0
300,0.7,0,"freqA_er","cat3",200,0,0,0.522,0.0135000763991561,0.588233055555556,0.0114899868588906,0.144533333333333,0.0039816554656215,0.935694444444444,0.00415691908391781,2.41216666666667,0.0441234638701422,NA,NA,0.1435,0.0150693286898579,0
300,0.7,0,"freqA_er","ord",200,0,0,0.447916666666667,0.0112160419799941,0.674610277777778,0.0094675094949954,0.144407407407407,0.00342673065633807,0.928731481481481,0.00272159123881112,3.06072222222222,0.0430161967758786,0.774009259259259,0.0187336764700917,0.0378333333333333,0.00536819606600205,0
300,0.7,0,"freqB","bin",200,0,0,0.736361111111111,0.0103719670002397,0.360666944444444,0.0104415847319437,0.0981861111111111,0.00306193556934106,0.967333333333333,0.00245265359294794,1.7,0.0227918342595532,NA,NA,0.195777777777778,0.0181674149561507,0
300,0.7,0,"freqB","cat3",200,0,0,0.589583333333333,0.0112603005831397,0.528139444444444,0.0110883415704844,0.12305,0.00346299777489566,0.942111111111111,0.00251503327891881,2.25366666666667,0.0332767162951075,NA,NA,0.096,0.0110658037734356,0
300,0.7,0,"freqB","ord",200,0,0,0.468601851851852,0.0102483536595602,0.654251111111111,0.00958953010925768,0.139606481481481,0.00375096794990412,0.91187037037037,0.00291142567948208,2.80605555555556,0.0371335349776883,0.689666666666667,0.0144541666756458,0.0508333333333333,0.00641021614470023,0
300,0.7,0,"freqB_er","bin",200,0,0,0.701444444444444,0.0117404304458477,0.381817222222222,0.0108270680145349,0.106716666666667,0.00314484332671754,0.955,0.00280555624657935,1.62766666666667,0.0239673493704643,NA,NA,0.264611111111111,0.0196125504238339,0
300,0.7,0,"freqB_er","cat3",200,0,0,0.513305555555556,0.0138531028360433,0.592934444444444,0.0116132860358473,0.149133333333333,0.00379204747414332,0.934388888888889,0.0042997795409475,2.4105,0.0441361584281987,NA,NA,0.145444444444444,0.0153601409141901,0
300,0.7,0,"freqB_er","ord",200,0,0,0.447597222222222,0.0113956394433751,0.674561111111111,0.00954157666626659,0.148291666666667,0.0035359051642928,0.92912037037037,0.00281857678303368,3.06205555555556,0.0435610331037081,0.778277777777778,0.0194239463268917,0.0389444444444444,0.00524893526554904,0
300,0.7,0,"mode_floor","bin",200,0,0,0.695277777777778,0.0097080138659596,NA,NA,NA,NA,NA,NA,NA,NA,NA,NA,NA,NA,NA
300,0.7,0,"mode_floor","cat3",200,0,0,0.557083333333333,0.0113251945177201,NA,NA,NA,NA,NA,NA,NA,NA,NA,NA,NA,NA,NA
300,0.7,0,"mode_floor","ord",200,0,0,0.428416666666667,0.0106396469313133,NA,NA,NA,NA,NA,NA,NA,NA,NA,NA,NA,NA,NA
300,0.7,0.5,"bace","bin",200,0,0,0.81525,0.00522465069103692,0.268720277777778,0.0067800745801465,0.0905361111111111,0.00274701101317105,0.959166666666667,0.00188367181125703,1.43994444444444,0.013563776671539,NA,NA,0.430555555555556,0.0139448342810786,0
300,0.7,0.5,"bace","cat3",200,0,0,0.690166666666667,0.00674296903201476,0.428674153290465,0.00823555248833195,0.112850867398616,0.00309923577244873,0.94775,0.00204450509553664,1.89955555555556,0.0181548235386142,NA,NA,0.132944444444444,0.0112215000790368,130
300,0.7,0.5,"bace","ord",200,0,0,0.585657407407407,0.00712346638284711,0.537885555555556,0.00769846841747996,0.12325462962963,0.00293808254855933,0.936287037037037,0.00228421417176122,2.33811111111111,0.0211481807428278,0.456731481481481,0.00812044995197756,0.0851666666666667,0.00786513812131415,0
300,0.7,0.5,"bace_chain","bin",200,0,0,0.822277777777778,0.00496122910981162,0.25461,0.00644643674993337,0.0753,0.00232604295660462,0.970722222222222,0.00154983694000506,1.48322222222222,0.0136169332002843,NA,NA,0.3825,0.0138447511959729,0
300,0.7,0.5,"bace_chain","cat3",200,0,0,0.689666666666667,0.00667504126889382,0.423967861772337,0.00797819922955814,0.106238097217444,0.00284374496562771,0.952888888888889,0.00170255425340668,1.93038888888889,0.0187359521997897,NA,NA,0.129722222222222,0.011482875388931,141
300,0.7,0.5,"bace_chain","ord",200,0,0,0.583912037037037,0.00689283645612169,0.529132777777778,0.00734567398096103,0.111478703703704,0.00285400118582295,0.946787037037037,0.00206982884501013,2.39505555555556,0.0221875353936416,0.459064814814815,0.00790928890873912,0.0792222222222222,0.00743618966152533,0
300,0.7,0.5,"bace_resid","bin",200,0,0,0.81525,0.00522465069103692,0.268720277777778,0.0067800745801465,0.0905361111111111,0.00274701101317105,0.959166666666667,0.00188367181125703,1.43994444444444,0.013563776671539,NA,NA,0.430555555555556,0.0139448342810786,0
300,0.7,0.5,"bace_resid","cat3",200,0,0,0.690166666666667,0.00674296903201476,0.428674153290465,0.00823555248833195,0.112850867398616,0.00309923577244873,0.94775,0.00204450509553664,1.89955555555556,0.0181548235386142,NA,NA,0.132944444444444,0.0112215000790368,130
300,0.7,0.5,"bace_resid","ord",200,0,0,0.585657407407407,0.00712346638284711,0.537885555555556,0.00769846841747996,0.12325462962963,0.00293808254855933,0.936287037037037,0.00228421417176122,2.33811111111111,0.0211481807428278,0.456731481481481,0.00812044995197756,0.0851666666666667,0.00786513812131415,0
300,0.7,0.5,"freqA","bin",200,0,0,0.730555555555556,0.00948949742869566,0.370229444444444,0.00957945367952946,0.0937055555555556,0.00285597664763292,0.972444444444444,0.00229765873980359,1.75716666666667,0.0208028565466089,NA,NA,0.152055555555556,0.0161043378010683,0
300,0.7,0.5,"freqA","cat3",200,0,0,0.577666666666667,0.0105998336650467,0.547927222222222,0.00996537582815754,0.128922222222222,0.00344240326039947,0.940555555555556,0.00279558779570931,2.31172222222222,0.0305621989123405,NA,NA,0.0682777777777778,0.00859811883476513,0
300,0.7,0.5,"freqA","ord",200,0,0,0.445277777777778,0.00908195208713466,0.671151666666667,0.00797563550030881,0.137637037037037,0.00345018429513895,0.918305555555556,0.00290125633907403,2.92066666666667,0.0356035096775394,0.710555555555556,0.0125749471295339,0.0371111111111111,0.00472025281624787,0
300,0.7,0.5,"freqA_er","bin",200,0,0,0.685527777777778,0.0111883757950528,0.399471388888889,0.0100626350739771,0.102819444444444,0.00299480218876359,0.958055555555556,0.0029496651040531,1.67938888888889,0.0227559301331669,NA,NA,0.226388888888889,0.018656307363848,0
300,0.7,0.5,"freqA_er","cat3",200,0,0,0.508611111111111,0.0127620342163695,0.601650555555556,0.00990738709407722,0.143519444444444,0.00362488306607192,0.938555555555556,0.0043208742994712,2.4775,0.040855471309867,NA,NA,0.12,0.0126468052775109,0
300,0.7,0.5,"freqA_er","ord",200,0,0,0.418263888888889,0.0107588695973486,0.696545833333333,0.00812852650721332,0.147932407407407,0.0032728182406723,0.933574074074074,0.00283635458313003,3.15705555555556,0.0427590601657091,0.826638888888889,0.019029945563316,0.0322777777777778,0.00402978973219294,0
300,0.7,0.5,"freqB","bin",200,0,0,0.727388888888889,0.00981366109263987,0.37454,0.00982284659413257,0.100016666666667,0.00302296181359187,0.970944444444444,0.00237168699184663,1.75077777777778,0.0209037258568759,NA,NA,0.161111111111111,0.0168065966564296,0
300,0.7,0.5,"freqB","cat3",200,0,0,0.581083333333333,0.0103221496413267,0.546079166666667,0.00982209801788318,0.127966666666667,0.00350380320339833,0.939194444444444,0.00281774637166842,2.29733333333333,0.0310728248106725,NA,NA,0.0801666666666667,0.010079982115884,0
300,0.7,0.5,"freqB","ord",200,0,0,0.442055555555556,0.00910420461997145,0.676285,0.0079138256317487,0.140674074074074,0.00341241142042836,0.915222222222222,0.00290182004749843,2.90872222222222,0.0364855072881626,0.714768518518519,0.0124757724243684,0.0387222222222222,0.00495840224651706,0
300,0.7,0.5,"freqB_er","bin",200,0,0,0.680722222222222,0.011488355125638,0.400861388888889,0.0101581456069601,0.107647222222222,0.00293748579213901,0.957666666666667,0.00292638764506204,1.67488888888889,0.0228325239871178,NA,NA,0.221111111111111,0.0183911495504079,0
300,0.7,0.5,"freqB_er","cat3",200,0,0,0.496611111111111,0.0129507740280189,0.606641111111111,0.0100113578780524,0.147769444444444,0.00359673183483877,0.939083333333333,0.00435176567345997,2.48238888888889,0.0412747642456468,NA,NA,0.119555555555556,0.0126928916369684,0
300,0.7,0.5,"freqB_er","ord",200,0,0,0.421180555555556,0.0103755847408152,0.695965555555556,0.00815775062009141,0.147824074074074,0.0035220589977529,0.933351851851852,0.00289062872633002,3.15461111111111,0.0433267312684627,0.818407407407407,0.0184922791956667,0.0330555555555556,0.00408471424972325,0
300,0.7,0.5,"mode_floor","bin",200,0,0,0.693722222222222,0.00912363722702671,NA,NA,NA,NA,NA,NA,NA,NA,NA,NA,NA,NA,NA
300,0.7,0.5,"mode_floor","cat3",200,0,0,0.552944444444444,0.0105793987082022,NA,NA,NA,NA,NA,NA,NA,NA,NA,NA,NA,NA,NA
300,0.7,0.5,"mode_floor","ord",200,0,0,0.415722222222222,0.00901691976851261,NA,NA,NA,NA,NA,NA,NA,NA,NA,NA,NA,NA,NA
300,1,0,"bace","bin",176,14,10,0.968308080808081,0.00237030008108321,0.0506455176767677,0.0034703641708886,0.0288036616161616,0.00131258224642306,0.992613636363636,0.000818706630713643,1.1290404040404,0.00659586236390528,NA,NA,0.759974747474747,0.00901474730400486,0
300,1,0,"bace","cat3",185,4,11,0.946816816816817,0.00290373532523932,0.0841411645749965,0.00429209417355951,0.0387266171296099,0.00152949664849981,0.985345345345345,0.00112616094301402,1.20924924924925,0.00836641070035485,NA,NA,0.666846846846847,0.00945500882829922,1711
300,1,0,"bace","ord",188,1,11,0.928398345153664,0.00270080426401846,0.111992021276596,0.00376694327256929,0.0477689125295508,0.00140425861999573,0.985017730496454,0.00109418326202613,1.31205673758865,0.00889733891735376,0.0719562647754137,0.00270436373702438,0.526004728132388,0.0107038766247183,0
300,1,0,"bace_chain","bin",176,14,10,0.968655303030303,0.00241673277505663,0.0496919191919192,0.00339662267826777,0.0296590909090909,0.00137398835083227,0.993181818181818,0.000790067998585729,1.13731060606061,0.0064919533275587,NA,NA,0.755366161616162,0.0089237566638258,0
300,1,0,"bace_chain","cat3",185,4,11,0.947897897897898,0.00294162200464314,0.0834130719132396,0.00425417317272529,0.0395000193748904,0.00146904003712163,0.986846846846847,0.00106247406492749,1.2209009009009,0.00832634162538566,NA,NA,0.665885885885886,0.00964736471127077,1770
300,1,0,"bace_chain","ord",188,1,11,0.926329787234043,0.00266770125907423,0.113145390070922,0.00374591360716188,0.0454048463356974,0.00129321205841159,0.986830181245075,0.000971458469684095,1.32458628841608,0.0092215598154656,0.0739952718676123,0.00268453428650198,0.518676122931442,0.010890344671126,0
300,1,0,"bace_resid","bin",176,14,10,0.968308080808081,0.00237030008108321,0.0506455176767677,0.0034703641708886,0.0288036616161616,0.00131258224642306,0.992613636363636,0.000818706630713643,1.1290404040404,0.00659586236390528,NA,NA,0.759974747474747,0.00901474730400486,0
300,1,0,"bace_resid","cat3",185,4,11,0.946816816816817,0.00290373532523932,0.0841411645749965,0.00429209417355951,0.0387266171296099,0.00152949664849981,0.985345345345345,0.00112616094301402,1.20924924924925,0.00836641070035485,NA,NA,0.666846846846847,0.00945500882829922,1711
300,1,0,"bace_resid","ord",188,1,11,0.928398345153664,0.00270080426401846,0.111992021276596,0.00376694327256929,0.0477689125295508,0.00140425861999573,0.985017730496454,0.00109418326202613,1.31205673758865,0.00889733891735376,0.0719562647754137,0.00270436373702438,0.526004728132388,0.0107038766247183,0
300,1,0,"freqA","bin",186,14,0,0.971146953405018,0.00242921618772085,0.0485194145758662,0.00375004317058,0.0268727598566308,0.00155687833037775,0.987574671445639,0.00122667143981291,1.09725209080048,0.00564146932965114,NA,NA,0.761768219832736,0.00873774628164268,0
300,1,0,"freqA","cat3",196,4,0,0.950907029478458,0.00281126617235274,0.0827230725623583,0.00433927159118188,0.0432738095238095,0.0017490971675704,0.980498866213152,0.00143020403472893,1.21575963718821,0.0098008962626347,NA,NA,0.617743764172336,0.0119435209725895,0
300,1,0,"freqA","ord",199,1,0,0.933054159687326,0.00273901483780243,0.112798436627582,0.00416398481994431,0.0497989949748744,0.00152605491443944,0.976744835287549,0.00130919394869903,1.31155778894472,0.00997711013782787,0.0673646007816862,0.0027689315535784,0.514572864321608,0.0102159107619736,0
300,1,0,"freqA_er","bin",186,14,0,0.972401433691756,0.00228985179548179,0.0472508960573477,0.00382896526413543,0.025,0.00177085618573482,0.985304659498208,0.00139016559395761,1.06493428912784,0.00522679222584089,NA,NA,0.827299880525687,0.0093068599658375,0
300,1,0,"freqA_er","cat3",196,4,0,0.951785714285714,0.00287235779491807,0.0834889455782313,0.00475011183232913,0.0400226757369614,0.00209130097129717,0.973157596371882,0.00167576153825771,1.12641723356009,0.0071072829196897,NA,NA,0.743877551020408,0.00953728015530707,0
300,1,0,"freqA_er","ord",199,1,0,0.932942490228922,0.00272633318514242,0.112668341708543,0.00437177828767333,0.0510413176996092,0.00177993851673405,0.969495626279546,0.00154555141010552,1.21686208821887,0.00855157057863499,0.0676996091568956,0.00275308105534374,0.640871021775544,0.00951706425629479,0
300,1,0,"freqB","bin",186,14,0,0.971833930704898,0.00235974030061315,0.0479877538829152,0.00388318566639069,0.0242741935483871,0.00162421180277425,0.986200716845878,0.00129872212726362,1.06989247311828,0.00520472643661036,NA,NA,0.827120669056153,0.0092013461172943,0
300,1,0,"freqB","cat3",196,4,0,0.951530612244898,0.00279200416067973,0.0812763605442177,0.00445550067534186,0.0391609977324263,0.00186092675768036,0.976842403628118,0.0015243531215095,1.13622448979592,0.0073414990981235,NA,NA,0.73265306122449,0.0102628820524218,0
300,1,0,"freqB","ord",199,1,0,0.932551647124511,0.00280353972916431,0.113016192071468,0.00439190701271288,0.0504578447794528,0.00191072443137317,0.970295924064768,0.00155604860787226,1.21496370742602,0.00883014504696495,0.0677275265214964,0.00281701413427215,0.643383584589615,0.0101223210723529,0
300,1,0,"freqB_er","bin",186,14,0,0.972461170848268,0.00232365149461694,0.0473811230585424,0.00382242060523131,0.0245758661887694,0.00172006859696144,0.986439665471924,0.00125923793641555,1.06529271206691,0.00544059292319673,NA,NA,0.828016726403823,0.00967918220778809,0
300,1,0,"freqB_er","cat3",196,4,0,0.951927437641723,0.00285029593877019,0.0823874716553288,0.00460592982810983,0.0392942176870748,0.00206965570095338,0.973412698412698,0.00163615302603876,1.12794784580499,0.00751440702281974,NA,NA,0.748922902494331,0.00989135412919366,0
300,1,0,"freqB_er","ord",199,1,0,0.934422110552764,0.00270822128866336,0.113211613623674,0.00441540526797177,0.051141820212172,0.0019230725153098,0.966592220361065,0.00167842864170364,1.19536571747627,0.00873368921158835,0.0661641541038526,0.00272853840789553,0.671524288107203,0.00971767841689906,0
300,1,0,"mode_floor","bin",186,14,0,0.733034647550777,0.0112393493512331,NA,NA,NA,NA,NA,NA,NA,NA,NA,NA,NA,NA,NA
300,1,0,"mode_floor","cat3",196,4,0,0.619359410430839,0.012363726174087,NA,NA,NA,NA,NA,NA,NA,NA,NA,NA,NA,NA,NA
300,1,0,"mode_floor","ord",199,1,0,0.531621068304485,0.0110791602202015,NA,NA,NA,NA,NA,NA,NA,NA,NA,NA,NA,NA,NA
300,1,0.5,"bace","bin",178,15,7,0.968913857677903,0.0020057956129313,0.049835518102372,0.00298245938020535,0.0266510611735331,0.00110054639564374,0.9916354556804,0.000900898045008034,1.11928838951311,0.00573945673893528,NA,NA,0.779213483146067,0.00789282522723066,0
300,1,0.5,"bace","cat3",190,2,8,0.95098440545809,0.00262876491307457,0.0744609185150488,0.00372649121932736,0.0344398293635706,0.00124829689352394,0.98906432748538,0.00093254412193144,1.19222222222222,0.00767230335598548,NA,NA,0.691228070175439,0.00895539243669266,1506
300,1,0.5,"bace","ord",191,1,8,0.929115764979639,0.00303589658643907,0.11097585805701,0.0043669551918798,0.0447905759162304,0.00144949475056539,0.985107620709715,0.00108474203190683,1.29947643979058,0.0092877241907337,0.0712041884816754,0.00305261226226759,0.548865619546248,0.0112262124297758,0
300,1,0.5,"bace_chain","bin",176,15,9,0.96875,0.00203958392752115,0.0488330176767677,0.00291886354758207,0.0285511363636364,0.00119833483714308,0.993308080808081,0.000775814598523532,1.12979797979798,0.00576661905930221,NA,NA,0.759659090909091,0.00835446918456628,0
300,1,0.5,"bace_chain","cat3",188,2,10,0.950827423167849,0.00262350009248736,0.0750219298594332,0.0037228501356168,0.0358149073930519,0.0012061428015122,0.989804964539007,0.000943458544954984,1.20330969267139,0.00756465625389093,NA,NA,0.688416075650118,0.00906915020542276,1608
300,1,0.5,"bace_chain","ord",189,1,10,0.928159905937684,0.00300332423620553,0.111450323339212,0.00434077102350545,0.0462992357436802,0.00145565839690103,0.986213991769547,0.00100776511360313,1.30840681951793,0.0093056372058962,0.0720458553791887,0.00300819423415894,0.544973544973545,0.0109378608083079,0
300,1,0.5,"bace_resid","bin",178,15,7,0.968913857677903,0.0020057956129313,0.049835518102372,0.00298245938020535,0.0266510611735331,0.00110054639564374,0.9916354556804,0.000900898045008034,1.11928838951311,0.00573945673893528,NA,NA,0.779213483146067,0.00789282522723066,0
300,1,0.5,"bace_resid","cat3",190,2,8,0.95098440545809,0.00262876491307457,0.0744609185150488,0.00372649121932736,0.0344398293635706,0.00124829689352394,0.98906432748538,0.00093254412193144,1.19222222222222,0.00767230335598548,NA,NA,0.691228070175439,0.00895539243669266,1506
300,1,0.5,"bace_resid","ord",191,1,8,0.929115764979639,0.00303589658643907,0.11097585805701,0.0043669551918798,0.0447905759162304,0.00144949475056539,0.985107620709715,0.00108474203190683,1.29947643979058,0.0092877241907337,0.0712041884816754,0.00305261226226759,0.548865619546248,0.0112262124297758,0
300,1,0.5,"freqA","bin",185,15,0,0.970660660660661,0.00216371433529158,0.0499591591591592,0.00337264608154724,0.0274114114114114,0.00145410144861082,0.987207207207207,0.00109361164452724,1.10138138138138,0.00596364483951511,NA,NA,0.765405405405405,0.0088338435121853,0
300,1,0.5,"freqA","cat3",198,2,0,0.954208754208754,0.00249677724642827,0.0786049382716049,0.00396657226989281,0.0414141414141414,0.001773806829986,0.982379349046016,0.001316436358153,1.21212121212121,0.0103932055152248,NA,NA,0.621324354657688,0.011876468205873,0
300,1,0.5,"freqA","ord",199,1,0,0.92786152987158,0.00306372881811587,0.120310999441653,0.00471066046314191,0.0531742043551089,0.00176407070346642,0.973850735157268,0.00152210227758841,1.3178671133445,0.0113446055820112,0.0725851479620324,0.00308908846920204,0.513512004466778,0.0113631340150548,0
300,1,0.5,"freqA_er","bin",185,15,0,0.971801801801802,0.00210240984075363,0.0487078078078078,0.00344806461884548,0.0242192192192192,0.00153760709006332,0.985345345345345,0.00122266692965986,1.07225225225225,0.00584636711519028,NA,NA,0.815975975975976,0.0101428080224577,0
300,1,0.5,"freqA_er","cat3",198,2,0,0.955246913580247,0.00254667230064288,0.0780454545454545,0.00431318730007116,0.036854657687991,0.00186145013017418,0.974326599326599,0.00169585827412151,1.12687991021324,0.00800069167096217,NA,NA,0.753367003367003,0.0100405034015141,0
300,1,0.5,"freqA_er","ord",199,1,0,0.927889447236181,0.00315093224484372,0.120939419318816,0.00484982477474322,0.052359017308766,0.00197921224916696,0.966750418760469,0.00166355590621161,1.23009491903964,0.00974699630003396,0.0726968174204355,0.0031949668854012,0.626744835287549,0.0106061523429873,0
300,1,0.5,"freqB","bin",185,15,0,0.971891891891892,0.00203344117752795,0.0487660660660661,0.00334106602942955,0.023984984984985,0.00147054783144092,0.986366366366366,0.00118390736727186,1.07597597597598,0.00594872475591524,NA,NA,0.817237237237237,0.00976166381940802,0
300,1,0.5,"freqB","cat3",198,2,0,0.95479797979798,0.00261185235723443,0.0777794612794613,0.00424462752842697,0.038294051627385,0.00193603420191723,0.979012345679012,0.00150649670049278,1.13305274971942,0.00767288085920695,NA,NA,0.741301907968575,0.010690412696033,0
300,1,0.5,"freqB","ord",199,1,0,0.927079843662758,0.00306077493870742,0.120365159128978,0.00470323899662622,0.0509073143495254,0.0018657503862724,0.969495626279546,0.00143917520703925,1.22261306532663,0.00918796534091951,0.0734226689000558,0.00307479915493887,0.632328308207705,0.0106283360639423,0
300,1,0.5,"freqB_er","bin",185,15,0,0.972252252252252,0.00201342191608996,0.0484192192192192,0.00340013259297181,0.0239459459459459,0.00145332025181149,0.985705705705706,0.00120719226680131,1.07171171171171,0.00579515308098554,NA,NA,0.820660660660661,0.00979256090743078,0
300,1,0.5,"freqB_er","cat3",198,2,0,0.955359147025814,0.00257883913294028,0.0779444444444444,0.00434786520514127,0.0376094276094276,0.00188201565404709,0.974242424242424,0.00171746995274394,1.1212682379349,0.00734164272341613,NA,NA,0.755218855218855,0.00994365461779872,0
300,1,0.5,"freqB_er","ord",199,1,0,0.928699050809604,0.00312706583828919,0.119914293690676,0.00493211956769337,0.0527331099944165,0.0020787601845259,0.966890005583473,0.00176293618817103,1.2107761027359,0.00946165924256675,0.0719151312116136,0.00314067124482332,0.65499720826354,0.0099908901975181,0
300,1,0.5,"mode_floor","bin",185,15,0,0.733213213213213,0.00989821741340111,NA,NA,NA,NA,NA,NA,NA,NA,NA,NA,NA,NA,NA
300,1,0.5,"mode_floor","cat3",198,2,0,0.628338945005612,0.0119720616390318,NA,NA,NA,NA,NA,NA,NA,NA,NA,NA,NA,NA,NA
300,1,0.5,"mode_floor","ord",199,1,0,0.529480737018425,0.0111194374299325,NA,NA,NA,NA,NA,NA,NA,NA,NA,NA,NA,NA,NA
