"n","lambda","rho","arm","n_fits","n_excluded","n_undefined","n_missing","truth","truth_mc_se","coverage","coverage_se","complete_coverage","complete_coverage_se","coverage_cond","coverage_cond_se","complete_coverage_cond","bias_cond","bias_cond_se","bias","bias_se","rmse","se_mean","emp_sd","width","fmi_mean","m_ok_min","diff_cd_mean","diff_cd_sd","diff_cd_se"
100,0.3,0,"bace",200,0,0,0,-0.00229772419664423,0.00279169169167965,0.9,0.0212664361502501,0.905,0.0207854558737449,0.9,0.0212664361502501,0.905,0.00988866350126821,0.0196869094405039,0.0121863876979124,0.0196869094405039,0.277985277138063,0.254826394139844,0.278414943319716,1.03152182305012,0.407509218246824,20,-0.00430092105957415,0.209405594054167,0.0148072115574099
100,0.3,0,"bace_chain",200,0,0,0,-0.00229772419664423,0.00279169169167965,0.935,0.0174757549207538,0.905,0.0207854558737449,0.94,0.0168349958546813,0.905,0.00908114911463158,0.018409154291352,0.0113788733112758,0.018409154291352,0.259942251549593,0.261093512007982,0.260344756706488,1.0616451212596,0.45512938089651,20,-0.00510843544621077,0.181758103992036,0.0128522387868378
100,0.3,0,"bace_resid",200,0,0,0,-0.00229772419664423,0.00279169169167965,0.935,0.0174757549207538,0.905,0.0207854558737449,0.93,0.0180868924470722,0.905,0.00889055745581694,0.0197461656349681,0.0111882816524612,0.0197461656349681,0.278778546602443,0.276329042850203,0.279252952458375,1.12023201846635,0.423990234264759,20,-0.0052990271050254,0.208546204065254,0.0147464435085255
100,0.3,0,"complete",200,0,0,0,-0.00229772419664423,0.00279169169167965,0.905,0.0207854558737449,0.905,0.0207854558737449,0.905,0.0207854558737449,0.905,0.0141895845608424,0.0152687537920529,0.0164873087574866,0.0152687537920529,0.216022371480753,0.18661798737239,0.215932786932569,0.740674644732765,0,NA,0,0,0
100,0.3,0,"freqA",200,0,0,0,-0.00229772419664423,0.00279169169167965,1,0,0.905,0.0207854558737449,1,0,0.905,0.0469153419554015,0.010822169106286,0.0492130661520458,0.010822169106286,0.160401606503585,0.226955915380419,0.153048583244048,0.914051033026543,0.35580021556269,20,0.0327257572109358,0.141534048133149,0.0100079685203733
100,0.3,0,"freqA_er",200,0,0,0,-0.00229772419664423,0.00279169169167965,1,0,0.905,0.0207854558737449,1,0,0.905,0.0452607917797488,0.0106508340932924,0.047558515976393,0.0106508340932924,0.157595766286922,0.222800595697814,0.150625540253199,0.897316601176135,0.359176626528321,20,0.0310712070352831,0.144691177454085,0.010231211275565
100,0.3,0,"freqB",200,0,0,0,-0.00229772419664423,0.00279169169167965,1,0,0.905,0.0207854558737449,1,0,0.905,0.0478313997785048,0.0106447942642367,0.050129123975149,0.0106447942642367,0.158309653562798,0.227931544447982,0.150540124171549,0.918588287338551,0.364853997825797,20,0.0336418150340391,0.147963218983275,0.0104625795509264
100,0.3,0,"freqB_er",200,0,0,0,-0.00229772419664423,0.00279169169167965,0.995,0.00500000000000001,0.905,0.0207854558737449,0.995,0.00500000000000001,0.905,0.0487272070969832,0.0103536799255829,0.0510249312936275,0.0103536799255829,0.154712903553006,0.221852058494666,0.146423145712294,0.893308515700646,0.354598262313457,20,0.0345376223525175,0.1473150286209,0.0104167455708529
100,0.3,0.5,"bace",200,0,0,0,0.719697930658413,0.0025381667541467,0.93,0.0180868924470722,0.955,0.0146953997519409,0.92,0.019231465004808,0.98,-0.0111372952159787,0.0171431263856654,-0.0173800234845779,0.0175657852208564,0.248404650703143,0.224036181379315,0.24841771693068,0.903714705703547,0.373248929114741,20,-0.00932783522276517,0.188199742830709,0.0133077314373158
100,0.3,0.5,"bace_chain",200,0,0,0,0.719697930658413,0.0025381667541467,0.95,0.0154497076780334,0.955,0.0146953997519409,0.95,0.0154497076780334,0.98,-0.0165752815877848,0.0157130028092658,-0.022818009856384,0.0162026808032111,0.229703086071443,0.23817357756854,0.229140509387034,0.967249886781625,0.438759964331362,20,-0.0147658215945713,0.170975188115548,0.012089771493115
100,0.3,0.5,"bace_resid",200,0,0,0,0.719697930658413,0.0025381667541467,0.945,0.0161610923059864,0.955,0.0146953997519409,0.945,0.0161610923059864,0.98,-0.00787415822569473,0.017056489389908,-0.014116886494294,0.0174942070811212,0.247189594203165,0.242948078814364,0.24740544917085,0.981862077924451,0.395710041524793,20,-0.00606469823248125,0.18600582209155,0.0131525978141114
100,0.3,0.5,"complete",200,0,0,0,0.719697930658413,0.0025381667541467,0.955,0.014695399751941,0.955,0.014695399751941,0.98,0.00992433687011669,0.98,-0.00180945999321349,0.0113819065214389,-0.00805218826181276,0.0127170206752122,0.179576273743791,0.171704325235657,0.179845831118642,0.681483290457003,0,NA,0,0,0
100,0.3,0.5,"freqA",200,0,0,0,0.719697930658413,0.0025381667541467,0.875,0.0234440422192481,0.955,0.0146953997519409,0.885,0.0226148659249623,0.98,-0.278791039296138,0.00870601269629235,-0.285033767564738,0.00936581870630031,0.314165946754206,0.221484986788241,0.132452678371775,0.892259967677275,0.358484776824215,20,-0.276981579303142,0.125405654916496,0.00886751889905944
100,0.3,0.5,"freqA_er",200,0,0,0,0.719697930658413,0.0025381667541467,0.825,0.0269351538433107,0.955,0.0146953997519409,0.85,0.0253121219495313,0.98,-0.294637357417859,0.00899660225820368,-0.300880085686458,0.00949631889624318,0.329354915563652,0.219530334516963,0.13429822975687,0.885191662841009,0.37182246366744,20,-0.292827897424863,0.131307080624114,0.00928481271271194
100,0.3,0.5,"freqB",200,0,0,0,0.719697930658413,0.0025381667541467,0.855,0.0249597666204784,0.955,0.0146953997519409,0.87,0.0238399183837259,0.98,-0.281150249108129,0.00878117680589796,-0.287392977376728,0.0094682245657827,0.316914075822849,0.222463997736585,0.13390091592524,0.896810791657139,0.366917227162846,20,-0.279340789115133,0.128816697105393,0.00910871600532767
100,0.3,0.5,"freqB_er",200,0,0,0,0.719697930658413,0.0025381667541467,0.83,0.0266279031493404,0.955,0.0146953997519409,0.85,0.0253121219495313,0.98,-0.291648370794438,0.00869251004704868,-0.297891099063038,0.00905378327309421,0.324116235663474,0.217156468572291,0.128039830955965,0.875012576817086,0.358329813434041,20,-0.289838910801442,0.131749666361169,0.0093161082503048
100,0.7,0,"bace",199,0,1,0,-0.00506223967224394,0.00296044555968605,0.939698492462312,0.016917093699099,0.954773869346734,0.0147676837599311,0.939698492462312,0.016917093699099,0.954773869346734,0.0254932841411252,0.0185320554226402,0.0305555238133692,0.0185320554226402,0.262553197498517,0.243065787412518,0.26142681300772,0.995189888721102,0.41291522028937,20,0.0229109688379808,0.201639255060829,0.0142938278104504
100,0.7,0,"bace_chain",199,0,1,0,-0.00506223967224394,0.00296044555968605,0.969849246231156,0.0121525833426093,0.954773869346734,0.0147676837599311,0.964824120603015,0.0130922401463102,0.954773869346734,0.0144297689200696,0.0163295497916361,0.0194920085923135,0.0163295497916361,0.230602405203571,0.251876314024381,0.230356647577418,1.03472530255027,0.470679752759449,20,0.0118474536169252,0.173259663217402,0.012282051884089
100,0.7,0,"bace_resid",199,0,1,0,-0.00506223967224394,0.00296044555968605,0.954773869346734,0.0147676837599311,0.954773869346734,0.0147676837599311,0.954773869346734,0.0147676837599311,0.954773869346734,0.0253880057233315,0.0184548242264679,0.0304502453955754,0.0184548242264679,0.261461591474076,0.260091377577491,0.260337332913925,1.06517987160598,0.425942152695964,20,0.0228056904201871,0.201122651638129,0.0142572067647709
100,0.7,0,"complete",199,0,1,0,-0.00506223967224394,0.00296044555968605,0.954773869346734,0.0147676837599311,0.954773869346734,0.0147676837599311,0.954773869346734,0.0147676837599311,0.954773869346734,0.0025823153031444,0.0143173292296358,0.00764455497538834,0.0143173292296358,0.201607665137486,0.177181924542032,0.201970783376425,0.703223525561682,0,NA,0,0,0
100,0.7,0,"freqA",199,0,1,0,-0.00506223967224394,0.00296044555968605,1,0,0.954773869346734,0.0147676837599311,1,0,0.954773869346734,0.037378670106693,0.00985344759696499,0.042440909778937,0.00985344759696499,0.145000468526824,0.214968526148084,0.138999983739858,0.865327129535868,0.347003681943076,20,0.0347963548036808,0.138383769027021,0.00980976529414701
100,0.7,0,"freqA_er",199,0,1,0,-0.00506223967224394,0.00296044555968605,1,0,0.954773869346734,0.0147676837599311,1,0,0.954773869346734,0.0339625072792187,0.0109715372568215,0.0390247469514626,0.0109715372568215,0.159239152128597,0.2157949286171,0.154772579373048,0.868625903818188,0.344890133545963,20,0.0313801919762064,0.130840674467995,0.00927504949809757
100,0.7,0,"freqB",199,0,1,0,-0.00506223967224394,0.00296044555968605,1,0,0.954773869346734,0.0147676837599311,1,0,0.954773869346734,0.0393002860757272,0.010725609694473,0.0443625257479712,0.010725609694473,0.157307650633203,0.21598465705899,0.151303344180876,0.869048542601637,0.35365485138597,20,0.036717970772715,0.132728857464927,0.00940889924191168
100,0.7,0,"freqB_er",199,0,1,0,-0.00506223967224394,0.00296044555968605,1,0,0.954773869346734,0.0147676837599311,1,0,0.954773869346734,0.0360307575238877,0.0107944886947253,0.0410929971961317,0.0107944886947253,0.157352437802249,0.213961189036881,0.152275002051978,0.860138752302605,0.339544443999222,20,0.0334484422208755,0.139620915173563,0.00989746425926017
100,0.7,0.5,"bace",200,0,0,0,0.52637722720545,0.00271544004337402,0.95,0.0154497076780334,0.96,0.0138911779241576,0.945,0.0161610923059864,0.985,-0.0129852363977742,0.0156546756500494,-0.0126887803918218,0.016204471715855,0.228944100081724,0.220720502373634,0.229165836716533,0.895351444899717,0.392506052756036,20,-0.0175960973441007,0.181389780993115,0.0128261944178174
100,0.7,0.5,"bace_chain",200,0,0,0,0.52637722720545,0.00271544004337402,0.96,0.0138911779241576,0.96,0.0138911779241576,0.96,0.0138911779241576,0.985,-0.0167025841242486,0.0152592222677421,-0.0164061281182962,0.0157434519978248,0.222693872660629,0.231951450881049,0.222646033338936,0.946856067941605,0.445733010075198,20,-0.021313445070575,0.180425627389654,0.0127580184627062
100,0.7,0.5,"bace_resid",200,0,0,0,0.52637722720545,0.00271544004337402,0.96,0.0138911779241576,0.96,0.0138911779241576,0.96,0.0138911779241576,0.985,-0.00710921017208877,0.015669181275509,-0.00681275416613631,0.0163064834728332,0.230132120457,0.236869986742831,0.230608500818935,0.962617745075372,0.414806702644516,20,-0.0117200711184152,0.180894921335646,0.0127912025558642
100,0.7,0.5,"complete",200,0,0,0,0.52637722720545,0.00271544004337402,0.96,0.0138911779241576,0.96,0.0138911779241576,0.985,0.00861662527650928,0.985,0.00461086094632643,0.0104986136646716,0.00490731695227886,0.0123874982160657,0.174816057781382,0.16399043553819,0.175185679810327,0.650867364352417,0,NA,0,0,0
100,0.7,0.5,"freqA",200,0,0,0,0.52637722720545,0.00271544004337402,0.855,0.0249597666204783,0.96,0.0138911779241576,0.89,0.022180166793669,0.985,-0.210383186363653,0.00915843117649237,-0.210086730357701,0.00992373702072314,0.252456065498983,0.208817469386911,0.140342834841306,0.842017578973371,0.361511313426902,20,-0.214994047309784,0.132734116500656,0.00938571938724192
100,0.7,0.5,"freqA_er",200,0,0,0,0.52637722720545,0.00271544004337402,0.855,0.0249597666204784,0.96,0.0138911779241576,0.89,0.022180166793669,0.985,-0.200110621764873,0.00964443454147666,-0.19981416575892,0.0109751097264166,0.252776293401504,0.207765824906391,0.155211490236313,0.836688937925796,0.351880399356014,20,-0.204721482711003,0.1370655444842,0.00969199759718043
100,0.7,0.5,"freqB",200,0,0,0,0.52637722720545,0.00271544004337402,0.85,0.0253121219495313,0.96,0.0138911779241576,0.89,0.022180166793669,0.985,-0.208162637921447,0.00869790484078599,-0.207866181915494,0.00998186254092481,0.251070165415015,0.206539012005934,0.141164853831198,0.831695921010262,0.355567641268063,20,-0.212773498867577,0.12893123845143,0.00911681530157858
100,0.7,0.5,"freqB_er",200,0,0,0,0.52637722720545,0.00271544004337402,0.845,0.0256547428197152,0.96,0.0138911779241576,0.875,0.0234440422192481,0.985,-0.203111392006849,0.00967209204526177,-0.202814936000897,0.0110552796004843,0.25584276512534,0.205117479073776,0.156345263468315,0.824918526070435,0.337874870636518,20,-0.20772225295298,0.13903251182162,0.00983108319144665
100,1,0,"bace",172,15,1,12,-0.00461077820154483,0.00592591719732256,0.994186046511628,0.00581395348837208,0.97093023255814,0.0128474440679978,0.994186046511628,0.00581395348837208,0.97093023255814,0.000298352004173247,0.0240628300372991,0.00490913020571807,0.0240628300372991,0.314700625273372,0.333484139728881,0.315581057380633,101.616348090868,0.475553921293398,20,-0.00191254479417679,0.31422419713384,0.0239593704134105
100,1,0,"bace_chain",169,15,1,15,-0.00461077820154483,0.00592591719732256,1,0,0.970414201183432,0.01307270860486,1,0,0.970414201183432,-0.00565650515508877,0.0166178591188787,-0.00104572695354394,0.0166178591188787,0.215394610307697,0.302967304864345,0.216032168545423,3.75797272383153,0.514004812254806,20,-0.00572149980226805,0.299737548115335,0.0230567344704103
100,1,0,"bace_resid",172,15,1,12,-0.00461077820154483,0.00592591719732256,0.994186046511628,0.00581395348837208,0.97093023255814,0.0128474440679978,0.994186046511628,0.00581395348837208,0.97093023255814,0.000528425595608986,0.0240851243087768,0.00513920379715381,0.0240851243087768,0.314995794945595,0.334495578885833,0.315873444009951,94.7303463744071,0.475833968552441,20,-0.00168247120274105,0.314355355620727,0.0239693711542792
100,1,0,"complete",184,15,1,0,-0.00461077820154483,0.00592591719732256,0.972826086956522,0.012018994869321,0.972826086956522,0.012018994869321,0.972826086956522,0.012018994869321,0.972826086956522,0.0119054720792711,0.0303736719048342,0.0165162502808159,0.0303736719048342,0.411219231621211,0.240264136050972,0.412008531315533,0.953592716957504,0,NA,0,0,0
100,1,0,"freqA",184,15,1,0,-0.00461077820154483,0.00592591719732256,1,0,0.972826086956522,0.012018994869321,1,0,0.972826086956522,0.040299118764435,0.0276159109051494,0.0449098969659798,0.0276159109051494,0.376270847625304,0.287979785404166,0.374600441086621,1.15613409571249,0.30551275449848,20,0.0283936466851652,0.186292775462053,0.013733685615825
100,1,0,"freqA_er",184,15,1,0,-0.00461077820154483,0.00592591719732256,0.983695652173913,0.00936173938466032,0.972826086956522,0.012018994869321,0.983695652173913,0.00936173938466032,0.972826086956522,0.0400157884475423,0.0314427478891079,0.0446265666490871,0.0314427478891079,0.427684253512541,0.295942613691098,0.426510183520291,1.18273733530543,0.255210980323002,20,0.0281103163682725,0.200871209553176,0.0148084220358603
100,1,0,"freqB",184,15,1,0,-0.00461077820154483,0.00592591719732256,0.983695652173913,0.00936173938466032,0.972826086956522,0.012018994869321,0.983695652173913,0.00936173938466032,0.972826086956522,0.0445337708669949,0.0318250101315308,0.0491445490685397,0.0318250101315308,0.43331663837168,0.300935293511662,0.431695440856693,1.20324779110384,0.26906141017153,20,0.032628298787725,0.205021989697061,0.0151144216078519
100,1,0,"freqB_er",184,15,1,0,-0.00461077820154483,0.00592591719732256,0.989130434782609,0.00766491466179157,0.972826086956522,0.012018994869321,0.989130434782609,0.00766491466179157,0.972826086956522,0.0459974293225548,0.0313801684342995,0.0506082075240997,0.0313801684342995,0.427509099734028,0.298777503985175,0.425661314494942,1.19416717244919,0.253692745759982,20,0.034091957243285,0.206320767557054,0.015210168781996
100,1,0.5,"bace",154,17,1,28,0.253345190611432,0.00719339266329275,0.720779220779221,0.0362684738296972,0.551948051948052,0.0402038433355124,0.961038961038961,0.0156437204516503,0.974025974025974,-0.101321639606983,0.0240869115190029,-0.125248594756546,0.0189822259698563,0.26611448779126,0.251145775822769,0.235563229360369,8.08956813127978,0.529079865422627,20,-0.0688515589057176,0.210887491362113,0.0169937983365294
100,1,0.5,"bace_chain",149,17,1,33,0.253345190611432,0.00719339266329275,0.751677852348993,0.0355134404169743,0.563758389261745,0.0407642254890397,0.986577181208054,0.00945924641576814,0.973154362416107,-0.105674732475594,0.0243352554696449,-0.130231010526624,0.0181701514920809,0.256559872308727,0.238314009126633,0.221794964734392,1.0659693296203,0.561381389303255,20,-0.0748493655681099,0.211023611621506,0.0172877278623551
100,1,0.5,"bace_resid",154,17,1,28,0.253345190611432,0.00719339266329275,0.733766233766234,0.0357326079044332,0.551948051948052,0.0402038433355124,0.961038961038961,0.0156437204516503,0.974025974025974,-0.0998132275915655,0.0241039658711382,-0.123740182741129,0.0190045406888358,0.26565209493665,0.252198790768969,0.235840147740406,6.92597697257308,0.527756134303074,20,-0.0673431468903001,0.210800396459619,0.0169867800292815
100,1,0.5,"complete",182,17,1,0,0.253345190611432,0.00719339266329275,0.554945054945055,0.0369396282841876,0.554945054945055,0.0369396282841876,0.972527472527473,0.0121495714647839,0.972527472527473,0.00571810729566964,0.027979338186596,0.0351169517443564,0.0410054735886384,0.552788788530645,0.251881096199343,0.553194082840363,0.999699675627032,0,NA,0,0,0
100,1,0.5,"freqA",182,17,1,0,0.253345190611432,0.00719339266329275,0.631868131868132,0.035848884476631,0.554945054945055,0.0369396282841876,0.994505494505495,0.0054945054945055,0.972527472527473,-0.0548426152257618,0.0270209678835874,-0.0254437707770728,0.0359414896014033,0.484212244376704,0.31739749191676,0.484877203844165,1.28071432522104,0.354551623321454,20,-0.0605607225214325,0.239579550329888,0.0177588177968003
100,1,0.5,"freqA_er",182,17,1,0,0.253345190611432,0.00719339266329275,0.637362637362637,0.0357347120544936,0.554945054945055,0.0369396282841876,0.994505494505495,0.0054945054945055,0.972527472527473,-0.0268860082375501,0.0317710285802983,0.00251283621113889,0.0412299721464028,0.554698236452745,0.315330622452893,0.556222733966488,1.26192750642521,0.286175391137793,20,-0.0326041155332208,0.275489023923517,0.0204206050730941
100,1,0.5,"freqB",182,17,1,0,0.253345190611432,0.00719339266329275,0.642857142857143,0.0356154908204214,0.554945054945055,0.0369396282841876,0.989010989010989,0.00774890925366377,0.972527472527473,-0.019407032812218,0.0323035743496378,0.00999181163647099,0.0423159653012122,0.569390764507436,0.319693358374506,0.570873582613487,1.27922984143095,0.293142606624211,20,-0.0251251401078888,0.274826854773358,0.0203715218300871
100,1,0.5,"freqB_er",182,17,1,0,0.253345190611432,0.00719339266329275,0.648351648351648,0.0354911698948441,0.554945054945055,0.0369396282841876,0.994505494505495,0.0054945054945055,0.972527472527473,-0.0165364583264737,0.0311858380999544,0.0128623861222153,0.0417995531387866,0.562502550472229,0.317815792980837,0.563906801655742,1.27147977593305,0.278605117308249,20,-0.0222545656221444,0.254772467676036,0.0188849917568924
300,0.3,0,"bace",200,0,0,0,-0.000830084658429797,0.00158026382395526,0.9,0.0212664361502501,0.95,0.0154497076780334,0.9,0.0212664361502501,0.95,-0.0223210337229762,0.0120825256334662,-0.0214909490645464,0.0120825256334662,0.171794524367585,0.146047994211881,0.170872716185684,0.582418632795344,0.399637978007268,20,-0.0385953755829885,0.122154310858415,0.0086376141559155
300,0.3,0,"bace_chain",200,0,0,0,-0.000830084658429797,0.00158026382395526,0.94,0.0168349958546813,0.95,0.0154497076780334,0.94,0.0168349958546813,0.95,0.00454090603793772,0.011076594405448,0.00537099069636751,0.011076594405448,0.156346874999144,0.149203959001804,0.156646700330905,0.597218675116763,0.453267337997281,20,-0.0117334358220746,0.106264261804862,0.00751401801200002
300,0.3,0,"bace_resid",200,0,0,0,-0.000830084658429797,0.00158026382395526,0.92,0.019231465004808,0.95,0.0154497076780334,0.92,0.019231465004808,0.95,-0.0237518260038133,0.0121255511894332,-0.0229217413453835,0.0121255511894332,0.172580924682219,0.159895051258793,0.171481189433456,0.638446653859188,0.419801827760298,20,-0.0400261678638257,0.122637897029547,0.00867180886200504
300,0.3,0,"complete",200,0,0,0,-0.000830084658429797,0.00158026382395526,0.95,0.0154497076780334,0.95,0.0154497076780334,0.95,0.0154497076780334,0.95,0.0162743418600123,0.00771511695535606,0.0171044265184421,0.00771511695535606,0.11017097759326,0.10958151789659,0.109108230335592,0.431303322272782,0,NA,0,0,0
300,0.3,0,"freqA",200,0,0,0,-0.000830084658429797,0.00158026382395526,0.995,0.00500000000000001,0.95,0.0154497076780334,0.995,0.00500000000000001,0.95,0.048581152616666,0.00550008503871443,0.0494112372750957,0.00550008503871443,0.0919859039214204,0.132160682782341,0.077782948559553,0.525596818124371,0.355474690275995,20,0.032306810756525,0.0802078395140775,0.00567155072247265
300,0.3,0,"freqA_er",200,0,0,0,-0.000830084658429797,0.00158026382395526,0.995,0.00500000000000001,0.95,0.0154497076780334,0.995,0.00500000000000001,0.95,0.0460519239344284,0.00537391610845483,0.0468820085928582,0.00537391610845484,0.0891338242391865,0.128546223529843,0.0759986504363207,0.510862819955192,0.343448177903332,20,0.0297775820742874,0.0787244758151415,0.00556666106942429
300,0.3,0,"freqB",200,0,0,0,-0.000830084658429797,0.00158026382395526,0.995,0.00500000000000001,0.95,0.0154497076780334,0.995,0.00500000000000001,0.95,0.048219202895387,0.00545252582772863,0.0490492875538168,0.00545252582772863,0.0912256003106831,0.131003125633566,0.0771103597476341,0.520636995550725,0.343564453456172,20,0.031944861035246,0.0796850091411326,0.00563458103226069
300,0.3,0,"freqB_er",200,0,0,0,-0.000830084658429797,0.00158026382395526,0.995,0.00500000000000001,0.95,0.0154497076780334,0.995,0.00500000000000001,0.95,0.0454891690126156,0.00539689839765456,0.0463192536710454,0.00539689839765456,0.0891159312987825,0.128405729284944,0.0763236690871271,0.510292752724244,0.341559629899781,20,0.0292148271524746,0.0782114309322842,0.00553038331785215
300,0.3,0.5,"bace",200,0,0,0,0.70587307890235,0.00146288034164079,0.91,0.020286887118154,0.935,0.0174757549207538,0.92,0.019231465004808,0.955,0.0150143510951794,0.0100482052302546,0.0190933356355425,0.0105296921148211,0.149761691551089,0.129557136452702,0.14891233396393,0.516221116903776,0.3851639833911,20,0.0154024564710436,0.102582084490533,0.00725364875715072
300,0.3,0.5,"bace_chain",200,0,0,0,0.70587307890235,0.00146288034164079,0.935,0.0174757549207538,0.935,0.0174757549207538,0.945,0.0161610923059864,0.955,0.00565107227123162,0.00927567197355046,0.00973005681159468,0.00981777008046986,0.13883806130452,0.13386975430956,0.138844236000613,0.534656771640725,0.421005296950936,20,0.00603917764709577,0.0871311114080421,0.00616109997289471
300,0.3,0.5,"bace_resid",200,0,0,0,0.70587307890235,0.00146288034164079,0.93,0.0180868924470722,0.935,0.0174757549207538,0.95,0.0154497076780334,0.955,0.0151609209379134,0.0100722504391957,0.0192399054782765,0.0105656276630121,0.15028319619166,0.142252057594686,0.149420539360161,0.567449553020551,0.402471115315704,20,0.0155490263137776,0.103261307838745,0.00730167710069679
300,0.3,0.5,"complete",200,0,0,0,0.70587307890235,0.00146288034164079,0.935,0.0174757549207538,0.935,0.0174757549207538,0.955,0.0146953997519409,0.955,-0.000388105375864151,0.00689479027055762,0.00369087916449891,0.00756825076255564,0.106827094364617,0.101006300522691,0.107031228718467,0.397552012621607,0,NA,0,0,0
300,0.3,0.5,"freqA",200,0,0,0,0.70587307890235,0.00146288034164079,0.345,0.0336979637933674,0.935,0.0174757549207538,0.335,0.0334585170294358,0.955,-0.289769365156279,0.00562227355519788,-0.285690380615916,0.00579055291909607,0.297138963609837,0.129472436185166,0.0818907847182478,0.514978890856397,0.358442557517432,13,-0.28938125978039,0.0797242614467026,0.00563735658940526
300,0.3,0.5,"freqA_er",200,0,0,0,0.70587307890235,0.00146288034164079,0.26,0.0310939571437003,0.935,0.0174757549207538,0.23,0.0298320255554952,0.955,-0.306312044086108,0.00537400924748409,-0.302233059545745,0.00557035870317029,0.312281239594531,0.126068597449739,0.0787767682530643,0.501254123168338,0.349283877661944,13,-0.305923938710219,0.0835052097168516,0.00590471000551905
300,0.3,0.5,"freqB",200,0,0,0,0.70587307890235,0.00146288034164079,0.305,0.0326374172542057,0.935,0.0174757549207538,0.29,0.0321663390337503,0.955,-0.292258163287873,0.00552274374556676,-0.28817917874751,0.00565494091724842,0.29901660833861,0.128640497432006,0.0799729413959127,0.511463178769357,0.350594781987935,20,-0.291870057911984,0.0791027400388772,0.00559340838919267
300,0.3,0.5,"freqB_er",200,0,0,0,0.70587307890235,0.00146288034164079,0.225,0.0296016263304406,0.935,0.0174757549207538,0.22,0.0293651418826633,0.955,-0.307374536249371,0.00532570564468209,-0.303295551709008,0.00541815467427729,0.312778060773571,0.125382267836559,0.0766242782339813,0.4983302167046,0.343476085996959,20,-0.306986430873482,0.0827661569235962,0.00585245108134248
300,0.7,0,"bace",200,0,0,0,-0.00198343518299678,0.00163552917297058,0.9,0.0212664361502501,0.94,0.0168349958546813,0.895,0.0217309958562539,0.935,-0.0108215041856781,0.011381647346656,-0.0088380690026813,0.011381647346656,0.160800960295953,0.134332395974124,0.160960800397887,0.535598582688679,0.398384469319566,20,-0.014058426100752,0.114851260814883,0.00812121053500284
300,0.7,0,"bace_chain",200,0,0,0,-0.00198343518299678,0.00163552917297058,0.945,0.0161610923059864,0.94,0.0168349958546813,0.945,0.0161610923059864,0.935,-0.00214405832274288,0.0104991972248589,-0.000160623139746094,0.0104991972248589,0.148109490346579,0.138739387659527,0.148481071094254,0.555206282109927,0.450939651990367,20,-0.00538098023781675,0.10019863352065,0.00708511332280771
300,0.7,0,"bace_resid",200,0,0,0,-0.00198343518299678,0.00163552917297058,0.935,0.0174757549207538,0.94,0.0168349958546813,0.93,0.0180868924470722,0.935,-0.0115591580464906,0.011499623805121,-0.00957572286349381,0.011499623805121,0.162504531175473,0.146345034468358,0.162629239473907,0.584010931127082,0.413534393782997,20,-0.0147960799615645,0.116114279382649,0.00821051943440602
300,0.7,0,"complete",200,0,0,0,-0.00198343518299678,0.00163552917297058,0.94,0.0168349958546813,0.94,0.0168349958546813,0.935,0.0174757549207538,0.935,0.00323692191507387,0.00811453092093874,0.00522035709807065,0.00811453092093874,0.11458852005999,0.10262068349557,0.114756796806874,0.403906083572514,0,NA,0,0,0
300,0.7,0,"freqA",200,0,0,0,-0.00198343518299678,0.00163552917297058,0.99,0.00705327893384296,0.94,0.0168349958546813,0.99,0.00705327893384296,0.935,0.0283512488680173,0.00602245526891429,0.0303346840510141,0.00602245526891429,0.0902104017407276,0.1206865408608,0.0851703792008389,0.479424963892062,0.341174962154462,20,0.0251143268227095,0.0822701494409591,0.00581737805589328
300,0.7,0,"freqA_er",200,0,0,0,-0.00198343518299678,0.00163552917297058,0.995,0.00500000000000001,0.94,0.0168349958546813,0.995,0.00500000000000001,0.935,0.0290565368088313,0.00634938222968255,0.0310399719918281,0.00634938222968255,0.0947950217378348,0.119880324911885,0.0897938246190779,0.475729496280709,0.322827038811932,20,0.0258196147635235,0.0848219227619087,0.00599781567782272
300,0.7,0,"freqB",200,0,0,0,-0.00198343518299678,0.00163552917297058,0.995,0.00500000000000001,0.94,0.0168349958546813,0.995,0.00500000000000001,0.935,0.0284350781323984,0.00634243606503756,0.0304185133153952,0.00634243606503756,0.0945005740982435,0.119380200109907,0.0896955910166036,0.473826458305491,0.324007441438473,20,0.0251981560870906,0.0852477734737832,0.00602792787043668
300,0.7,0,"freqB_er",200,0,0,0,-0.00198343518299678,0.00163552917297058,0.995,0.00500000000000001,0.94,0.0168349958546813,0.995,0.00500000000000001,0.935,0.0303642243882871,0.00641510069757142,0.0323476595712839,0.00641510069757142,0.0961036989651073,0.119496183052724,0.0907232241049461,0.474102809184835,0.31981295415318,20,0.0271273023429793,0.0856572993166347,0.00605688572049182
300,0.7,0.5,"bace",200,0,0,0,0.506015513219834,0.00160245504216073,0.93,0.0180868924470722,0.96,0.0138911779241576,0.92,0.019231465004808,0.965,0.00745625580735202,0.0092662951773242,0.00670285923025377,0.0092304816199591,0.130384372983133,0.11947885675021,0.130538722941817,0.475995054807582,0.371668482093027,20,0.00999760528668319,0.0871726932965947,0.00616404025643172
300,0.7,0.5,"bace_chain",200,0,0,0,0.506015513219834,0.00160245504216073,0.95,0.0154497076780334,0.96,0.0138911779241576,0.955,0.014695399751941,0.965,0.00303600736696401,0.00915663807238247,0.00228261078986575,0.00910338079410802,0.12843927415959,0.124212696648199,0.128741245824743,0.496219162377576,0.419227367104179,20,0.00557735684629517,0.0811593285895858,0.00573883116022434
300,0.7,0.5,"bace_resid",200,0,0,0,0.506015513219834,0.00160245504216073,0.955,0.014695399751941,0.96,0.0138911779241576,0.955,0.014695399751941,0.965,0.00786976915146061,0.00937485178326291,0.00711637257436237,0.00934086929856228,0.131961201759945,0.131335840418942,0.132099840463812,0.524056658336253,0.402396648532942,20,0.0104111186307918,0.0870518207187221,0.0061554932744844
300,0.7,0.5,"complete",200,0,0,0,0.506015513219834,0.00160245504216073,0.96,0.0138911779241576,0.96,0.0138911779241576,0.965,0.013027801736688,0.965,-0.00254134947933116,0.00681963637251542,-0.00329474605642941,0.00704192453876518,0.0993931933901882,0.0934280774753575,0.0995878518792962,0.367724785914237,0,NA,0,0,0
300,0.7,0.5,"freqA",200,0,0,0,0.506015513219834,0.00160245504216073,0.425,0.0350430460345114,0.96,0.0138911779241576,0.455,0.0353002199375329,0.965,-0.209533496943826,0.00665753789475922,-0.210286893520925,0.00734275051985455,0.23441386187862,0.1155795062771,0.103842173703004,0.459631408885309,0.358495126454669,20,-0.206992147535919,0.0818253606324781,0.005785926737626
300,0.7,0.5,"freqA_er",200,0,0,0,0.506015513219834,0.00160245504216073,0.4,0.0347279448103939,0.96,0.0138911779241576,0.425,0.0350430460345113,0.965,-0.207876232290849,0.0068301251647325,-0.208629628867948,0.00761500374831298,0.234661437345071,0.114728293843151,0.107692415783862,0.455852017117361,0.346646914705976,20,-0.205334882882942,0.0831505878316967,0.00587963445154403
300,0.7,0.5,"freqB",200,0,0,0,0.506015513219834,0.00160245504216073,0.4,0.0347279448103939,0.96,0.0138911779241576,0.46,0.0353304572009782,0.965,-0.20946023429611,0.00651386902897983,-0.210213630873209,0.0072941230625265,0.234045748997717,0.113970054194602,0.103154477606433,0.452799626740183,0.338349868817366,20,-0.206918884888203,0.0838918209667561,0.0059320475491681
300,0.7,0.5,"freqB_er",200,0,0,0,0.506015513219834,0.00160245504216073,0.4,0.0347279448103939,0.96,0.0138911779241576,0.435,0.0351432817371441,0.965,-0.208651263378444,0.0068039897398193,-0.209404659955543,0.0075979716498365,0.23524118915753,0.113700072117805,0.107451545537251,0.451505873616139,0.334736660915494,20,-0.206109913970537,0.0834920332693931,0.00590377828998407
300,1,0,"bace",176,14,0,10,-0.00322645017612552,0.00537062556351183,0.994318181818182,0.00568181818181816,0.960227272727273,0.0147727272727273,0.988636363636364,0.00801231342808641,0.960227272727273,-0.0166368640111104,0.0138140107123994,-0.0134104138349849,0.0138140107123994,0.183233581236153,0.123640949711896,0.183263561531916,0.504375104331709,0.448933690540551,20,-0.00415086972370023,0.123174034840569,0.00928459221546205
300,1,0,"bace_chain",176,14,0,10,-0.00322645017612552,0.00537062556351183,1,0,0.960227272727273,0.0147727272727273,1,0,0.960227272727273,-0.0133184671149513,0.0141027803530491,-0.0100920169388258,0.0141027803530491,0.186835010640415,0.122576083258574,0.187094523727438,0.491510605716298,0.490392967315671,20,-0.0008324728275411,0.10988464724984,0.00828286693518815
300,1,0,"bace_resid",176,14,0,10,-0.00322645017612552,0.00537062556351183,0.994318181818182,0.00568181818181816,0.960227272727273,0.0147727272727273,0.988636363636364,0.00801231342808641,0.960227272727273,-0.0164683944017927,0.0138119829975694,-0.0132419442256672,0.0138119829975694,0.183194574411406,0.124456212110779,0.183236660854824,0.507201847307424,0.44899140810604,20,-0.0039824001143825,0.123158263342928,0.00928340339409712
300,1,0,"complete",186,14,0,0,-0.00322645017612552,0.00537062556351183,0.96236559139785,0.0139919011113508,0.96236559139785,0.0139919011113508,0.96236559139785,0.0139919011113508,0.96236559139785,-0.0118318989756409,0.02229629468081,-0.00860544879951539,0.02229629468081,0.303384465159872,0.127873950853105,0.304080918026426,0.503300747185646,0,NA,0,0,0
300,1,0,"freqA",186,14,0,0,-0.00322645017612552,0.00537062556351183,1,0,0.96236559139785,0.0139919011113508,1,0,0.96236559139785,-0.00356615951514322,0.0163961467006996,-0.000339709339017704,0.0163961467006996,0.223011964542588,0.139641318866143,0.223613627834576,0.553914625431331,0.289732587063472,20,0.00826573946050668,0.0983692018269352,0.00721277982743664
300,1,0,"freqA_er",186,14,0,0,-0.00322645017612552,0.00537062556351183,0.994623655913978,0.0053763440860215,0.96236559139785,0.0139919011113508,0.994623655913978,0.0053763440860215,0.96236559139785,-0.00534681509528815,0.020500765431586,-0.00212036491916264,0.020500765431586,0.27884861816828,0.143690880118398,0.279593163883256,0.567648136272666,0.258690956576422,20,0.00648508388036174,0.0580229378377372,0.00425444821948374
300,1,0,"freqB",186,14,0,0,-0.00322645017612552,0.00537062556351183,0.994623655913978,0.0053763440860215,0.96236559139785,0.0139919011113508,1,0,0.96236559139785,-0.00623039950407435,0.0206814721375694,-0.00300394932794884,0.0206814721375694,0.281314472290924,0.145153613642659,0.282057674773322,0.573461166872369,0.263760626029968,20,0.00560149947157554,0.0572783962673466,0.00419985578282812
300,1,0,"freqB_er",186,14,0,0,-0.00322645017612552,0.00537062556351183,0.994623655913978,0.0053763440860215,0.96236559139785,0.0139919011113508,0.994623655913978,0.0053763440860215,0.96236559139785,-0.00489711117951733,0.0200937624094123,-0.0016706610033918,0.0200937624094123,0.273309822993763,0.144932111091179,0.27404238271563,0.572677765614192,0.255786236233099,20,0.00693478779613257,0.060551640643303,0.00443986170507506
300,1,0.5,"bace",178,15,0,7,0.179239612166988,0.00645047153706765,0.365168539325843,0.0361900567869127,0.303370786516854,0.034554219444001,0.966292134831461,0.0135654190200024,0.971910112359551,-0.0305151559898526,0.0131634620382815,-0.073768807580157,0.0160782722588461,0.226270314987703,0.141607002938787,0.214510907209087,0.861862403063204,0.535069362956353,20,-0.0403021333994276,0.166151962040743,0.0124536160738374
300,1,0.5,"bace_chain",176,15,0,9,0.179239612166988,0.00645047153706765,0.369318181818182,0.0364826582988759,0.306818181818182,0.0348614224055324,0.965909090909091,0.0137172923209595,0.971590909090909,-0.0405456257549736,0.0138420482753406,-0.0826829890608801,0.0174969697993854,0.24578785223877,0.139693652517268,0.232123535170966,0.655828578951874,0.56835953045855,20,-0.0505159877023191,0.166800901222441,0.0125730910010903
300,1,0.5,"bace_resid",178,15,0,7,0.179239612166988,0.00645047153706765,0.370786516853933,0.0363056606202018,0.303370786516854,0.034554219444001,0.960674157303371,0.0146096711241207,0.971910112359551,-0.0298045828738189,0.0131625843199072,-0.0730582344641234,0.0160662619441742,0.225888446847168,0.142066429526384,0.214350669625429,0.85288377485887,0.532214359583579,20,-0.039591560283394,0.166248752396595,0.0124608708177275
300,1,0.5,"complete",185,15,0,0,0.179239612166988,0.00645047153706765,0.302702702702703,0.0338694565879167,0.302702702702703,0.0338694565879167,0.962162162162162,0.0140662515992054,0.962162162162162,0.0201216760199417,0.0197048960413665,-0.0102164812092001,0.0297526751627802,0.403714212639598,0.124876953418834,0.40468013378254,0.491504825984191,0,NA,0,0,0
300,1,0.5,"freqA",185,15,0,0,0.179239612166988,0.00645047153706765,0.351351351351351,0.0351938404979363,0.302702702702703,0.0338694565879167,1,0,0.962162162162162,-0.0105392548696157,0.0186332964445903,-0.0408774120987644,0.025417858896176,0.347199355096204,0.151639966273134,0.345720258171536,0.605294061034375,0.342228847718151,20,-0.0306609308895705,0.128118512939695,0.00941946040741786
300,1,0.5,"freqA_er",185,15,0,0,0.179239612166988,0.00645047153706765,0.356756756756757,0.0353154552064825,0.302702702702703,0.0338694565879167,1,0,0.962162162162162,0.0107194681013978,0.0198387717981111,-0.0196186891277509,0.0283396009867236,0.38491734441961,0.1509313983993,0.385460247050251,0.598815823421885,0.292150972618412,20,-0.009402207918557,0.141885971632942,0.0104316641014526
300,1,0.5,"freqB",185,15,0,0,0.179239612166988,0.00645047153706765,0.362162162162162,0.0354321711513849,0.302702702702703,0.0338694565879167,1,0,0.962162162162162,0.0117783245672769,0.0211097399921538,-0.0185598326618718,0.0294263429750866,0.399589595700043,0.152448107155049,0.400241536155575,0.604451811139912,0.292491708233721,20,-0.00834335145267795,0.158888921493037,0.0116817458370396
300,1,0.5,"freqB_er",185,15,0,0,0.179239612166988,0.00645047153706765,0.345945945945946,0.035067276058462,0.302702702702703,0.0338694565879167,0.994594594594595,0.0054054054054054,0.962162162162162,0.0158017812614126,0.0223064636960883,-0.0145363759677361,0.0304654634324004,0.413509234796571,0.149011269931446,0.414375102410752,0.589718781063345,0.28161243270373,20,-0.0043198947585422,0.164694736400807,0.0121085978383759
