"contrast","measure","n","lambda","rho","trait","diff","se","datasets"
"bace_chain - freqA","accuracy",100,0.3,0,"bin",0.0629166666666667,0.00806990457532366,200
"bace_chain - freqA","accuracy",100,0.3,0,"cat3",0.0535555555555556,0.00829874078275231,200
"bace_chain - freqA","accuracy",100,0.3,0,"ord",0.0569166666666667,0.00800870562641268,200
"bace_chain - freqA","accuracy",100,0.3,0.5,"bin",0.0995833333333333,0.00872083757995961,200
"bace_chain - freqA","accuracy",100,0.3,0.5,"cat3",0.0948611111111111,0.00833788610976744,200
"bace_chain - freqA","accuracy",100,0.3,0.5,"ord",0.0998333333333333,0.00755400249253168,200
"bace_chain - freqA","accuracy",100,0.7,0,"bin",0.0415833333333333,0.00741883073089926,200
"bace_chain - freqA","accuracy",100,0.7,0,"cat3",0.0460277777777778,0.00702081153580228,200
"bace_chain - freqA","accuracy",100,0.7,0,"ord",0.0464166666666667,0.00709506096073901,200
"bace_chain - freqA","accuracy",100,0.7,0.5,"bin",0.061,0.00724023437867724,200
"bace_chain - freqA","accuracy",100,0.7,0.5,"cat3",0.07825,0.00805035812038004,200
"bace_chain - freqA","accuracy",100,0.7,0.5,"ord",0.0642083333333333,0.0071652819587523,200
"bace_chain - freqA","accuracy",100,1,0,"bin",-0.0155882352941177,0.00324974709821017,170
"bace_chain - freqA","accuracy",100,1,0,"cat3",-0.013625077591558,0.00372371761443442,179
"bace_chain - freqA","accuracy",100,1,0,"ord",-0.00995115995115995,0.00435835840114713,182
"bace_chain - freqA","accuracy",100,1,0.5,"bin",-0.00744444444444445,0.00349900261584057,150
"bace_chain - freqA","accuracy",100,1,0.5,"cat3",-0.0111805555555556,0.00411539249909612,160
"bace_chain - freqA","accuracy",100,1,0.5,"ord",-0.00616161616161617,0.0041681427354035,165
"bace_chain - freqA","accuracy",300,0.3,0,"bin",0.0969444444444444,0.00561715569630293,200
"bace_chain - freqA","accuracy",300,0.3,0,"cat3",0.0861111111111111,0.00543190136633814,200
"bace_chain - freqA","accuracy",300,0.3,0,"ord",0.0866296296296296,0.00502780404128269,200
"bace_chain - freqA","accuracy",300,0.3,0.5,"bin",0.13425,0.00554826119399729,200
"bace_chain - freqA","accuracy",300,0.3,0.5,"cat3",0.131027777777778,0.0058347326895632,200
"bace_chain - freqA","accuracy",300,0.3,0.5,"ord",0.144601851851852,0.00508784489281756,200
"bace_chain - freqA","accuracy",300,0.7,0,"bin",0.0678888888888889,0.0059366968928975,200
"bace_chain - freqA","accuracy",300,0.7,0,"cat3",0.0760555555555556,0.00580903983934332,200
"bace_chain - freqA","accuracy",300,0.7,0,"ord",0.0934537037037037,0.00571915617506145,200
"bace_chain - freqA","accuracy",300,0.7,0.5,"bin",0.0917222222222222,0.0062757614743755,200
"bace_chain - freqA","accuracy",300,0.7,0.5,"cat3",0.112,0.0061477304946725,200
"bace_chain - freqA","accuracy",300,0.7,0.5,"ord",0.138634259259259,0.0057548544464929,200
"bace_chain - freqA","accuracy",300,1,0,"bin",-0.00145202020202021,0.00122846092102884,176
"bace_chain - freqA","accuracy",300,1,0,"cat3",-0.00147147147147147,0.0012853147231633,185
"bace_chain - freqA","accuracy",300,1,0,"ord",-0.0057033096926714,0.00172180809924389,188
"bace_chain - freqA","accuracy",300,1,0.5,"bin",-0.00142045454545454,0.0013111330915464,176
"bace_chain - freqA","accuracy",300,1,0.5,"cat3",-0.00277777777777778,0.00136200127936856,188
"bace_chain - freqA","accuracy",300,1,0.5,"ord",0.001440329218107,0.00195372006436228,189
"bace_chain - freqA","brier",100,0.3,0,"bin",-0.0176316666666667,0.00804808418911107,200
"bace_chain - freqA","brier",100,0.3,0,"cat3",0.0156468303032983,0.0082654320537538,200
"bace_chain - freqA","brier",100,0.3,0,"ord",-0.0262408333333333,0.00712133707872371,200
"bace_chain - freqA","brier",100,0.3,0.5,"bin",-0.0520016666666667,0.0089959876897558,200
"bace_chain - freqA","brier",100,0.3,0.5,"cat3",-0.026122537642775,0.00787416573537494,200
"bace_chain - freqA","brier",100,0.3,0.5,"ord",-0.0625433333333333,0.00707334177958092,200
"bace_chain - freqA","brier",100,0.7,0,"bin",-0.0420641666666667,0.00742006638033903,200
"bace_chain - freqA","brier",100,0.7,0,"cat3",-0.0156103893051511,0.00742253878824537,200
"bace_chain - freqA","brier",100,0.7,0,"ord",-0.0481991666666667,0.00629632853871369,200
"bace_chain - freqA","brier",100,0.7,0.5,"bin",-0.0700283333333333,0.00733849084949172,200
"bace_chain - freqA","brier",100,0.7,0.5,"cat3",-0.0577569801739689,0.00761031840771471,200
"bace_chain - freqA","brier",100,0.7,0.5,"ord",-0.0765125,0.00634746175342513,200
"bace_chain - freqA","brier",100,1,0,"bin",0.0169833333333333,0.00377908047290792,170
"bace_chain - freqA","brier",100,1,0,"cat3",0.0143701350225485,0.0041576987597086,179
"bace_chain - freqA","brier",100,1,0,"ord",0.0125357142857143,0.00397476535666713,182
"bace_chain - freqA","brier",100,1,0.5,"bin",0.00414888888888889,0.00484695094869415,150
"bace_chain - freqA","brier",100,1,0.5,"cat3",0.00744472727034141,0.00478429563091234,160
"bace_chain - freqA","brier",100,1,0.5,"ord",-0.00372525252525253,0.00478537273821992,165
"bace_chain - freqA","brier",300,0.3,0,"bin",-0.0818311111111111,0.00430585256517762,200
"bace_chain - freqA","brier",300,0.3,0,"cat3",-0.0686522222222222,0.0038312825019214,200
"bace_chain - freqA","brier",300,0.3,0,"ord",-0.0701211111111111,0.00354696533840628,200
"bace_chain - freqA","brier",300,0.3,0.5,"bin",-0.124595287639711,0.00429712207686665,200
"bace_chain - freqA","brier",300,0.3,0.5,"cat3",-0.10785188319027,0.0042365929342669,200
"bace_chain - freqA","brier",300,0.3,0.5,"ord",-0.118085923734385,0.00352234931690737,200
"bace_chain - freqA","brier",300,0.7,0,"bin",-0.0816691666666667,0.00501852929172095,200
"bace_chain - freqA","brier",300,0.7,0,"cat3",-0.0798798256374879,0.00452834267235064,200
"bace_chain - freqA","brier",300,0.7,0,"ord",-0.102620277777778,0.00477477714354332,200
"bace_chain - freqA","brier",300,0.7,0.5,"bin",-0.115619444444444,0.00552899699734948,200
"bace_chain - freqA","brier",300,0.7,0.5,"cat3",-0.123959360449885,0.00464493057217631,200
"bace_chain - freqA","brier",300,0.7,0.5,"ord",-0.142018888888889,0.00456031185024387,200
"bace_chain - freqA","brier",300,1,0,"bin",-0.000351957070707072,0.00150228298893754,176
"bace_chain - freqA","brier",300,1,0,"cat3",-0.00171545661528894,0.00156247087799385,185
"bace_chain - freqA","brier",300,1,0,"ord",-0.00132683215130024,0.00186532272041431,188
"bace_chain - freqA","brier",300,1,0.5,"bin",-0.00176893939393939,0.00157945157015065,176
"bace_chain - freqA","brier",300,1,0.5,"cat3",-0.00433149803654786,0.0016663671985634,188
"bace_chain - freqA","brier",300,1,0.5,"ord",-0.0105311581422693,0.00249144206307831,189
"bace - freqA","accuracy",100,0.3,0,"bin",0.0626666666666667,0.00835778656792024,200
"bace - freqA","accuracy",100,0.3,0,"cat3",0.0542222222222222,0.0084798436671699,200
"bace - freqA","accuracy",100,0.3,0,"ord",0.0580138888888889,0.00789882910911836,200
"bace - freqA","accuracy",100,0.3,0.5,"bin",0.10425,0.00876996605343759,200
"bace - freqA","accuracy",100,0.3,0.5,"cat3",0.0955555555555555,0.00814452019803238,200
"bace - freqA","accuracy",100,0.3,0.5,"ord",0.0922916666666667,0.00787127335636197,200
"bace - freqA","accuracy",100,0.7,0,"bin",0.0261666666666667,0.00776945694336889,200
"bace - freqA","accuracy",100,0.7,0,"cat3",0.0400833333333333,0.00710169558083394,200
"bace - freqA","accuracy",100,0.7,0,"ord",0.0400416666666667,0.00706940276024081,200
"bace - freqA","accuracy",100,0.7,0.5,"bin",0.0528333333333333,0.0075790179522918,200
"bace - freqA","accuracy",100,0.7,0.5,"cat3",0.0729722222222222,0.00858205753240716,200
"bace - freqA","accuracy",100,0.7,0.5,"ord",0.0688888888888889,0.00743551282167364,200
"bace - freqA","accuracy",100,1,0,"bin",-0.0220616570327553,0.00373437811491721,173
"bace - freqA","accuracy",100,1,0,"cat3",-0.0162416514875531,0.00389067434363979,183
"bace - freqA","accuracy",100,1,0,"ord",-0.0131123058542413,0.00393998319106305,186
"bace - freqA","accuracy",100,1,0.5,"bin",-0.0132258064516129,0.00360922485826149,155
"bace - freqA","accuracy",100,1,0.5,"cat3",-0.0174410774410774,0.00403094551368207,165
"bace - freqA","accuracy",100,1,0.5,"ord",-0.00522875816993465,0.00423732951730652,170
"bace - freqA","accuracy",300,0.3,0,"bin",0.0944444444444445,0.00586267248937397,200
"bace - freqA","accuracy",300,0.3,0,"cat3",0.0919166666666667,0.0055209415120613,200
"bace - freqA","accuracy",300,0.3,0,"ord",0.0865324074074074,0.00509821440498029,200
"bace - freqA","accuracy",300,0.3,0.5,"bin",0.129944444444444,0.00570795845738432,200
"bace - freqA","accuracy",300,0.3,0.5,"cat3",0.130055555555556,0.00582474441471409,200
"bace - freqA","accuracy",300,0.3,0.5,"ord",0.142837962962963,0.0049537199127078,200
"bace - freqA","accuracy",300,0.7,0,"bin",0.0634444444444444,0.00612927608382458,200
"bace - freqA","accuracy",300,0.7,0,"cat3",0.0776666666666667,0.00597261467553456,200
"bace - freqA","accuracy",300,0.7,0,"ord",0.0931712962962963,0.0058383955443227,200
"bace - freqA","accuracy",300,0.7,0.5,"bin",0.0846944444444445,0.00619673750037981,200
"bace - freqA","accuracy",300,0.7,0.5,"cat3",0.1125,0.00623531838477504,200
"bace - freqA","accuracy",300,0.7,0.5,"ord",0.14037962962963,0.00559414828397734,200
"bace - freqA","accuracy",300,1,0,"bin",-0.00179924242424243,0.00114598053089563,176
"bace - freqA","accuracy",300,1,0,"cat3",-0.00255255255255256,0.00142956684559597,185
"bace - freqA","accuracy",300,1,0,"ord",-0.00363475177304965,0.00172223114192667,188
"bace - freqA","accuracy",300,1,0.5,"bin",-0.00152933832709113,0.00122726969322397,178
"bace - freqA","accuracy",300,1,0.5,"cat3",-0.00287524366471735,0.00137213435591913,190
"bace - freqA","accuracy",300,1,0.5,"ord",0.00238510762070971,0.00189016534735157,191
"bace - freqA","brier",100,0.3,0,"bin",0.0121908333333333,0.00915874733271394,200
"bace - freqA","brier",100,0.3,0,"cat3",0.0420112202564487,0.00868468554074544,200
"bace - freqA","brier",100,0.3,0,"ord",-0.00458833333333335,0.00749550841774832,200
"bace - freqA","brier",100,0.3,0.5,"bin",-0.0279175,0.0100346608273254,200
"bace - freqA","brier",100,0.3,0.5,"cat3",-0.0057761200522313,0.00818406413736812,200
"bace - freqA","brier",100,0.3,0.5,"ord",-0.0387875,0.00781801247173702,200
"bace - freqA","brier",100,0.7,0,"bin",-0.00717,0.00835729945375223,200
"bace - freqA","brier",100,0.7,0,"cat3",0.0038184735098624,0.00756171356886014,200
"bace - freqA","brier",100,0.7,0,"ord",-0.025065,0.0066961010378754,200
"bace - freqA","brier",100,0.7,0.5,"bin",-0.0486358333333333,0.00794239186934424,200
"bace - freqA","brier",100,0.7,0.5,"cat3",-0.0417016390321825,0.00831625747605128,200
"bace - freqA","brier",100,0.7,0.5,"ord",-0.0542866666666667,0.00731370471137907,200
"bace - freqA","brier",100,1,0,"bin",0.0249556840077071,0.00461675892522605,173
"bace - freqA","brier",100,1,0,"cat3",0.0175028389563683,0.00420347325805988,183
"bace - freqA","brier",100,1,0,"ord",0.0140304659498208,0.00416977562835751,186
"bace - freqA","brier",100,1,0.5,"bin",0.00982043010752688,0.00481725883880243,155
"bace - freqA","brier",100,1,0.5,"cat3",0.0163508623310494,0.0053373913547987,165
"bace - freqA","brier",100,1,0.5,"ord",-0.00198333333333333,0.00462878890833638,170
"bace - freqA","brier",300,0.3,0,"bin",-0.0570216666666667,0.0053322323709803,200
"bace - freqA","brier",300,0.3,0,"cat3",-0.0537433333333333,0.00408422836774412,200
"bace - freqA","brier",300,0.3,0,"ord",-0.0526597222222222,0.00389303744856773,200
"bace - freqA","brier",300,0.3,0.5,"bin",-0.1041716765286,0.00485782366727752,200
"bace - freqA","brier",300,0.3,0.5,"cat3",-0.0996589756900424,0.00451540153104807,200
"bace - freqA","brier",300,0.3,0.5,"ord",-0.107493979289941,0.00382321460579839,200
"bace - freqA","brier",300,0.7,0,"bin",-0.0654963888888889,0.00541322102719884,200
"bace - freqA","brier",300,0.7,0,"cat3",-0.0699308258979084,0.00460271863835003,200
"bace - freqA","brier",300,0.7,0,"ord",-0.0902227777777778,0.00468028926834648,200
"bace - freqA","brier",300,0.7,0.5,"bin",-0.101509166666667,0.00538692934920929,200
"bace - freqA","brier",300,0.7,0.5,"cat3",-0.119253068931757,0.00469725132359872,200
"bace - freqA","brier",300,0.7,0.5,"ord",-0.133266111111111,0.00450598890085475,200
"bace - freqA","brier",300,1,0,"bin",0.000601641414141413,0.0015538152785417,176
"bace - freqA","brier",300,1,0,"cat3",-0.000987363953531987,0.00173002631625772,185
"bace - freqA","brier",300,1,0,"ord",-0.00248020094562648,0.0017931685288219,188
"bace - freqA","brier",300,1,0.5,"bin",-0.000439138576779027,0.00156784096673267,178
"bace - freqA","brier",300,1,0.5,"cat3",-0.00454609902881088,0.00174794554569322,190
"bace - freqA","brier",300,1,0.5,"ord",-0.0109470622454916,0.00241690730297447,191
"bace_chain - bace","accuracy",100,0.3,0,"bin",0.000250000000000004,0.00486770470905556,200
"bace_chain - bace","accuracy",100,0.3,0,"cat3",-0.000666666666666669,0.004402291729006,200
"bace_chain - bace","accuracy",100,0.3,0,"ord",-0.00109722222222222,0.00535435850458833,200
"bace_chain - bace","accuracy",100,0.3,0.5,"bin",-0.00466666666666667,0.00440350350339488,200
"bace_chain - bace","accuracy",100,0.3,0.5,"cat3",-0.000694444444444446,0.00499145269497807,200
"bace_chain - bace","accuracy",100,0.3,0.5,"ord",0.00754166666666666,0.00493063183621524,200
"bace_chain - bace","accuracy",100,0.7,0,"bin",0.0154166666666667,0.00397145295600966,200
"bace_chain - bace","accuracy",100,0.7,0,"cat3",0.00594444444444445,0.00434215590297319,200
"bace_chain - bace","accuracy",100,0.7,0,"ord",0.00637499999999999,0.00538543975671664,200
"bace_chain - bace","accuracy",100,0.7,0.5,"bin",0.00816666666666667,0.00345463945731116,200
"bace_chain - bace","accuracy",100,0.7,0.5,"cat3",0.00527777777777778,0.00423332131639293,200
"bace_chain - bace","accuracy",100,0.7,0.5,"ord",-0.00468055555555555,0.00470896657845959,200
"bace_chain - bace","accuracy",100,1,0,"bin",0.00666666666666667,0.00261783814173727,170
"bace_chain - bace","accuracy",100,1,0,"cat3",0.00220360024829298,0.00241741832284999,179
"bace_chain - bace","accuracy",100,1,0,"ord",0.00299145299145299,0.00345968764311748,182
"bace_chain - bace","accuracy",100,1,0.5,"bin",0.00533333333333333,0.00223701267368164,150
"bace_chain - bace","accuracy",100,1,0.5,"cat3",0.00545138888888888,0.0030593933854235,160
"bace_chain - bace","accuracy",100,1,0.5,"ord",-0.000909090909090909,0.00323345862665474,165
"bace_chain - bace","accuracy",300,0.3,0,"bin",0.0025,0.00262468997339074,200
"bace_chain - bace","accuracy",300,0.3,0,"cat3",-0.00580555555555555,0.0029882043421005,200
"bace_chain - bace","accuracy",300,0.3,0,"ord",9.72222222222213e-05,0.00370047084327368,200
"bace_chain - bace","accuracy",300,0.3,0.5,"bin",0.00430555555555556,0.00229954717488124,200
"bace_chain - bace","accuracy",300,0.3,0.5,"cat3",0.00097222222222221,0.00296662303892872,200
"bace_chain - bace","accuracy",300,0.3,0.5,"ord",0.00176388888888889,0.00313761771542887,200
"bace_chain - bace","accuracy",300,0.7,0,"bin",0.00444444444444445,0.00186640475682461,200
"bace_chain - bace","accuracy",300,0.7,0,"cat3",-0.00161111111111111,0.00252648665340859,200
"bace_chain - bace","accuracy",300,0.7,0,"ord",0.000282407407407408,0.00317898808541166,200
"bace_chain - bace","accuracy",300,0.7,0.5,"bin",0.00702777777777778,0.00163826417793938,200
"bace_chain - bace","accuracy",300,0.7,0.5,"cat3",-0.000499999999999994,0.00236267150462126,200
"bace_chain - bace","accuracy",300,0.7,0.5,"ord",-0.00174537037037037,0.00285680120866057,200
"bace_chain - bace","accuracy",300,1,0,"bin",0.000347222222222221,0.000863634122129021,176
"bace_chain - bace","accuracy",300,1,0,"cat3",0.00108108108108108,0.000878407671397487,185
"bace_chain - bace","accuracy",300,1,0,"ord",-0.00206855791962175,0.00109587415208832,188
"bace_chain - bace","accuracy",300,1,0.5,"bin",-9.46969696969731e-05,0.000793889037604591,176
"bace_chain - bace","accuracy",300,1,0.5,"cat3",9.85027580772381e-06,0.000891248040107721,188
"bace_chain - bace","accuracy",300,1,0.5,"ord",-0.00102880658436213,0.00113556102447504,189
"bace_chain - bace","brier",100,0.3,0,"bin",-0.0298225,0.00513001713098873,200
"bace_chain - bace","brier",100,0.3,0,"cat3",-0.0263643899531504,0.00449894841686324,200
"bace_chain - bace","brier",100,0.3,0,"ord",-0.0216525,0.00404197317518797,200
"bace_chain - bace","brier",100,0.3,0.5,"bin",-0.0240841666666667,0.00476824876192334,200
"bace_chain - bace","brier",100,0.3,0.5,"cat3",-0.0203464175905437,0.00424298084058577,200
"bace_chain - bace","brier",100,0.3,0.5,"ord",-0.0237558333333333,0.00430156241943843,200
"bace_chain - bace","brier",100,0.7,0,"bin",-0.0348941666666667,0.0043356573425155,200
"bace_chain - bace","brier",100,0.7,0,"cat3",-0.0194288628150135,0.00395854566149591,200
"bace_chain - bace","brier",100,0.7,0,"ord",-0.0231341666666667,0.00414274181426632,200
"bace_chain - bace","brier",100,0.7,0.5,"bin",-0.0213925,0.00376418958763703,200
"bace_chain - bace","brier",100,0.7,0.5,"cat3",-0.0160553411417864,0.00398625859842097,200
"bace_chain - bace","brier",100,0.7,0.5,"ord",-0.0222258333333333,0.00395866994028544,200
"bace_chain - bace","brier",100,1,0,"bin",-0.00797352941176471,0.00273323780953436,170
"bace_chain - bace","brier",100,1,0,"cat3",-0.00212017495030532,0.00225669840771305,179
"bace_chain - bace","brier",100,1,0,"ord",-0.00161446886446887,0.0030412064725079,182
"bace_chain - bace","brier",100,1,0.5,"bin",-0.00467,0.00238516860133064,150
"bace_chain - bace","brier",100,1,0.5,"cat3",-0.00677147617708117,0.00290424217839733,160
"bace_chain - bace","brier",100,1,0.5,"ord",-0.00143232323232323,0.00281814214324708,165
"bace_chain - bace","brier",300,0.3,0,"bin",-0.0248094444444444,0.00281658334036037,200
"bace_chain - bace","brier",300,0.3,0,"cat3",-0.0149088888888889,0.00218223014255182,200
"bace_chain - bace","brier",300,0.3,0,"ord",-0.0174613888888889,0.00232395105933748,200
"bace_chain - bace","brier",300,0.3,0.5,"bin",-0.0204236111111111,0.00230195333338085,200
"bace_chain - bace","brier",300,0.3,0.5,"cat3",-0.00819290750022737,0.00212886913382745,200
"bace_chain - bace","brier",300,0.3,0.5,"ord",-0.0105919444444444,0.00202611573035035,200
"bace_chain - bace","brier",300,0.7,0,"bin",-0.0161727777777778,0.00185630966389594,200
"bace_chain - bace","brier",300,0.7,0,"cat3",-0.0099489997395795,0.00201551011329079,200
"bace_chain - bace","brier",300,0.7,0,"ord",-0.0123975,0.00238551324540332,200
"bace_chain - bace","brier",300,0.7,0.5,"bin",-0.0141102777777778,0.00182693032228677,200
"bace_chain - bace","brier",300,0.7,0.5,"cat3",-0.00470629151812737,0.00191872910049481,200
"bace_chain - bace","brier",300,0.7,0.5,"ord",-0.00875277777777777,0.00215144558120843,200
"bace_chain - bace","brier",300,1,0,"bin",-0.000953598484848484,0.00084086389535248,176
"bace_chain - bace","brier",300,1,0,"cat3",-0.000728092661756954,0.000858524469315877,185
"bace_chain - bace","brier",300,1,0,"ord",0.00115336879432624,0.000988013197448263,188
"bace_chain - bace","brier",300,1,0.5,"bin",-0.0012136994949495,0.000768127937582486,176
"bace_chain - bace","brier",300,1,0.5,"cat3",0.000378460005329585,0.000802264767930228,188
"bace_chain - bace","brier",300,1,0.5,"ord",0.000542915931804821,0.00104610036069372,189
"freqA - freqB","accuracy",100,0.3,0,"bin",-0.00083333333333333,0.00619313888839084,200
"freqA - freqB","accuracy",100,0.3,0,"cat3",-0.00791666666666666,0.0067280854841867,200
"freqA - freqB","accuracy",100,0.3,0,"ord",0.00291666666666666,0.00699398160845279,200
"freqA - freqB","accuracy",100,0.3,0.5,"bin",5.55111512312578e-18,0.00598830984750322,200
"freqA - freqB","accuracy",100,0.3,0.5,"cat3",-0.001,0.00626138271120443,200
"freqA - freqB","accuracy",100,0.3,0.5,"ord",0.00231944444444444,0.00593157213123753,200
"freqA - freqB","accuracy",100,0.7,0,"bin",0.002,0.00408344015858625,200
"freqA - freqB","accuracy",100,0.7,0,"cat3",-0.00216666666666667,0.00523099842289014,200
"freqA - freqB","accuracy",100,0.7,0,"ord",-0.000277777777777778,0.005518195148518,200
"freqA - freqB","accuracy",100,0.7,0.5,"bin",0.00175,0.00434163214491302,200
"freqA - freqB","accuracy",100,0.7,0.5,"cat3",-0.00016666666666667,0.00529555031650745,200
"freqA - freqB","accuracy",100,0.7,0.5,"ord",0.0117222222222222,0.00487566259469712,200
"freqA - freqB","accuracy",100,1,0,"bin",0.00189189189189189,0.00120051961992135,185
"freqA - freqB","accuracy",100,1,0,"cat3",-0.00160744500846023,0.00143732590886237,197
"freqA - freqB","accuracy",100,1,0,"ord",-0.00675,0.00243020237523331,200
"freqA - freqB","accuracy",100,1,0.5,"bin",0.001183970856102,0.00137314128188822,183
"freqA - freqB","accuracy",100,1,0.5,"cat3",0.00128205128205128,0.00227659409612672,195
"freqA - freqB","accuracy",100,1,0.5,"ord",-0.00536111111111112,0.00239727130355227,200
"freqA - freqB","accuracy",300,0.3,0,"bin",0.000305555555555557,0.00319535709051651,200
"freqA - freqB","accuracy",300,0.3,0,"cat3",-0.000555555555555562,0.00372303257094108,200
"freqA - freqB","accuracy",300,0.3,0,"ord",0.00326388888888889,0.00432121776565719,200
"freqA - freqB","accuracy",300,0.3,0.5,"bin",0.00147222222222223,0.00348338017363652,200
"freqA - freqB","accuracy",300,0.3,0.5,"cat3",0.00375,0.00374958638660318,200
"freqA - freqB","accuracy",300,0.3,0.5,"ord",0.005625,0.00401084838315696,200
"freqA - freqB","accuracy",300,0.7,0,"bin",0.00119444444444445,0.00288698706350715,200
"freqA - freqB","accuracy",300,0.7,0,"cat3",-0.00116666666666667,0.00348852176511968,200
"freqA - freqB","accuracy",300,0.7,0,"ord",-0.00160185185185186,0.00343039174277151,200
"freqA - freqB","accuracy",300,0.7,0.5,"bin",0.00316666666666667,0.00249713217234723,200
"freqA - freqB","accuracy",300,0.7,0.5,"cat3",-0.00341666666666666,0.00296040560292498,200
"freqA - freqB","accuracy",300,0.7,0.5,"ord",0.00322222222222222,0.00323770802768494,200
"freqA - freqB","accuracy",300,1,0,"bin",-0.000686977299880524,0.000517138501468872,186
"freqA - freqB","accuracy",300,1,0,"cat3",-0.000623582766439913,0.000767545117983779,196
"freqA - freqB","accuracy",300,1,0,"ord",0.000502512562814071,0.000781842296827909,199
"freqA - freqB","accuracy",300,1,0.5,"bin",-0.00123123123123123,0.000509155055632756,185
"freqA - freqB","accuracy",300,1,0.5,"cat3",-0.000589225589225592,0.000687173290069161,198
"freqA - freqB","accuracy",300,1,0.5,"ord",0.000781686208821888,0.000863576051042869,199
"freqA - freqB","brier",100,0.3,0,"bin",-0.00178583333333333,0.00385263427637923,200
"freqA - freqB","brier",100,0.3,0,"cat3",0.00401916666666666,0.00407512441491897,200
"freqA - freqB","brier",100,0.3,0,"ord",-0.00384666666666667,0.00378006030250364,200
"freqA - freqB","brier",100,0.3,0.5,"bin",-0.00266,0.00384732278006161,200
"freqA - freqB","brier",100,0.3,0.5,"cat3",0.00237249999999999,0.00378927395697669,200
"freqA - freqB","brier",100,0.3,0.5,"ord",-0.00249000000000001,0.00372503333018638,200
"freqA - freqB","brier",100,0.7,0,"bin",-0.00690333333333333,0.00283923721285585,200
"freqA - freqB","brier",100,0.7,0,"cat3",-0.00179166666666667,0.00357225152339511,200
"freqA - freqB","brier",100,0.7,0,"ord",-0.00787666666666667,0.00337101093744421,200
"freqA - freqB","brier",100,0.7,0.5,"bin",-0.00451166666666666,0.00340865660518011,200
"freqA - freqB","brier",100,0.7,0.5,"cat3",0.000644166666666666,0.00343832082276544,200
"freqA - freqB","brier",100,0.7,0.5,"ord",-0.00950166666666666,0.00330924335082768,200
"freqA - freqB","brier",100,1,0,"bin",0.000762162162162161,0.00139841975264818,185
"freqA - freqB","brier",100,1,0,"cat3",0.00381133671742809,0.00200355477490686,197
"freqA - freqB","brier",100,1,0,"ord",0.00674416666666667,0.00234423895495262,200
"freqA - freqB","brier",100,1,0.5,"bin",0.000234061930783244,0.00137856631882444,183
"freqA - freqB","brier",100,1,0.5,"cat3",-0.00244273504273504,0.00256941376235627,195
"freqA - freqB","brier",100,1,0.5,"ord",0.00694666666666667,0.00224766420105236,200
"freqA - freqB","brier",300,0.3,0,"bin",-0.00177472222222222,0.00211729464817597,200
"freqA - freqB","brier",300,0.3,0,"cat3",0.000304999999999998,0.00216360250156727,200
"freqA - freqB","brier",300,0.3,0,"ord",4.49999999999952e-05,0.00237484880518932,200
"freqA - freqB","brier",300,0.3,0.5,"bin",-0.00114776791584484,0.00229034999157166,200
"freqA - freqB","brier",300,0.3,0.5,"cat3",-0.00238407297830375,0.00213426090700035,200
"freqA - freqB","brier",300,0.3,0.5,"ord",-0.0044793540433925,0.00207434620528311,200
"freqA - freqB","brier",300,0.7,0,"bin",-0.00221305555555556,0.00238918660505426,200
"freqA - freqB","brier",300,0.7,0,"cat3",-0.00250805555555555,0.00208816968495147,200
"freqA - freqB","brier",300,0.7,0,"ord",-0.0037425,0.00200507785565933,200
"freqA - freqB","brier",300,0.7,0.5,"bin",-0.00431055555555556,0.00194010336144883,200
"freqA - freqB","brier",300,0.7,0.5,"cat3",0.00184805555555556,0.00207409432776355,200
"freqA - freqB","brier",300,0.7,0.5,"ord",-0.00513333333333334,0.00194877506898452,200
"freqA - freqB","brier",300,1,0,"bin",0.000531660692951015,0.000629865655763533,186
"freqA - freqB","brier",300,1,0,"cat3",0.00144671201814059,0.000710847651817512,196
"freqA - freqB","brier",300,1,0,"ord",-0.000217755443886096,0.00090842351370567,199
"freqA - freqB","brier",300,1,0.5,"bin",0.00119309309309309,0.000635691983737195,185
"freqA - freqB","brier",300,1,0.5,"cat3",0.000825476992143657,0.000830118034427777,198
"freqA - freqB","brier",300,1,0.5,"ord",-5.41596873255172e-05,0.000969478516159459,199
"freqA - freqA_er","accuracy",100,0.3,0,"bin",0.0535,0.00929583127331691,200
"freqA - freqA_er","accuracy",100,0.3,0,"cat3",0.0540833333333333,0.00888264694819362,200
"freqA - freqA_er","accuracy",100,0.3,0,"ord",0.00244444444444444,0.00679993586274552,200
"freqA - freqA_er","accuracy",100,0.3,0.5,"bin",0.03925,0.00914390924136965,200
"freqA - freqA_er","accuracy",100,0.3,0.5,"cat3",0.0641666666666667,0.00900148104942702,200
"freqA - freqA_er","accuracy",100,0.3,0.5,"ord",0.0130833333333333,0.00761560178199282,200
"freqA - freqA_er","accuracy",100,0.7,0,"bin",0.0444166666666667,0.00769885956371448,200
"freqA - freqA_er","accuracy",100,0.7,0,"cat3",0.06525,0.0081459480632549,200
"freqA - freqA_er","accuracy",100,0.7,0,"ord",0.018375,0.00671357373983917,200
"freqA - freqA_er","accuracy",100,0.7,0.5,"bin",0.02025,0.00691424449526171,200
"freqA - freqA_er","accuracy",100,0.7,0.5,"cat3",0.0658333333333333,0.00895250043832834,200
"freqA - freqA_er","accuracy",100,0.7,0.5,"ord",0.033625,0.00619324524312908,200
"freqA - freqA_er","accuracy",100,1,0,"bin",0.00261261261261261,0.00162213836045975,185
"freqA - freqA_er","accuracy",100,1,0,"cat3",-0.0044839255499154,0.00205101774244432,197
"freqA - freqA_er","accuracy",100,1,0,"ord",-0.00983333333333333,0.00287023948597807,200
"freqA - freqA_er","accuracy",100,1,0.5,"bin",0.00245901639344262,0.0016105683163206,183
"freqA - freqA_er","accuracy",100,1,0.5,"cat3",-0.00188034188034188,0.00194181742038274,195
"freqA - freqA_er","accuracy",100,1,0.5,"ord",-0.00636111111111113,0.00264049291518903,200
"freqA - freqA_er","accuracy",300,0.3,0,"bin",0.0696388888888889,0.006411199301798,200
"freqA - freqA_er","accuracy",300,0.3,0,"cat3",0.0705,0.00703570851036475,200
"freqA - freqA_er","accuracy",300,0.3,0,"ord",0.0101111111111111,0.00418288590037339,200
"freqA - freqA_er","accuracy",300,0.3,0.5,"bin",0.0767222222222222,0.00643552758221831,200
"freqA - freqA_er","accuracy",300,0.3,0.5,"cat3",0.0746666666666667,0.0065112681324835,200
"freqA - freqA_er","accuracy",300,0.3,0.5,"ord",0.00634259259259259,0.00408479730818415,200
"freqA - freqA_er","accuracy",300,0.7,0,"bin",0.031,0.00463697983433118,200
"freqA - freqA_er","accuracy",300,0.7,0,"cat3",0.0664166666666667,0.00602861652687546,200
"freqA - freqA_er","accuracy",300,0.7,0,"ord",0.0190833333333333,0.00445694020683858,200
"freqA - freqA_er","accuracy",300,0.7,0.5,"bin",0.0450277777777778,0.00634829766743783,200
"freqA - freqA_er","accuracy",300,0.7,0.5,"cat3",0.0690555555555556,0.00670997356697906,200
"freqA - freqA_er","accuracy",300,0.7,0.5,"ord",0.0270138888888889,0.0051926885198965,200
"freqA - freqA_er","accuracy",300,1,0,"bin",-0.00125448028673835,0.000687212417665197,186
"freqA - freqA_er","accuracy",300,1,0,"cat3",-0.000878684807256237,0.000917352425543109,196
"freqA - freqA_er","accuracy",300,1,0,"ord",0.000111669458403129,0.00091803295328481,199
"freqA - freqA_er","accuracy",300,1,0.5,"bin",-0.00114114114114114,0.000661216812998645,185
"freqA - freqA_er","accuracy",300,1,0.5,"cat3",-0.00103815937149271,0.000799632689501604,198
"freqA - freqA_er","accuracy",300,1,0.5,"ord",-2.79173646007785e-05,0.00108584527856755,199
"freqA - freqA_er","brier",100,0.3,0,"bin",-0.0230116666666667,0.00590963752016699,200
"freqA - freqA_er","brier",100,0.3,0,"cat3",-0.0128191666666667,0.00647845533697521,200
"freqA - freqA_er","brier",100,0.3,0,"ord",0.00362083333333333,0.00437909590314603,200
"freqA - freqA_er","brier",100,0.3,0.5,"bin",-0.0149066666666667,0.00598648564562378,200
"freqA - freqA_er","brier",100,0.3,0.5,"cat3",-0.0132591666666667,0.0059283013331542,200
"freqA - freqA_er","brier",100,0.3,0.5,"ord",0.0060975,0.00462308621238709,200
"freqA - freqA_er","brier",100,0.7,0,"bin",-0.0271791666666667,0.0056965495616952,200
"freqA - freqA_er","brier",100,0.7,0,"cat3",-0.0519816666666667,0.00561622698700063,200
"freqA - freqA_er","brier",100,0.7,0,"ord",-0.0218808333333333,0.00501256731311781,200
"freqA - freqA_er","brier",100,0.7,0.5,"bin",-0.0149566666666667,0.00514160035548486,200
"freqA - freqA_er","brier",100,0.7,0.5,"cat3",-0.0508741666666667,0.00600150101007682,200
"freqA - freqA_er","brier",100,0.7,0.5,"ord",-0.0327166666666667,0.00501237469228256,200
"freqA - freqA_er","brier",100,1,0,"bin",0.000545045045045045,0.00180610691859655,185
"freqA - freqA_er","brier",100,1,0,"cat3",-0.000669204737732652,0.00241699200879473,197
"freqA - freqA_er","brier",100,1,0,"ord",0.00809416666666667,0.00291837676057542,200
"freqA - freqA_er","brier",100,1,0.5,"bin",0.000131147540983607,0.00185569465734158,183
"freqA - freqA_er","brier",100,1,0.5,"cat3",-0.00102051282051282,0.00261231129433764,195
"freqA - freqA_er","brier",100,1,0.5,"ord",0.00916333333333334,0.00248619245661378,200
"freqA - freqA_er","brier",300,0.3,0,"bin",-0.0315858333333333,0.00417546645299837,200
"freqA - freqA_er","brier",300,0.3,0,"cat3",-0.0311647222222222,0.00432896024055429,200
"freqA - freqA_er","brier",300,0.3,0,"ord",-0.000749444444444445,0.00229673083890426,200
"freqA - freqA_er","brier",300,0.3,0.5,"bin",-0.032679996712689,0.00395862248004862,200
"freqA - freqA_er","brier",300,0.3,0.5,"cat3",-0.0328946482577252,0.00433843137808642,200
"freqA - freqA_er","brier",300,0.3,0.5,"ord",0.000863075279421435,0.00228070116763268,200
"freqA - freqA_er","brier",300,0.7,0,"bin",-0.0201011111111111,0.00312192971600649,200
"freqA - freqA_er","brier",300,0.7,0,"cat3",-0.0626016666666667,0.00443740652473222,200
"freqA - freqA_er","brier",300,0.7,0,"ord",-0.0241016666666667,0.00330077922334945,200
"freqA - freqA_er","brier",300,0.7,0.5,"bin",-0.0292419444444445,0.00438851988528386,200
"freqA - freqA_er","brier",300,0.7,0.5,"cat3",-0.0537233333333333,0.00461304805100311,200
"freqA - freqA_er","brier",300,0.7,0.5,"ord",-0.0253941666666667,0.00299779725047731,200
"freqA - freqA_er","brier",300,1,0,"bin",0.00126851851851852,0.000720590699670951,186
"freqA - freqA_er","brier",300,1,0,"cat3",-0.000765873015873016,0.00119165194279724,196
"freqA - freqA_er","brier",300,1,0,"ord",0.000130094919039643,0.00102996015891381,199
"freqA - freqA_er","brier",300,1,0.5,"bin",0.00125135135135135,0.000661199136779438,185
"freqA - freqA_er","brier",300,1,0.5,"cat3",0.000559483726150393,0.00104976997017042,198
"freqA - freqA_er","brier",300,1,0.5,"ord",-0.000628419877163595,0.00114642141341715,199
"freqB - freqB_er","accuracy",100,0.3,0,"bin",0.0655833333333333,0.0100487904525324,200
"freqB - freqB_er","accuracy",100,0.3,0,"cat3",0.0658333333333333,0.00856279559801459,200
"freqB - freqB_er","accuracy",100,0.3,0,"ord",-0.000249999999999997,0.00725386033954829,200
"freqB - freqB_er","accuracy",100,0.3,0.5,"bin",0.043,0.0099778929284702,200
"freqB - freqB_er","accuracy",100,0.3,0.5,"cat3",0.0666666666666667,0.00906502965810928,200
"freqB - freqB_er","accuracy",100,0.3,0.5,"ord",0.00469444444444445,0.0067081053809994,200
"freqB - freqB_er","accuracy",100,0.7,0,"bin",0.0439166666666667,0.00833766847038516,200
"freqB - freqB_er","accuracy",100,0.7,0,"cat3",0.0711666666666667,0.00778040854447425,200
"freqB - freqB_er","accuracy",100,0.7,0,"ord",0.0197222222222222,0.00606621496120772,200
"freqB - freqB_er","accuracy",100,0.7,0.5,"bin",0.0313333333333333,0.0073027380652452,200
"freqB - freqB_er","accuracy",100,0.7,0.5,"cat3",0.057,0.00910295354600627,200
"freqB - freqB_er","accuracy",100,0.7,0.5,"ord",0.0239166666666667,0.00754753609082118,200
"freqB - freqB_er","accuracy",100,1,0,"bin",0.000360360360360362,0.00164079387583217,185
"freqB - freqB_er","accuracy",100,1,0,"cat3",-0.000338409475465313,0.00190777872821991,197
"freqB - freqB_er","accuracy",100,1,0,"ord",-0.00416666666666667,0.00299298920249904,200
"freqB - freqB_er","accuracy",100,1,0.5,"bin",0.00182149362477231,0.0017226583496309,183
"freqB - freqB_er","accuracy",100,1,0.5,"cat3",-0.00316239316239317,0.00273132291759174,195
"freqB - freqB_er","accuracy",100,1,0.5,"ord",-0.00133333333333333,0.00278676380137346,200
"freqB - freqB_er","accuracy",300,0.3,0,"bin",0.0809166666666667,0.00690758812569556,200
"freqB - freqB_er","accuracy",300,0.3,0,"cat3",0.0787222222222222,0.0067705600418725,200
"freqB - freqB_er","accuracy",300,0.3,0,"ord",0.00718055555555555,0.00399161027029923,200
"freqB - freqB_er","accuracy",300,0.3,0.5,"bin",0.0736944444444445,0.00646679223362829,200
"freqB - freqB_er","accuracy",300,0.3,0.5,"cat3",0.0777777777777778,0.00678747784159108,200
"freqB - freqB_er","accuracy",300,0.3,0.5,"ord",-0.00303703703703703,0.00452677082329332,200
"freqB - freqB_er","accuracy",300,0.7,0,"bin",0.0349166666666667,0.00534909172435614,200
"freqB - freqB_er","accuracy",300,0.7,0,"cat3",0.0762777777777778,0.00633990152814398,200
"freqB - freqB_er","accuracy",300,0.7,0,"ord",0.0210046296296296,0.00476075056558038,200
"freqB - freqB_er","accuracy",300,0.7,0.5,"bin",0.0466666666666667,0.00651666820176454,200
"freqB - freqB_er","accuracy",300,0.7,0.5,"cat3",0.0844722222222222,0.00695064463583422,200
"freqB - freqB_er","accuracy",300,0.7,0.5,"ord",0.020875,0.00480389855045477,200
"freqB - freqB_er","accuracy",300,1,0,"bin",-0.000627240143369176,0.000483500084490921,186
"freqB - freqB_er","accuracy",300,1,0,"cat3",-0.000396825396825401,0.000793141879976374,196
"freqB - freqB_er","accuracy",300,1,0,"ord",-0.00187046342825238,0.00101393112854432,199
"freqB - freqB_er","accuracy",300,1,0.5,"bin",-0.00036036036036036,0.000587924395623814,185
"freqB - freqB_er","accuracy",300,1,0.5,"cat3",-0.000561167227833895,0.000796605867465896,198
"freqB - freqB_er","accuracy",300,1,0.5,"ord",-0.00161920714684534,0.000903053835437279,199
"freqB - freqB_er","brier",100,0.3,0,"bin",-0.027685,0.00657982369290425,200
"freqB - freqB_er","brier",100,0.3,0,"cat3",-0.0185266666666667,0.00647739459654515,200
"freqB - freqB_er","brier",100,0.3,0,"ord",0.00811333333333334,0.00435188654163285,200
"freqB - freqB_er","brier",100,0.3,0.5,"bin",-0.0118583333333333,0.00625763818580407,200
"freqB - freqB_er","brier",100,0.3,0.5,"cat3",-0.0162575,0.00618232696184673,200
"freqB - freqB_er","brier",100,0.3,0.5,"ord",0.0084875,0.00426625474637878,200
"freqB - freqB_er","brier",100,0.7,0,"bin",-0.0271016666666667,0.00583555745945891,200
"freqB - freqB_er","brier",100,0.7,0,"cat3",-0.0503991666666667,0.00611328402916967,200
"freqB - freqB_er","brier",100,0.7,0,"ord",-0.01843,0.00516293137251913,200
"freqB - freqB_er","brier",100,0.7,0.5,"bin",-0.0205941666666667,0.00535697956013249,200
"freqB - freqB_er","brier",100,0.7,0.5,"cat3",-0.0485383333333333,0.00616041068767911,200
"freqB - freqB_er","brier",100,0.7,0.5,"ord",-0.0229225,0.0058619073885667,200
"freqB - freqB_er","brier",100,1,0,"bin",0.000451351351351354,0.00178586580808499,185
"freqB - freqB_er","brier",100,1,0,"cat3",-0.00599576988155669,0.00230211121155078,197
"freqB - freqB_er","brier",100,1,0,"ord",0.00295333333333333,0.00273140895202548,200
"freqB - freqB_er","brier",100,1,0.5,"bin",-0.00174134790528233,0.00182794583723523,183
"freqB - freqB_er","brier",100,1,0.5,"cat3",9.74358974358983e-05,0.00275879699211822,195
"freqB - freqB_er","brier",100,1,0.5,"ord",0.00313083333333333,0.00266147942865664,200
"freqB - freqB_er","brier",300,0.3,0,"bin",-0.0374802777777778,0.00424209703566387,200
"freqB - freqB_er","brier",300,0.3,0,"cat3",-0.0324763888888889,0.0042500086021433,200
"freqB - freqB_er","brier",300,0.3,0,"ord",0.000878055555555564,0.00236001218218838,200
"freqB - freqB_er","brier",300,0.3,0.5,"bin",-0.0320908333333333,0.00417490132084084,200
"freqB - freqB_er","brier",300,0.3,0.5,"cat3",-0.0320563888888889,0.0043591718185586,200
"freqB - freqB_er","brier",300,0.3,0.5,"ord",0.0078211111111111,0.00254933345909775,200
"freqB - freqB_er","brier",300,0.7,0,"bin",-0.0211502777777778,0.00375580060497934,200
"freqB - freqB_er","brier",300,0.7,0,"cat3",-0.064795,0.0046041439697933,200
"freqB - freqB_er","brier",300,0.7,0,"ord",-0.02031,0.00349362987170955,200
"freqB - freqB_er","brier",300,0.7,0.5,"bin",-0.0263213888888889,0.00463160817557597,200
"freqB - freqB_er","brier",300,0.7,0.5,"cat3",-0.0605619444444444,0.0046596089743686,200
"freqB - freqB_er","brier",300,0.7,0.5,"ord",-0.0196805555555556,0.00320194952009922,200
"freqB - freqB_er","brier",300,1,0,"bin",0.000606630824372759,0.00064349815659476,186
"freqB - freqB_er","brier",300,1,0,"cat3",-0.00111111111111111,0.000926034995611056,196
"freqB - freqB_er","brier",300,1,0,"ord",-0.000195421552205471,0.00101068373886508,199
"freqB - freqB_er","brier",300,1,0.5,"bin",0.000346846846846847,0.000688516153893997,185
"freqB - freqB_er","brier",300,1,0.5,"cat3",-0.000164983164983165,0.000981507352752172,198
"freqB - freqB_er","brier",300,1,0.5,"ord",0.000450865438302624,0.00118279811827771,199
