"n","lambda","arm","trait","n_fits","n_fits_trait_absent","n_fits_missing","accuracy","accuracy_se","brier","brier_se","ece","ece_se","set_coverage","set_coverage_se","set_size","set_size_se","mae_class","mae_class_se","frac_unanimous","frac_unanimous_se","n_na_draws"
100,0.3,"bace","bin",400,0,0,0.667541666666667,0.00520966315521019,0.492057083333333,0.00727244729374737,0.211395833333333,0.00401830354662974,0.9095,0.00298691800992176,1.62075,0.00721530941257841,NA,NA,0.235833333333333,0.006300374823644,0
100,0.3,"bace","cat3",400,0,0,0.496347222222222,0.00557713154865416,0.703444633435442,0.00715862789196588,0.278855662436477,0.00447683998393404,0.892083333333333,0.00295578846733983,2.30883333333333,0.00991747836164747,NA,NA,0.0663333333333333,0.00326364069693939,19451
100,0.3,"bace","ord",400,0,0,0.410576388888889,0.00546724832465477,0.746977916666667,0.00613561766162554,0.245031944444444,0.003995464413317,0.858611111111111,0.00389442955738068,2.77875,0.0169935442186962,0.865694444444444,0.00993249117477132,0.0458333333333333,0.00333307225376893,0
100,0.3,"bace_chain","bin",400,0,0,0.665333333333333,0.00508857769384084,0.46510375,0.00653637770481347,0.1884125,0.00350914809132627,0.94,0.00239220399070946,1.70833333333333,0.00694841156527326,NA,NA,0.170083333333333,0.0054053187473297,0
100,0.3,"bace_chain","cat3",400,0,0,0.495666666666667,0.00564092443365689,0.680089229663595,0.00683322884925589,0.255041220337254,0.00402234357703499,0.906125,0.00272260713908687,2.37716666666667,0.0100015001659491,NA,NA,0.059,0.00334255199763061,19876
100,0.3,"bace_chain","ord",400,0,0,0.413798611111111,0.00583910954378807,0.72427375,0.00594332879598893,0.220298611111111,0.00376590694693987,0.888458333333333,0.00347174453689934,2.94133333333333,0.0173452019002747,0.849277777777778,0.0101455956996739,0.0314166666666667,0.00268259328618221,0
100,0.3,"bace_resid","bin",400,0,0,0.667541666666667,0.00520966315521019,0.492057083333333,0.00727244729374737,0.211395833333333,0.00401830354662974,0.9095,0.00298691800992176,1.62075,0.00721530941257841,NA,NA,0.235833333333333,0.006300374823644,0
100,0.3,"bace_resid","cat3",400,0,0,0.496347222222222,0.00557713154865416,0.703444633435442,0.00715862789196588,0.278855662436477,0.00447683998393404,0.892083333333333,0.00295578846733983,2.30883333333333,0.00991747836164747,NA,NA,0.0663333333333333,0.00326364069693939,19451
100,0.3,"bace_resid","ord",400,0,0,0.410576388888889,0.00546724832465477,0.746977916666667,0.00613561766162554,0.245031944444444,0.003995464413317,0.858611111111111,0.00389442955738068,2.77875,0.0169935442186962,0.865694444444444,0.00993249117477132,0.0458333333333333,0.00333307225376893,0
100,0.3,"freqA","bin",400,0,0,0.584083333333333,0.00633181482697206,0.499920416666667,0.0045578216048371,0.1577375,0.00334429556438804,0.98825,0.00145788720948045,1.96091666666667,0.00468077106836964,NA,NA,0.0176666666666667,0.00276686243029162,0
100,0.3,"freqA","cat3",400,0,0,0.421458333333333,0.00640651796190945,0.685327083333333,0.00496273990070382,0.1886,0.00361656878238582,0.956208333333333,0.00243600117968447,2.78133333333333,0.0114661003143538,NA,NA,0.00858333333333334,0.00105698634507145,0
100,0.3,"freqA","ord",400,0,0,0.335423611111111,0.00587772233894024,0.768665833333333,0.00402292827327091,0.185272222222222,0.00349704548134718,0.917583333333333,0.00311789617708116,3.46775,0.0178393964310363,1.03456944444444,0.0106435056789109,0.00316666666666667,0.000884557638965799,0
100,0.3,"freqA_er","bin",400,0,0,0.537708333333333,0.00523192235434169,0.518879583333333,0.00366777476699695,0.1452875,0.00338179861129054,0.985666666666667,0.00178181975759779,1.94808333333333,0.006398467720272,NA,NA,0.0293333333333333,0.00426940179667785,0
100,0.3,"freqA_er","cat3",400,0,0,0.362333333333333,0.00553541042634934,0.69836625,0.0035716720600043,0.172733333333333,0.00353884577325015,0.978125,0.00229033720075831,2.89433333333333,0.0127946857006206,NA,NA,0.0158333333333333,0.00296380044207246,0
100,0.3,"freqA_er","ord",400,0,0,0.327659722222222,0.00564540387452641,0.763806666666667,0.00360844670100376,0.165868055555556,0.003102575001065,0.943972222222222,0.00243455721425501,3.62591666666667,0.0150236974001088,1.08895833333333,0.0113195341366231,0.00225,0.000596900352347136,0
100,0.3,"freqB","bin",400,0,0,0.5845,0.00615858939499282,0.502143333333333,0.00467851227671404,0.15375,0.00347888416879205,0.984166666666667,0.0017256682585182,1.95191666666667,0.00519105697738594,NA,NA,0.0224166666666667,0.00321868143688483,0
100,0.3,"freqB","cat3",400,0,0,0.425916666666667,0.00635946194233802,0.68213125,0.00485484272307128,0.188254166666667,0.00344149924318836,0.950833333333333,0.00267749212451854,2.76808333333333,0.0123353194171825,NA,NA,0.0136666666666667,0.0021120782201999,0
100,0.3,"freqB","ord",400,0,0,0.332805555555556,0.00597453116693573,0.771834166666667,0.00403632343212471,0.185470833333333,0.0033529993116946,0.917652777777778,0.00321094823524412,3.46108333333333,0.0186650288509022,1.03375,0.0111245198089172,0.00666666666666667,0.00120335556090432,0
100,0.3,"freqB_er","bin",400,0,0,0.530208333333333,0.00522184962965424,0.521915,0.0035166060871698,0.147383333333333,0.00353703513072916,0.984166666666667,0.00181608810236299,1.94258333333333,0.0065572673274525,NA,NA,0.0331666666666667,0.00437391033492158,0
100,0.3,"freqB_er","cat3",400,0,0,0.359666666666667,0.00531312745078364,0.699523333333333,0.00356330358546906,0.167741666666667,0.00349004928216268,0.975708333333333,0.00251951361679564,2.88841666666667,0.0126596453905569,NA,NA,0.0184166666666667,0.00310730929689262,0
100,0.3,"freqB_er","ord",400,0,0,0.330583333333333,0.00557504916805902,0.76353375,0.00365679684293478,0.164343055555556,0.0033838068309701,0.940222222222222,0.00270265159221218,3.61533333333333,0.0150940059953251,1.08119444444444,0.0113545007080903,0.00283333333333334,0.000608065624710304,0
100,0.3,"mode_floor","bin",400,0,0,0.59675,0.00625237214799518,NA,NA,NA,NA,NA,NA,NA,NA,NA,NA,NA,NA,NA
100,0.3,"mode_floor","cat3",400,0,0,0.4325,0.00658166888849926,NA,NA,NA,NA,NA,NA,NA,NA,NA,NA,NA,NA,NA
100,0.3,"mode_floor","ord",400,0,0,0.343416666666667,0.00612691795749789,NA,NA,NA,NA,NA,NA,NA,NA,NA,NA,NA,NA,NA
100,0.7,"bace","bin",400,0,0,0.766875,0.00587257618403674,0.34521375,0.0080635104445141,0.155295833333333,0.00367657485787156,0.94025,0.00250837846930084,1.499,0.00907733106660081,NA,NA,0.346416666666667,0.0088015409257573,0
100,0.7,"bace","cat3",400,0,0,0.622569444444444,0.00732225453690973,0.539790500572173,0.00974171018817005,0.220355826083603,0.00471230718390595,0.91975,0.00279681550521361,2.04483333333333,0.0150536009730443,NA,NA,0.16075,0.0071690401832063,16523
100,0.7,"bace","ord",400,0,0,0.542444444444444,0.0074341035923665,0.606828333333333,0.00852827289686798,0.220723611111111,0.003673958386998,0.885527777777778,0.00308755772440077,2.25925,0.0198310177983202,0.565347222222222,0.00980015545539645,0.135166666666667,0.00735520680281833,0
100,0.7,"bace_chain","bin",400,0,0,0.778666666666667,0.00557858218778234,0.317070416666667,0.00723069749160506,0.138654166666667,0.00314896388850055,0.960666666666667,0.00181472672397437,1.56208333333333,0.00886540241205084,NA,NA,0.284583333333333,0.00790566663124833,0
100,0.7,"bace_chain","cat3",400,0,0,0.628180555555556,0.00727452647252421,0.522048398593773,0.00946660490603749,0.208158591662394,0.0044921813380219,0.929041666666667,0.00258066652309539,2.10175,0.0152802415040889,NA,NA,0.152666666666667,0.0071724588510832,17300
100,0.7,"bace_chain","ord",400,0,0,0.543291666666667,0.00752705442360384,0.584148333333333,0.00814337192191922,0.204348611111111,0.00356935108062864,0.908236111111111,0.00292514539523221,2.37158333333333,0.0206444313881631,0.558722222222222,0.00976543921316823,0.115833333333333,0.00692470042037939,0
100,0.7,"bace_resid","bin",400,0,0,0.766875,0.00587257618403674,0.34521375,0.0080635104445141,0.155295833333333,0.00367657485787156,0.94025,0.00250837846930084,1.499,0.00907733106660081,NA,NA,0.346416666666667,0.0088015409257573,0
100,0.7,"bace_resid","cat3",400,0,0,0.622569444444444,0.00732225453690973,0.539790500572173,0.00974171018817005,0.220355826083603,0.00471230718390595,0.91975,0.00279681550521361,2.04483333333333,0.0150536009730443,NA,NA,0.16075,0.0071690401832063,16523
100,0.7,"bace_resid","ord",400,0,0,0.542444444444444,0.0074341035923665,0.606828333333333,0.00852827289686798,0.220723611111111,0.003673958386998,0.885527777777778,0.00308755772440077,2.25925,0.0198310177983202,0.565347222222222,0.00980015545539645,0.135166666666667,0.00735520680281833,0
100,0.7,"freqA","bin",400,0,0,0.727375,0.00762940409491446,0.373116666666667,0.00775289008822734,0.134741666666667,0.00311062732133238,0.966333333333333,0.0022263328730945,1.72875,0.0148264436094107,NA,NA,0.16375,0.0111344588135916,0
100,0.7,"freqA","cat3",400,0,0,0.566041666666667,0.00827679625656123,0.558732083333333,0.0084103883771273,0.179833333333333,0.00341639921931425,0.938166666666667,0.00279683106270591,2.31516666666667,0.0225863838814917,NA,NA,0.0786666666666667,0.00673531902860986,0
100,0.7,"freqA","ord",400,0,0,0.487979166666667,0.00834288907680994,0.646504166666667,0.0080861614064877,0.186647222222222,0.00343088975312936,0.907777777777778,0.00310343864365918,2.74125,0.0271751384072273,0.658555555555556,0.011649841337151,0.0525,0.00545209639077506,0
100,0.7,"freqA_er","bin",400,0,0,0.695041666666667,0.00814721114212214,0.394184583333333,0.00791711549949483,0.139095833333333,0.00351394880637131,0.957666666666667,0.00258904359866309,1.66983333333333,0.0164248094805308,NA,NA,0.2345,0.0135615160416868,0
100,0.7,"freqA_er","cat3",400,0,0,0.5005,0.00986257210869842,0.61016,0.00865654917762946,0.187983333333333,0.00395142542374531,0.935791666666667,0.00360676208938482,2.4665,0.0298860723129644,NA,NA,0.127083333333333,0.00965822864373535,0
100,0.7,"freqA_er","ord",400,0,0,0.461979166666667,0.00905500824772006,0.673802916666667,0.00804084263742364,0.198009722222222,0.00366958507202317,0.9175,0.00304433269709359,2.95166666666667,0.0346987472859409,0.754555555555556,0.0149888636115238,0.0599166666666667,0.0057895164836017,0
100,0.7,"freqB","bin",400,0,0,0.7255,0.00764305233239461,0.378824166666667,0.00783989343403452,0.138725,0.00332094059605033,0.96175,0.00247276659452969,1.71083333333333,0.0154784796841722,NA,NA,0.187583333333333,0.0123818553467075,0
100,0.7,"freqB","cat3",400,0,0,0.567208333333333,0.00841072847545838,0.559305833333333,0.00847052479445293,0.180008333333333,0.00359062369162354,0.930291666666667,0.00300598050393389,2.27525,0.0234791477871993,NA,NA,0.101416666666667,0.0080309714026912,0
100,0.7,"freqB","ord",400,0,0,0.482256944444444,0.00852510968386161,0.655193333333333,0.008043341369894,0.196116666666667,0.00367325655887678,0.897097222222222,0.00329798267108607,2.67541666666667,0.0296267786696666,0.669152777777778,0.0120271490042755,0.0770833333333333,0.00681024253382617,0
100,0.7,"freqB_er","bin",400,0,0,0.687875,0.00854832299683401,0.402672083333333,0.00824972112658184,0.139095833333333,0.00351637494360496,0.9545,0.00275054740001359,1.65316666666667,0.0167783206549072,NA,NA,0.244166666666667,0.0138812217768202,0
100,0.7,"freqB_er","cat3",400,0,0,0.503125,0.00974516366244575,0.608774583333333,0.00851405885702069,0.185316666666667,0.0040630378957568,0.934,0.00370649365817551,2.45525,0.0300783435300661,NA,NA,0.127,0.00969370803636518,0
100,0.7,"freqB_er","ord",400,0,0,0.4604375,0.00894054873744641,0.675869583333333,0.00810469397819627,0.201593055555556,0.00383106299164593,0.912833333333333,0.00323713528205232,2.9295,0.0351765557211508,0.75875,0.0150328121143788,0.06525,0.00665322239834321,0
100,0.7,"mode_floor","bin",400,0,0,0.675583333333333,0.00784331093703587,NA,NA,NA,NA,NA,NA,NA,NA,NA,NA,NA,NA,NA
100,0.7,"mode_floor","cat3",400,0,0,0.523166666666667,0.00810518517576868,NA,NA,NA,NA,NA,NA,NA,NA,NA,NA,NA,NA,NA
100,0.7,"mode_floor","ord",400,0,0,0.434472222222222,0.0078415798946172,NA,NA,NA,NA,NA,NA,NA,NA,NA,NA,NA,NA,NA
100,1,"bace","bin",328,32,40,0.932367886178862,0.00360207253208048,0.104362804878049,0.00508347439992059,0.0692784552845528,0.0023419459066696,0.983943089430894,0.00164082753520103,1.24603658536585,0.00741074228289185,NA,NA,0.584146341463415,0.00878379299227864,0
100,1,"bace","cat3",348,8,44,0.890900383141762,0.00426191938126438,0.166621873027697,0.00595136061947013,0.0925843712391122,0.00251530173651182,0.976772030651341,0.00175769324061497,1.497030651341,0.0129784833435263,NA,NA,0.441379310344828,0.00910500383034411,5748
100,1,"bace","ord",356,0,44,0.871457553058677,0.00407305189781169,0.193428838951311,0.00546076956905001,0.10479556803995,0.00239293920060953,0.974516229712859,0.00173290819084476,1.52350187265918,0.0122469931935282,0.133629837702871,0.00434617500015285,0.367415730337079,0.0103106349441613,0
100,1,"bace_chain","bin",320,32,48,0.93765625,0.00329237500934699,0.0989260416666667,0.00456047165288746,0.0693125,0.00192067148670906,0.9875,0.00139583771970177,1.28760416666667,0.00771246914875616,NA,NA,0.537083333333333,0.00875994608125924,0
100,1,"bace_chain","cat3",339,8,53,0.894804981973124,0.00430936258995852,0.161926481412854,0.00580787734685485,0.0913285516154887,0.0022617016770747,0.979547689282203,0.00162817842006121,1.53372664700098,0.0129424474518193,NA,NA,0.431071779744346,0.00890599237588978,6064
100,1,"bace_chain","ord",347,0,53,0.872926673070765,0.00415936606878894,0.191892891450528,0.00545328892582857,0.103392571245597,0.00228980440602,0.978113992955492,0.00156830000330759,1.56551392891451,0.0126610514418899,0.130915786103106,0.00434836271151003,0.353218059558117,0.0102774573127919,0
100,1,"bace_resid","bin",328,32,40,0.932367886178862,0.00360207253208048,0.104362804878049,0.00508347439992059,0.0692784552845528,0.0023419459066696,0.983943089430894,0.00164082753520103,1.24603658536585,0.00741074228289185,NA,NA,0.584146341463415,0.00878379299227864,0
100,1,"bace_resid","cat3",348,8,44,0.890900383141762,0.00426191938126438,0.166621873027697,0.00595136061947013,0.0925843712391122,0.00251530173651182,0.976772030651341,0.00175769324061497,1.497030651341,0.0129784833435263,NA,NA,0.441379310344828,0.00910500383034411,5748
100,1,"bace_resid","ord",356,0,44,0.871457553058677,0.00407305189781169,0.193428838951311,0.00546076956905001,0.10479556803995,0.00239293920060953,0.974516229712859,0.00173290819084476,1.52350187265918,0.0122469931935282,0.133629837702871,0.00434617500015285,0.367415730337079,0.0103106349441613,0
100,1,"freqA","bin",368,32,0,0.951358695652174,0.00298616723164058,0.0849438405797101,0.00474739855179716,0.0584963768115942,0.00214310976026535,0.983333333333333,0.00163265457231276,1.20606884057971,0.00787436145417801,NA,NA,0.596557971014493,0.00962396186763097,0
100,1,"freqA","cat3",392,8,0,0.912542517006803,0.00386321671885263,0.142343537414966,0.00535864707312841,0.089655612244898,0.00227508778845929,0.976445578231293,0.00172771006632446,1.46011904761905,0.0127855496329299,NA,NA,0.399659863945578,0.0103405286525234,0
100,1,"freqA","ord",400,0,0,0.884861111111111,0.00422407197422605,0.181370833333333,0.00550452735346641,0.103052777777778,0.00228479842145787,0.972861111111111,0.00161951244344482,1.59658333333333,0.0142375120548736,0.117958333333333,0.00436766600944851,0.328833333333333,0.00984307038127694,0
100,1,"freqA_er","bin",368,32,0,0.948822463768116,0.0031171252066516,0.0846046195652174,0.00488101605518931,0.0529211956521739,0.00241821196511855,0.978532608695652,0.0018508016376946,1.14891304347826,0.00780341788141598,NA,NA,0.698278985507246,0.0106142000139132,0
100,1,"freqA_er","cat3",392,8,0,0.915731292517007,0.00378879327661045,0.1431875,0.00587512134508062,0.0812542517006803,0.00274391698608689,0.961607142857143,0.00205266057560406,1.29540816326531,0.0123772282817565,NA,NA,0.592942176870748,0.0105203513726594,0
100,1,"freqA_er","ord",400,0,0,0.892958333333333,0.00390190509542609,0.172742083333333,0.00559594709616466,0.0962041666666667,0.00250559870687788,0.962902777777778,0.00189541139960247,1.41291666666667,0.0121598633717994,0.110875,0.0040958258385383,0.49025,0.00875451011584434,0
100,1,"freqB","bin",368,32,0,0.94981884057971,0.00304833597713325,0.0844442934782609,0.00483082482289478,0.0514719202898551,0.00235517183877698,0.978532608695652,0.00178748694617379,1.14574275362319,0.00790626507194691,NA,NA,0.711322463768116,0.0109936193367318,0
100,1,"freqB","cat3",392,8,0,0.912712585034014,0.00384109026973288,0.141643282312925,0.00574007665338806,0.0801913265306122,0.00272479811674303,0.969175170068027,0.00193693518053786,1.28732993197279,0.0105316938474394,NA,NA,0.579931972789116,0.0107657253011262,0
100,1,"freqB","ord",400,0,0,0.890916666666667,0.00409465550488728,0.174525416666667,0.00577134934082582,0.0928583333333333,0.00260526609206634,0.961180555555556,0.00205854967481196,1.38191666666667,0.0119468322009637,0.111958333333333,0.00424325547612263,0.516416666666667,0.0103408822171631,0
100,1,"freqB_er","bin",368,32,0,0.948731884057971,0.00303749190303038,0.0850833333333333,0.00487932198431598,0.050661231884058,0.00238402388044272,0.978532608695652,0.001859670632666,1.13913043478261,0.00767546481862356,NA,NA,0.716485507246377,0.0106203874062121,0
100,1,"freqB_er","cat3",392,8,0,0.914455782312925,0.00381033771277111,0.144607993197279,0.00590715091586217,0.0818920068027211,0.00281826086863257,0.960459183673469,0.00211559542671168,1.28384353741497,0.01164056746912,NA,NA,0.60671768707483,0.010312841952724,0
100,1,"freqB_er","ord",400,0,0,0.893666666666667,0.00388819662056566,0.171483333333333,0.0057707593852046,0.0931166666666667,0.00266824971286692,0.959069444444444,0.00210316043313691,1.3545,0.0119565693933051,0.109875,0.00404491661529292,0.537583333333333,0.00938534911002329,0
100,1,"mode_floor","bin",368,32,0,0.71929347826087,0.00874224536350082,NA,NA,NA,NA,NA,NA,NA,NA,NA,NA,NA,NA,NA
100,1,"mode_floor","cat3",392,8,0,0.606122448979592,0.00912369524457338,NA,NA,NA,NA,NA,NA,NA,NA,NA,NA,NA,NA,NA
100,1,"mode_floor","ord",400,0,0,0.538,0.0087897800836044,NA,NA,NA,NA,NA,NA,NA,NA,NA,NA,NA,NA,NA
300,0.3,"bace","bin",400,0,0,0.714888888888889,0.00336414332593906,0.401489027777778,0.00418784349173645,0.121459722222222,0.00231390325862727,0.957222222222222,0.00136168001682023,1.69722222222222,0.00690631414260576,NA,NA,0.174666666666667,0.00568034724946741,0
300,0.3,"bace","cat3",400,0,0,0.545097222222222,0.00430941041354971,0.582644447888049,0.00438842115998736,0.138037272579597,0.00222646559964691,0.940666666666667,0.00141359534603979,2.35894444444444,0.0103626643455962,NA,NA,0.0207777777777778,0.00236835710589539,11
300,0.3,"bace","ord",400,0,0,0.438532407407407,0.00396262818771391,0.681879583333333,0.00374270544736677,0.147478703703704,0.00238323747164831,0.91450462962963,0.00165884703900603,2.91963888888889,0.0113156944404475,0.764097222222222,0.00667239634845788,0.016,0.00121058483426575,0
300,0.3,"bace_chain","bin",400,0,0,0.718291666666667,0.00333921026237744,0.3788725,0.0035834230839088,0.0925555555555556,0.0016334525802453,0.975527777777778,0.000962088653173328,1.76869444444444,0.00662918064322395,NA,NA,0.125444444444444,0.00503156594283765,0
300,0.3,"bace_chain","cat3",400,0,0,0.542680555555555,0.00451324064063997,0.571093549693491,0.00419774689685655,0.121160074819401,0.00204568476886057,0.953569444444444,0.00119285410080777,2.42769444444444,0.0107734827350431,NA,NA,0.0169722222222222,0.00237202173858391,6
300,0.3,"bace_chain","ord",400,0,0,0.439462962962963,0.00389658367815109,0.667852916666667,0.00345216815693916,0.124490740740741,0.00191716390913061,0.935921296296296,0.0014395058636064,3.06930555555556,0.0124241078528493,0.758828703703704,0.00637296842073822,0.0113333333333333,0.00108925879860774,0
300,0.3,"bace_resid","bin",400,0,0,0.714888888888889,0.00336414332593906,0.401489027777778,0.00418784349173645,0.121459722222222,0.00231390325862727,0.957222222222222,0.00136168001682023,1.69722222222222,0.00690631414260576,NA,NA,0.174666666666667,0.00568034724946741,0
300,0.3,"bace_resid","cat3",400,0,0,0.545097222222222,0.00430941041354971,0.582644447888049,0.00438842115998736,0.138037272579597,0.00222646559964691,0.940666666666667,0.00141359534603979,2.35894444444444,0.0103626643455962,NA,NA,0.0207777777777778,0.00236835710589539,11
300,0.3,"bace_resid","ord",400,0,0,0.438532407407407,0.00396262818771391,0.681879583333333,0.00374270544736677,0.147478703703704,0.00238323747164831,0.91450462962963,0.00165884703900603,2.91963888888889,0.0113156944404475,0.764097222222222,0.00667239634845788,0.016,0.00121058483426575,0
300,0.3,"freqA","bin",400,0,0,0.602694444444444,0.00485518316200525,0.482085699375411,0.00332612486207064,0.0970402777777778,0.0018414785860704,0.994611111111111,0.000615600833555581,1.97544444444444,0.00337419950729753,NA,NA,0.00877777777777778,0.00189214586436375,0
300,0.3,"freqA","cat3",400,0,0,0.434111111111111,0.00571793739102428,0.659345602399737,0.00392833671369718,0.126007051282051,0.00220812928107676,0.970569444444444,0.00147246438927146,2.81786111111111,0.011201089914916,NA,NA,0.00594444444444444,0.00124366335334954,0
300,0.3,"freqA","ord",400,0,0,0.323847222222222,0.00446666439391485,0.761956434089415,0.00269715933975058,0.129103596866097,0.00203326545088198,0.942921296296296,0.00159039348770799,3.61147222222222,0.0140238934932289,1.04964814814815,0.00790961728188941,0.00152777777777778,0.000321277266009835,0
300,0.3,"freqA_er","bin",400,0,0,0.529513888888889,0.00397325486370038,0.514218614398422,0.00230179055444648,0.104352564102564,0.00224595939451921,0.989472222222222,0.00140223261420533,1.95825,0.00626082264794073,NA,NA,0.0230277777777778,0.00384808701539119,0
300,0.3,"freqA_er","cat3",400,0,0,0.361527777777778,0.00433018842637533,0.691375287639711,0.00256012336129501,0.127859508547009,0.00219248244648593,0.984,0.00174068889641182,2.91266666666667,0.0125639599455709,NA,NA,0.0144444444444444,0.00312838819694573,0
300,0.3,"freqA_er","ord",400,0,0,0.31562037037037,0.00454407467313314,0.761899618671926,0.00258720089441757,0.125260719373219,0.00195941874437564,0.953273148148148,0.00142897065041131,3.69447222222222,0.0128091884911685,1.10696296296296,0.00888085370063507,0.000944444444444444,0.000202688541570101,0
300,0.3,"freqB","bin",400,0,0,0.601805555555556,0.00508406826886138,0.483546944444444,0.00340399528509036,0.101055555555556,0.00201944314687794,0.992777777777778,0.000832985168148578,1.97311111111111,0.00364731227710851,NA,NA,0.0106111111111111,0.00188822330075547,0
300,0.3,"freqB","cat3",400,0,0,0.432513888888889,0.00567853813346714,0.660385138888889,0.00385240938493321,0.1269625,0.0021386965602915,0.970430555555556,0.00145952365525771,2.81741666666667,0.0112197479943663,NA,NA,0.00613888888888889,0.00120428648360329,0
300,0.3,"freqB","ord",400,0,0,0.319402777777778,0.00459886813964067,0.764173611111111,0.00272041631540196,0.132305092592593,0.00215260196007932,0.942430555555556,0.00160979487399509,3.6095,0.0139313911085585,1.06109259259259,0.00817118982664462,0.00205555555555556,0.000418401197998363,0
300,0.3,"freqB_er","bin",400,0,0,0.5245,0.00394935390519119,0.5183325,0.00230050515746193,0.106811111111111,0.00223512118947585,0.988888888888889,0.00147012494909301,1.957,0.00616870157418549,NA,NA,0.0251111111111111,0.00409638205329347,0
300,0.3,"freqB_er","cat3",400,0,0,0.354263888888889,0.00443367048818506,0.692651527777778,0.00257266119963352,0.132108333333333,0.00220038314522672,0.9835,0.00171986705772475,2.91113888888889,0.0124833190316361,NA,NA,0.0153611111111111,0.00313684279379048,0
300,0.3,"freqB_er","ord",400,0,0,0.317331018518519,0.00469105443254263,0.759824027777778,0.00255244956790767,0.124447685185185,0.00216861495361481,0.955731481481481,0.0014574744707925,3.69561111111111,0.0128402390762018,1.09970833333333,0.00888452829673172,0.00116666666666667,0.00021106420502223,0
300,0.3,"mode_floor","bin",400,0,0,0.618722222222222,0.0049285803971289,NA,NA,NA,NA,NA,NA,NA,NA,NA,NA,NA,NA,NA
300,0.3,"mode_floor","cat3",400,0,0,0.453819444444444,0.00587306188336685,NA,NA,NA,NA,NA,NA,NA,NA,NA,NA,NA,NA,NA
300,0.3,"mode_floor","ord",400,0,0,0.343458333333333,0.00478089820702387,NA,NA,NA,NA,NA,NA,NA,NA,NA,NA,NA,NA,NA
300,0.7,"bace","bin",400,0,0,0.808125,0.00408753498000751,0.280838888888889,0.00544988734249208,0.0944555555555556,0.00209011836732821,0.957944444444444,0.00134122040711105,1.45547222222222,0.0100993309778454,NA,NA,0.410444444444444,0.0103891215684045,0
300,0.7,"bace","cat3",400,0,0,0.678125,0.00530023577631002,0.442187358140723,0.00639900367149556,0.118142669394756,0.002322944632344,0.945041666666667,0.00147854442266578,1.92325,0.0142381748780885,NA,NA,0.132611111111111,0.00835730840602609,366
300,0.7,"bace","ord",400,0,0,0.572914351851852,0.00532356275593868,0.549085694444444,0.00584541259611658,0.125256018518519,0.00206959606949396,0.933217592592593,0.00157624602053529,2.37325,0.0160718747853798,0.484277777777778,0.00645304119532363,0.0840555555555556,0.00561058170989105,0
300,0.7,"bace_chain","bin",400,0,0,0.813861111111111,0.00403895500197359,0.265697361111111,0.00517516624071292,0.0789458333333333,0.00169801507681216,0.970416666666667,0.00104266985017947,1.50711111111111,0.0105468738572396,NA,NA,0.360361111111111,0.0103601031804509,0
300,0.7,"bace_chain","cat3",400,0,0,0.677069444444444,0.00537247947150485,0.434859712511869,0.00624097211108139,0.108868668658984,0.00203730962300037,0.952041666666667,0.00125780596649308,1.96233333333333,0.0147266196151232,NA,NA,0.127166666666667,0.00842214762540357,331
300,0.7,"bace_chain","ord",400,0,0,0.57218287037037,0.00537366637336545,0.538510555555556,0.00572257760945813,0.110755092592593,0.00200489869842708,0.946212962962963,0.00139400177439548,2.45225,0.0169802851135247,0.48349537037037,0.00642333777954736,0.0733888888888889,0.00532634878095357,0
300,0.7,"bace_resid","bin",400,0,0,0.808125,0.00408753498000751,0.280838888888889,0.00544988734249208,0.0944555555555556,0.00209011836732821,0.957944444444444,0.00134122040711105,1.45547222222222,0.0100993309778454,NA,NA,0.410444444444444,0.0103891215684045,0
300,0.7,"bace_resid","cat3",400,0,0,0.678125,0.00530023577631002,0.442187358140723,0.00639900367149556,0.118142669394756,0.002322944632344,0.945041666666667,0.00147854442266578,1.92325,0.0142381748780885,NA,NA,0.132611111111111,0.00835730840602609,366
300,0.7,"bace_resid","ord",400,0,0,0.572914351851852,0.00532356275593868,0.549085694444444,0.00584541259611658,0.125256018518519,0.00206959606949396,0.933217592592593,0.00157624602053529,2.37325,0.0160718747853798,0.484277777777778,0.00645304119532363,0.0840555555555556,0.00561058170989105,0
300,0.7,"freqA","bin",400,0,0,0.734055555555556,0.0069914897679099,0.364341666666667,0.00703540979560827,0.0930611111111111,0.00191010572970071,0.970277777777778,0.00167655795033949,1.73330555555556,0.0152251631288025,NA,NA,0.167055555555556,0.0115997240700988,0
300,0.7,"freqA","cat3",400,0,0,0.583041666666667,0.00777342412935602,0.536779305555556,0.00750282524462483,0.126494444444444,0.00250012513997267,0.942416666666667,0.00191688459042248,2.28925,0.0224935843430447,NA,NA,0.0788888888888889,0.00671844737986498,0
300,0.7,"freqA","ord",400,0,0,0.456138888888889,0.00690494865628271,0.660830138888889,0.00630185252442438,0.137424074074074,0.00244405416121268,0.919023148148148,0.00204582218197727,2.88061111111111,0.0255484109429739,0.700476851851852,0.00956851110024576,0.04125,0.00383308587701525,0
300,0.7,"freqA_er","bin",400,0,0,0.696041666666667,0.00804735245124256,0.389013194444444,0.00733822263503662,0.102426388888889,0.00211732228428997,0.956277777777778,0.00204499155744031,1.65275,0.0166094696984239,NA,NA,0.245666666666667,0.013539068773075,0
300,0.7,"freqA_er","cat3",400,0,0,0.515305555555556,0.00928312841689785,0.594941805555556,0.00758370680833742,0.144026388888889,0.00268901788767108,0.937125,0.00299501031245524,2.44483333333333,0.0300735958718341,NA,NA,0.13175,0.00984175346735686,0
300,0.7,"freqA_er","ord",400,0,0,0.433090277777778,0.00779665319916372,0.685578055555556,0.00625544509302018,0.146169907407407,0.00236794683751449,0.931152777777778,0.0019667239989306,3.10888888888889,0.0303840787232213,0.800324074074074,0.0134000403031702,0.0350555555555556,0.00335489061003352,0
300,0.7,"freqB","bin",400,0,0,0.731875,0.0071340102366649,0.367603472222222,0.00716732676451272,0.0991013888888889,0.00214917109121998,0.969138888888889,0.00170615920205244,1.72538888888889,0.0154959551120184,NA,NA,0.178444444444444,0.0123894461364724,0
300,0.7,"freqB","cat3",400,0,0,0.585333333333333,0.00763114351263129,0.537109305555556,0.00741082977267182,0.125508333333333,0.00246316622617348,0.940652777777778,0.0018875020247751,2.2755,0.0227620519846315,NA,NA,0.0880833333333333,0.00748539929601282,0
300,0.7,"freqB","ord",400,0,0,0.455328703703704,0.00687769054463718,0.665268055555556,0.00623331890973975,0.140140277777778,0.0025324258079828,0.913546296296296,0.00205443231076876,2.85738888888889,0.0261233449539423,0.702217592592593,0.00955553940735761,0.0447777777777778,0.00405831360804637,0
300,0.7,"freqB_er","bin",400,0,0,0.691083333333333,0.00821918467208173,0.391339305555556,0.00742916352560504,0.107181944444444,0.00214910559300719,0.956333333333333,0.00202555687612968,1.65127777777778,0.0165725718023132,NA,NA,0.242861111111111,0.0134704978699934,0
300,0.7,"freqB_er","cat3",400,0,0,0.504958333333333,0.00947929563213074,0.599787777777778,0.00766448539954674,0.148451388888889,0.00261018699819181,0.936736111111111,0.00305726191879982,2.44644444444444,0.0302299816402318,NA,NA,0.1325,0.00997156101856382,0
300,0.7,"freqB_er","ord",400,0,0,0.434388888888889,0.0077244264931609,0.685263333333333,0.006291737892219,0.14805787037037,0.00249227045167034,0.931236111111111,0.00201891882506494,3.10833333333333,0.0307684037410245,0.798342592592593,0.0134302596497124,0.036,0.0033246149793122,0
300,0.7,"mode_floor","bin",400,0,0,0.6945,0.00665296036030136,NA,NA,NA,NA,NA,NA,NA,NA,NA,NA,NA,NA,NA
300,0.7,"mode_floor","cat3",400,0,0,0.555013888888889,0.00773990757450561,NA,NA,NA,NA,NA,NA,NA,NA,NA,NA,NA,NA,NA
300,0.7,"mode_floor","ord",400,0,0,0.422069444444444,0.00697178823727744,NA,NA,NA,NA,NA,NA,NA,NA,NA,NA,NA,NA,NA
300,1,"bace","bin",354,29,17,0.968612680477087,0.00154899562023124,0.0502382297551789,0.00228287810004979,0.0277212806026365,0.000856329553091173,0.992121782799749,0.000608698362374664,1.12413684871312,0.0043698593189136,NA,NA,0.769648462021343,0.00599988362190571,0
300,1,"bace","cat3",375,6,19,0.948928395061728,0.00195637816106216,0.0792365065712897,0.00284419356965589,0.0365546446614833,0.000989466419616282,0.98722962962963,0.000734657532730096,1.20062222222222,0.00567929722203786,NA,NA,0.6792,0.00652910535882232,3217
300,1,"bace","ord",379,2,19,0.928759894459103,0.00203101964497129,0.111479917912636,0.00288332504574174,0.0462679566109645,0.00101093610338674,0.9850630313691,0.000769328758753736,1.30571679859279,0.0064328895392231,0.0715772500732923,0.00203852306044588,0.537525652301378,0.0077708312896928,0
300,1,"bace_chain","bin",352,29,19,0.968702651515152,0.00157892637567415,0.0492624684343434,0.00223616691360859,0.0291051136363636,0.00091075216747293,0.99324494949495,0.000552867073298599,1.13355429292929,0.00434008458610063,NA,NA,0.757512626262626,0.00610445257868838,0
300,1,"bace_chain","cat3",373,6,21,0.949374441465594,0.00196784958326613,0.079183756347246,0.00282819976018287,0.0376426438987895,0.000952440481314496,0.988337801608579,0.000712977864137013,1.2120345546619,0.00563154297699856,NA,NA,0.677241584748287,0.0066342215048569,3378
300,1,"bace_chain","ord",377,2,21,0.927247273798998,0.00200703692188048,0.112295608605953,0.00286444250801325,0.0458532272325376,0.00097285386789743,0.98652126927989,0.000699198820383336,1.31647509578544,0.00655517469918868,0.073017978190392,0.00201449243765745,0.531859711170056,0.00773707323794065,0
300,1,"bace_resid","bin",354,29,17,0.968612680477087,0.00154899562023124,0.0502382297551789,0.00228287810004979,0.0277212806026365,0.000856329553091173,0.992121782799749,0.000608698362374664,1.12413684871312,0.0043698593189136,NA,NA,0.769648462021343,0.00599988362190571,0
300,1,"bace_resid","cat3",375,6,19,0.948928395061728,0.00195637816106216,0.0792365065712897,0.00284419356965589,0.0365546446614833,0.000989466419616282,0.98722962962963,0.000734657532730096,1.20062222222222,0.00567929722203786,NA,NA,0.6792,0.00652910535882232,3217
300,1,"bace_resid","ord",379,2,19,0.928759894459103,0.00203101964497129,0.111479917912636,0.00288332504574174,0.0462679566109645,0.00101093610338674,0.9850630313691,0.000769328758753736,1.30571679859279,0.0064328895392231,0.0715772500732923,0.00203852306044588,0.537525652301378,0.0077708312896928,0
300,1,"freqA","bin",371,29,0,0.970904462413896,0.00162491837974592,0.0492373465109314,0.00251937957695717,0.0271413596885295,0.00106401374629288,0.987391434561246,0.000820892654503598,1.09931117100928,0.00409986329910337,NA,NA,0.763581910751722,0.00620474657930672,0
300,1,"freqA","cat3",394,6,0,0.952566271855612,0.00187831691761284,0.0806535532994924,0.00293630908960338,0.042339255499154,0.00124496833863961,0.981443880428652,0.000971441814880214,1.21393119007332,0.00713648021071022,NA,NA,0.619543147208122,0.00841130262011633,0
300,1,"freqA","ord",398,2,0,0.930457844779453,0.00205633252428016,0.116554718034618,0.00314530144819325,0.0514865996649916,0.00116788051627036,0.975297785222408,0.00100520256693488,1.31471245114461,0.00754599487450038,0.0699748743718593,0.00207573787711501,0.514042434394193,0.00763053663094314,0
300,1,"freqA_er","bin",371,29,0,0.972102425876011,0.00155265185240565,0.0479773884396526,0.00257387062997602,0.0246106618748128,0.00117166010835315,0.985324947589098,0.000924743217630368,1.06858340820605,0.00391922664414701,NA,NA,0.821653189577718,0.00687826920639673,0
300,1,"freqA_er","cat3",394,6,0,0.953525098702764,0.00191777399026152,0.0807533840947547,0.00320541156693942,0.0384306260575296,0.00139956303501523,0.973745064861816,0.00119100383632986,1.12664974619289,0.00534728111510471,NA,NA,0.748646362098139,0.00692129965726297,0
300,1,"freqA_er","ord",398,2,0,0.930415968732552,0.00208457735359802,0.11680388051368,0.00326719208266444,0.0517001675041876,0.00132966051790827,0.968123022520007,0.00113601743155396,1.22347850362926,0.00648364990346599,0.0701982132886655,0.00210982028167352,0.633807928531547,0.00712488813199592,0
300,1,"freqB","bin",371,29,0,0.971862833183588,0.00155602376040705,0.0483758610362384,0.00255899737662175,0.0241299790356394,0.00109435198118309,0.98628331835879,0.000877724657141257,1.07292602575621,0.00394852481575848,NA,NA,0.822192273135669,0.00670217356872114,0
300,1,"freqB","cat3",394,6,0,0.953172588832487,0.00191033534643561,0.0795190355329949,0.0030734939036821,0.0387253243090807,0.00134144711480294,0.977932882120699,0.001071569812429,1.13463056965595,0.0053047804913009,NA,NA,0.736999435984208,0.0074050627074926,0
300,1,"freqB","ord",398,2,0,0.929815745393635,0.00207726981488703,0.116690675600223,0.0032187356716878,0.0506825795644891,0.00133364507702924,0.969895775172157,0.00105863233527424,1.21878838637633,0.00636648475424872,0.0705750977107761,0.00208733409017599,0.63785594639866,0.00733464622808307,0
300,1,"freqB_er","bin",371,29,0,0.97235699311171,0.00153583161212942,0.0478987720874513,0.00255541638291277,0.024261755016472,0.00112502706842387,0.98607367475292,0.000871340797804008,1.06849356094639,0.00397188331077296,NA,NA,0.824348607367475,0.00687757521530732,0
300,1,"freqB_er","cat3",394,6,0,0.953652002256063,0.00192044190877387,0.0801546813310773,0.00316402613583267,0.0384475465313029,0.00139691108874631,0.973829667230682,0.00118501562537463,1.12459108855048,0.00524822641934334,NA,NA,0.752086858432036,0.00700590964356055,0
300,1,"freqB_er","ord",398,2,0,0.931560580681184,0.00207077279070473,0.116562953657175,0.00330999957534807,0.0519374651032942,0.00141471110292356,0.966741112972269,0.00121556216139994,1.20307091010609,0.00644167827790435,0.0690396426577331,0.00208257341040077,0.663260748185371,0.00697226441332864,0
300,1,"mode_floor","bin",371,29,0,0.733123689727463,0.0074807421566567,NA,NA,NA,NA,NA,NA,NA,NA,NA,NA,NA,NA,NA
300,1,"mode_floor","cat3",394,6,0,0.623871968415116,0.00859584734402307,NA,NA,NA,NA,NA,NA,NA,NA,NA,NA,NA,NA,NA
300,1,"mode_floor","ord",398,2,0,0.530550902661455,0.00783869552467983,NA,NA,NA,NA,NA,NA,NA,NA,NA,NA,NA,NA,NA
