"dgp","n","arm","n_seeds","zrmse","zrmse_mcse","acc","acc_mcse","coverage"
"avonet",300,"rphylo_pure",20,0.432822364173833,0.0400810620134992,0.778703703703704,0.00430645937819013,0.97375
"avonet",300,"rphylo_def",20,0.438212416853029,0.0398722611807626,0.770185185185185,0.00834458845737731,0.971805555555556
"avonet",300,"raw_rphylo_nopheno",20,0.547324330934178,0.0440199319318524,NA,NA,NA
"avonet",300,"raw_rphylopars",20,0.547324330934178,0.0440199319318524,NA,NA,NA
"avonet",300,"bayes_pure",20,0.780740344315244,0.0629498544902952,0.77537037037037,0.00324970911656501,0.970138888888889
"avonet",300,"cont_only_pure",20,0.790163572857479,0.0635475256623606,NA,NA,0.955555555555556
"avonet",300,"fisher_pure",20,0.790163572857479,0.0635475256623606,0.77537037037037,0.00324970911656501,0.969583333333333
"avonet",300,"inhouse_pure",20,0.790163572857479,0.0635475256623606,0.77537037037037,0.00324970911656501,0.969583333333333
"avonet",300,"fisher_def",20,0.790374291981592,0.0636310824704906,0.765,0.00706046679207021,0.969305555555556
"avonet",300,"inhouse_def",20,0.790374291981592,0.0636310824704906,0.765,0.00706046679207021,0.969305555555556
"avonet",300,"floor",20,1.03248647528445,0.0628347949583975,0.633333333333333,0.00479904449854908,NA
"bace_dgp",100,"bayes_pure",20,0.962794521180253,0.0189991136641037,0.54,0.021575381248622,0.905
"bace_dgp",100,"rphylo_def",20,1.01514700719948,0.0180596556854154,0.528333333333333,0.0195377876485243,0.893333333333333
"bace_dgp",100,"floor",20,1.02114944929809,0.0175158529519995,0.498333333333333,0.0205871418452568,NA
"bace_dgp",100,"fisher_def",20,1.02491727049927,0.0199228395446815,0.528333333333333,0.0195377876485243,0.891111111111111
"bace_dgp",100,"inhouse_def",20,1.02491727049927,0.0199228395446815,0.528333333333333,0.0195377876485243,0.891111111111111
"bace_dgp",100,"cont_only_pure",20,1.06010732889041,0.0223346965015068,NA,NA,0.897777777777778
"bace_dgp",100,"fisher_pure",20,1.06010732889041,0.0223346965015068,0.54,0.021575381248622,0.893333333333333
"bace_dgp",100,"inhouse_pure",20,1.06010732889041,0.0223346965015068,0.54,0.021575381248622,0.893333333333333
"bace_dgp",100,"raw_rphylo_nopheno",20,1.22092655641332,0.0507105740094196,NA,NA,NA
"bace_dgp",100,"raw_rphylopars",20,1.22092655641332,0.0507105740094196,NA,NA,NA
"bace_dgp",100,"rphylo_pure",20,1.23858558076096,0.0483891984191727,0.521666666666667,0.0178156577430841,0.902222222222222
"bace_dgp",300,"bayes_pure",20,0.931752010400077,0.0112374690299862,0.492777777777778,0.00861700420874119,0.96
"bace_dgp",300,"fisher_def",20,0.985803540658646,0.0101799539664945,0.51,0.0132183148189802,0.959074074074074
"bace_dgp",300,"inhouse_def",20,0.985803540658646,0.0101799539664945,0.51,0.0132183148189802,0.959074074074074
"bace_dgp",300,"rphylo_def",20,0.985970529916054,0.0149145471738926,0.51,0.0132183148189802,0.956481481481481
"bace_dgp",300,"floor",20,1.01159618129742,0.013242527509179,0.501111111111111,0.0134135016789222,NA
"bace_dgp",300,"cont_only_pure",20,1.04666009992949,0.0101061763807657,NA,NA,0.959444444444444
"bace_dgp",300,"fisher_pure",20,1.04666009992949,0.0101061763807657,0.492777777777778,0.00861700420874119,0.963333333333333
"bace_dgp",300,"inhouse_pure",20,1.04666009992949,0.0101061763807657,0.492777777777778,0.00861700420874119,0.963333333333333
"bace_dgp",300,"raw_rphylo_nopheno",20,1.15995768783146,0.0376085177507798,NA,NA,NA
"bace_dgp",300,"raw_rphylopars",20,1.15995768783146,0.0376085177507798,NA,NA,NA
"bace_dgp",300,"rphylo_pure",20,1.1712310033253,0.0246669186205751,0.504444444444444,0.0127300149784487,0.967222222222222
"bace_dgp",1000,"bayes_pure",20,0.905263019841024,0.00850815275915635,0.511666666666667,0.00488164002736018,0.9545
"bace_dgp",1000,"fisher_def",20,0.955523816770253,0.00802369701292504,0.512833333333333,0.00535999367198719,0.949888888888889
"bace_dgp",1000,"inhouse_def",20,0.955523816770253,0.00802369701292504,0.512833333333333,0.00535999367198719,0.949888888888889
"bace_dgp",1000,"rphylo_def",20,0.957392205215977,0.00986613021931119,0.512833333333333,0.00535999367198719,0.9475
"bace_dgp",1000,"floor",20,1.00210172942497,0.00684087551108263,0.517833333333333,0.00454525650817929,NA
"bace_dgp",1000,"cont_only_pure",20,1.03386906329141,0.00901344712806185,NA,NA,0.954111111111111
"bace_dgp",1000,"fisher_pure",20,1.03386906329141,0.00901344712806185,0.511666666666667,0.00488164002736018,0.955888888888889
"bace_dgp",1000,"inhouse_pure",20,1.03386906329141,0.00901344712806185,0.511666666666667,0.00488164002736018,0.955888888888889
"bace_dgp",1000,"raw_rphylo_nopheno",20,1.13707883660167,0.0318437283925412,NA,NA,NA
"bace_dgp",1000,"raw_rphylopars",20,1.13707883660167,0.0318437283925412,NA,NA,NA
"bace_dgp",1000,"rphylo_pure",20,1.16073189280336,0.032771425653915,0.513,0.00610291848504367,0.952888888888889
"bm_mixed",100,"cont_only_pure",20,0.250598947095028,0.0171419103640237,NA,NA,0.9175
"bm_mixed",100,"fisher_pure",20,0.250598947095028,0.0171419103640237,0.836666666666667,0.0153706639395154,0.926666666666667
"bm_mixed",100,"inhouse_pure",20,0.250598947095028,0.0171419103640237,0.836666666666667,0.0153706639395154,0.926666666666667
"bm_mixed",100,"bayes_pure",20,0.253757321759614,0.0164989169395948,0.836666666666667,0.0153706639395154,0.929583333333333
"bm_mixed",100,"raw_rphylo_nopheno",20,0.255954154426787,0.0177929256342023,NA,NA,NA
"bm_mixed",100,"raw_rphylopars",20,0.255954154426787,0.0177929256342023,NA,NA,NA
"bm_mixed",100,"rphylo_pure",20,0.26497301113644,0.0172163548714172,0.825833333333333,0.0151249667729566,0.926666666666667
"bm_mixed",100,"fisher_def",20,0.270094586013204,0.0204949041833511,0.814166666666667,0.016896442409036,0.91125
"bm_mixed",100,"inhouse_def",20,0.270094586013204,0.0204949041833511,0.814166666666667,0.016896442409036,0.91125
"bm_mixed",100,"rphylo_def",20,0.273609826476483,0.017339041755524,0.804166666666667,0.0161261021201853,0.915
"bm_mixed",100,"floor",20,1.00541403575733,0.0150873720166256,0.335,0.00791955164422924,NA
"bm_mixed",300,"cont_only_pure",20,0.150802259598281,0.0083939077467523,NA,NA,0.971666666666667
"bm_mixed",300,"fisher_pure",20,0.150802259598281,0.0083939077467523,0.928333333333333,0.00655981623857107,0.976944444444445
"bm_mixed",300,"inhouse_pure",20,0.150802259598281,0.0083939077467523,0.928333333333333,0.00655981623857107,0.976944444444445
"bm_mixed",300,"fisher_def",20,0.151073955318789,0.00836366054045031,0.928333333333333,0.00655981623857107,0.976805555555556
"bm_mixed",300,"inhouse_def",20,0.151073955318789,0.00836366054045031,0.928333333333333,0.00655981623857107,0.976805555555556
"bm_mixed",300,"raw_rphylo_nopheno",20,0.151888173926259,0.00843446021173511,NA,NA,NA
"bm_mixed",300,"raw_rphylopars",20,0.151888173926259,0.00843446021173511,NA,NA,NA
"bm_mixed",300,"rphylo_pure",20,0.1529766970144,0.00824190401872885,0.921388888888889,0.00763948695160157,0.977638888888889
"bm_mixed",300,"rphylo_def",20,0.153240444612105,0.00820848018169574,0.921388888888889,0.00763948695160157,0.9775
"bm_mixed",300,"bayes_pure",20,0.153729687223191,0.00837918393072845,0.928333333333333,0.00655981623857107,0.976527777777778
"bm_mixed",300,"floor",20,0.991410033475746,0.00762963770016767,0.380277777777778,0.00368238258746533,NA
"bm_mixed",1000,"cont_only_pure",20,0.0895459743701121,0.00348260607518606,NA,NA,0.96075
"bm_mixed",1000,"fisher_def",20,0.0895459743701121,0.00348260607518606,0.959416666666667,0.00238561417055655,0.964166666666667
"bm_mixed",1000,"fisher_pure",20,0.0895459743701121,0.00348260607518606,0.95925,0.00238928835229433,0.964166666666667
"bm_mixed",1000,"inhouse_def",20,0.0895459743701121,0.00348260607518606,0.959416666666667,0.00238561417055655,0.964166666666667
"bm_mixed",1000,"inhouse_pure",20,0.0895459743701121,0.00348260607518606,0.95925,0.00238928835229433,0.964166666666667
"bm_mixed",1000,"raw_rphylo_nopheno",20,0.0895503868008088,0.00346319629060468,NA,NA,NA
"bm_mixed",1000,"raw_rphylopars",20,0.0895503868008088,0.00346319629060468,NA,NA,NA
"bm_mixed",1000,"rphylo_def",20,0.0898715193799774,0.00351852107193529,0.959166666666667,0.00227977376532248,0.964625
"bm_mixed",1000,"rphylo_pure",20,0.0898715193799774,0.00351852107193529,0.959166666666667,0.00227977376532248,0.964625
"bm_mixed",1000,"bayes_pure",20,0.0969643469816577,0.00347442828047388,0.95925,0.00238928835229433,0.961916666666667
"bm_mixed",1000,"floor",20,1.00215521246867,0.00522952524419539,0.393666666666667,0.00194063955214384,NA
"ou_mixed",100,"cont_only_pure",20,0.408854505297203,0.0225350531476094,NA,NA,0.903333333333333
"ou_mixed",100,"fisher_pure",20,0.408854505297203,0.0225350531476094,0.864166666666667,0.0169827483844653,0.9025
"ou_mixed",100,"inhouse_pure",20,0.408854505297203,0.0225350531476094,0.864166666666667,0.0169827483844653,0.9025
"ou_mixed",100,"bayes_pure",20,0.409021766200987,0.0223084028034399,0.864166666666667,0.0169827483844653,0.904583333333333
"ou_mixed",100,"raw_rphylo_nopheno",20,0.416857663652483,0.0234890119610407,NA,NA,NA
"ou_mixed",100,"raw_rphylopars",20,0.416857663652483,0.0234890119610407,NA,NA,NA
"ou_mixed",100,"rphylo_pure",20,0.424061325263146,0.0237345449248183,0.855,0.0158160108380846,0.915
"ou_mixed",100,"fisher_def",20,0.430667325348604,0.0240636165791128,0.855,0.021968212016031,0.889583333333333
"ou_mixed",100,"inhouse_def",20,0.430667325348604,0.0240636165791128,0.855,0.021968212016031,0.889583333333333
"ou_mixed",100,"rphylo_def",20,0.450917261222054,0.0283692237438323,0.835833333333333,0.0197304570568579,0.892916666666667
"ou_mixed",100,"floor",20,0.99881112681215,0.0121451510272538,0.36,0.0084119102419206,NA
"ou_mixed",300,"cont_only_pure",20,0.214637090116575,0.0108598990697733,NA,NA,0.973333333333333
"ou_mixed",300,"fisher_pure",20,0.214637090116575,0.0108598990697733,0.939166666666667,0.0036602593317371,0.975972222222222
"ou_mixed",300,"inhouse_pure",20,0.214637090116575,0.0108598990697733,0.939166666666667,0.0036602593317371,0.975972222222222
"ou_mixed",300,"fisher_def",20,0.216239376609365,0.0109429415427986,0.939166666666667,0.0036602593317371,0.974861111111111
"ou_mixed",300,"inhouse_def",20,0.216239376609365,0.0109429415427986,0.939166666666667,0.0036602593317371,0.974861111111111
"ou_mixed",300,"raw_rphylo_nopheno",20,0.216680671114886,0.0109821981166064,NA,NA,NA
"ou_mixed",300,"raw_rphylopars",20,0.216680671114886,0.0109821981166064,NA,NA,NA
"ou_mixed",300,"rphylo_pure",20,0.218588907104831,0.0108557275096885,0.939166666666667,0.003593072353971,0.972916666666667
"ou_mixed",300,"bayes_pure",20,0.220230014456977,0.0104957547497345,0.939166666666667,0.0036602593317371,0.975138888888889
"ou_mixed",300,"rphylo_def",20,0.22042561904633,0.0110484883803196,0.939166666666667,0.003593072353971,0.970694444444444
"ou_mixed",300,"floor",20,1.00146043533063,0.00746143037045296,0.3825,0.00413535996973326,NA
"ou_mixed",1000,"cont_only_pure",20,0.132134922104746,0.00578566439286186,NA,NA,0.967708333333333
"ou_mixed",1000,"fisher_pure",20,0.132134922104746,0.00578566439286186,0.959083333333333,0.00313785368221562,0.966583333333333
"ou_mixed",1000,"inhouse_pure",20,0.132134922104746,0.00578566439286186,0.959083333333333,0.00313785368221562,0.966583333333333
"ou_mixed",1000,"raw_rphylo_nopheno",20,0.132432772300925,0.00571950480318281,NA,NA,NA
"ou_mixed",1000,"raw_rphylopars",20,0.132432772300925,0.00571950480318281,NA,NA,NA
"ou_mixed",1000,"rphylo_pure",20,0.132678269818506,0.00567029327424501,0.959666666666667,0.0030555289738344,0.967833333333333
"ou_mixed",1000,"fisher_def",20,0.132734406539747,0.00583692746253558,0.959083333333333,0.00313785368221562,0.965958333333333
"ou_mixed",1000,"inhouse_def",20,0.132734406539747,0.00583692746253558,0.959083333333333,0.00313785368221562,0.965958333333333
"ou_mixed",1000,"rphylo_def",20,0.133492245150587,0.0057390622633741,0.959666666666667,0.0030555289738344,0.96725
"ou_mixed",1000,"bayes_pure",20,0.143101271374248,0.00532438429253876,0.959083333333333,0.00313785368221562,0.968208333333333
"ou_mixed",1000,"floor",20,0.994326623525096,0.00536343731982462,0.393916666666667,0.00248467525264593,NA
