"arm","n","lambda","coverage","coverage_se","width","width_se","zrmse","zrmse_se","iscore","iscore_se","width_median","datasets"
"bace",100,0.3,0.879875,0.00294458753652085,3.22435430906417,0.0200647905908784,0.988722107828167,0.00817454377920559,5.63487480669159,0.0901216361912182,3.21158554992304,400
"bace_chain",100,0.3,0.946458333333333,0.00162271705196671,3.74015089465068,0.0186233859040192,0.896312098415391,0.00615530508644241,4.55294982585714,0.0386105155201707,3.72778566596056,400
"bace_resid",100,0.3,0.947208333333333,0.00198494819054079,4.22112500110109,0.0271917784417395,0.996976245258717,0.00822302205490936,5.3073807053557,0.0634603091213554,4.21195422714483,400
"freqA",100,0.3,0.938375,0.00171930124258089,3.46989682845131,0.0150711595741337,0.870774035172342,0.00570624414486356,4.37629189147034,0.0361770635955753,3.49562065851024,400
"freqB",100,0.3,0.935125,0.00166686376236437,3.45144286098795,0.0147248721102704,0.871011886224318,0.00572021099682536,4.40581364082171,0.03808095561906,3.47667187764972,400
"bace",300,0.3,0.899013888888889,0.00168193585133918,3.05705474154194,0.0124132215472572,0.910923073345474,0.00620622967161384,4.97823342245708,0.0605698922682016,3.0583803640341,400
"bace_chain",300,0.3,0.946347222222222,0.000938244171264093,3.43005269279951,0.0145323613209857,0.836510632850814,0.00409031093806039,4.16661970377422,0.0229874002562674,3.43454610499741,400
"bace_resid",300,0.3,0.965777777777778,0.000974210283848335,4.19281411887607,0.0174327604376924,0.922842009182498,0.00622989849125045,4.92107487845735,0.0410948073940703,4.20220964923124,400
"freqA",300,0.3,0.945377332219438,0.000915644657181106,3.46174882049989,0.0129025246868908,0.853577456578164,0.00382145522797837,4.21037538132055,0.0207691448757487,3.45212262811036,399
"freqB",300,0.3,0.945140629351156,0.00090711283602114,3.45964600020792,0.0127113427033061,0.853370936314253,0.00389644390349109,4.20527948881678,0.0222389830782856,3.46773387300087,399
"bace",1000,0.3,0.912925,0.00167841327434167,3.0150300826212,0.0128183200666092,0.861783897251774,0.00770429535954747,4.60282802439544,0.0642700741572893,3.01086554817207,200
"bace_chain",1000,0.3,0.949583333333333,0.000730291964896358,3.31560859320855,0.0178830998791089,0.804368749472354,0.00477896625922028,3.97875340039483,0.0249022338747121,3.28950904159465,200
"bace_resid",1000,0.3,0.974116666666667,0.000868030591489163,4.2053043789001,0.0178850163188104,0.874790588331369,0.00766550029063161,4.75277090995783,0.0403357880782438,4.18135155083053,200
"freqA",1000,0.3,0.949327485380117,0.000521001688137712,3.43495710275117,0.0123468326634459,0.832649365772317,0.00336950306336215,4.11387842115514,0.017341132530203,3.43471686283093,399
"freqB",1000,0.3,0.949782790309106,0.000492332912800574,3.4392797654988,0.0124766251643558,0.832085484914035,0.00341139818043557,4.09965266056454,0.0175935921303076,3.43576359859875,399
"bace",100,0.7,0.887625,0.00280928585023028,2.69485794551361,0.0247697009979739,0.79933522418173,0.00787470988828483,4.50641143755441,0.0669105181820515,2.69947502551662,400
"bace_chain",100,0.7,0.948041666666667,0.00157622039240224,3.13124314279004,0.0257626790966894,0.736329891418449,0.00689649752189488,3.79265260197712,0.0385506931765045,3.14136776740562,400
"bace_resid",100,0.7,0.944833333333333,0.00207404361576076,3.44973884070756,0.0326978831233418,0.806387775759952,0.00792316996335067,4.30969225100212,0.0487402555355748,3.45952559979809,400
"freqA",100,0.7,0.936833333333333,0.00172231654146555,2.81808180871564,0.0213721763846247,0.70933765845451,0.00635357360299098,3.58347820616583,0.0373917751015428,2.83024646036413,400
"freqB",100,0.7,0.934083333333333,0.00169009741364617,2.81054632843918,0.0212590728628339,0.709454627045606,0.00634897168447128,3.60081117339652,0.0381130559166285,2.82613045836594,400
"bace",300,0.7,0.906666666666667,0.00159698383677443,2.51834454460841,0.0191119275627921,0.723686010982075,0.00593317439818783,3.81698006131274,0.0414928233556834,2.51946288973831,400
"bace_chain",300,0.7,0.945847222222222,0.000934880554672791,2.81480943640424,0.0210708565067808,0.685473768766587,0.0052375028290414,3.41120011120433,0.0271411461974453,2.82517881934743,400
"bace_resid",300,0.7,0.967305555555556,0.000887468189009213,3.40311903171869,0.0262290534082198,0.733465263624852,0.00598162322003138,3.84720975202477,0.0334027731862694,3.40938070440185,400
"freqA",300,0.7,0.944972222222222,0.000897832297395293,2.81333879558074,0.0197574587064292,0.693971099082277,0.00514974642839193,3.4244509612338,0.0261156426177261,2.82573530785543,400
"freqB",300,0.7,0.946041666666667,0.000911465067239847,2.8120377407888,0.0196800830861102,0.693709527144783,0.00514815322362982,3.42081199502268,0.0267186352761719,2.83695220678351,400
"bace",1000,0.7,0.915,0.00160057394786706,2.4061890804331,0.0246114623143004,0.676475056944433,0.00811342589209046,3.51558931320043,0.0516718779570696,2.40218017731647,200
"bace_chain",1000,0.7,0.948408333333333,0.000686909738490476,2.66032539030247,0.0280769954610103,0.646403670400373,0.00691919894438956,3.18728712182618,0.035117562154584,2.66221676318112,200
"bace_resid",1000,0.7,0.975,0.000803659274841698,3.32978003236066,0.0345015578682873,0.686935694462759,0.00819611668426334,3.67384730966893,0.0431525910767198,3.32004582172721,200
"freqA",1000,0.7,0.949828738512949,0.000506475736863538,2.73647067547075,0.0197812132958811,0.663397617604052,0.00496272684612634,3.27454988756983,0.0249084276338864,2.74728748485115,399
"freqB",1000,0.7,0.949670008354219,0.000497249297107011,2.73979245063394,0.0199672764825237,0.663019361375239,0.00502414951436029,3.26102439648947,0.0249326897040707,2.7542056910237,399
"bace",100,1,0.941029272898961,0.00200805810912097,0.935713688297745,0.0168714044807437,0.275293228675627,0.00568170442920055,1.20155787052936,0.0248562734080371,0.879160607936075,353
"bace_chain",100,1,0.96911623439001,0.00131155863705061,1.07869945263575,0.0180697086107554,0.251553429809789,0.00490809364962751,1.21389902943717,0.0218113956844328,1.02914549275632,347
"bace_resid",100,1,0.94915014164306,0.00185731082240779,0.966438070880327,0.0171218054304833,0.275466277287912,0.00568735434857064,1.20789679827273,0.0245479022101169,0.91083788288428,353
"freqA",100,1,0.948666666666667,0.00157509508714747,0.791552119591233,0.0125914223949771,0.228753115214597,0.00460706199259512,1.01819603408145,0.0213228870313367,0.761317386743334,400
"freqB",100,1,0.948083333333333,0.00158570591265749,0.788403441068501,0.0124558548325069,0.230116853864325,0.0049189491068937,1.02383521930143,0.0225371752411189,0.765826428845697,400
"bace",300,1,0.947850877192982,0.0011297915682103,0.501075076919236,0.00738361943897583,0.155358790446523,0.00302296011961387,0.624126802098846,0.010936492566129,0.490028702436861,380
"bace_chain",300,1,0.959806508355321,0.000943055187752161,0.534342816025928,0.00752464175377937,0.150058283873749,0.00276574736735681,0.627638670168254,0.00982154586483665,0.524226839967012,379
"bace_resid",300,1,0.95343567251462,0.00105905692176235,0.513373048692137,0.0074375242866342,0.155488848628831,0.00302431846594922,0.628326910257382,0.0108653093846546,0.503863537473386,380
"freqA",300,1,0.955388888888889,0.000932409768349261,0.495850821855653,0.00703018133078729,0.145943979135188,0.00263078735384936,0.614425263524682,0.0105020305240734,0.485689904935883,400
"freqB",300,1,0.955027777777778,0.000942389487144773,0.495628258308175,0.00705300837069234,0.145724253050102,0.00251655302712043,0.611033659127102,0.0103190954960906,0.488270780065765,400
"bace",1000,1,0.949719298245614,0.000806977184305127,0.265834106279715,0.00540962093610774,0.0824348469652912,0.00189118108232602,0.328287733360774,0.00685341438473388,0.260081860838385,190
"bace_chain",1000,1,0.957587719298246,0.000692805009082458,0.276141746077434,0.00549514906900644,0.0811298500344665,0.00174443105519728,0.328325757614582,0.0067609135855935,0.272207341193745,190
"bace_resid",1000,1,0.955421052631579,0.000762991165578865,0.271643301050802,0.00542652213810872,0.0824854611443986,0.00189169282177393,0.330310905190086,0.00684878637402193,0.265821013175554,190
"freqA",1000,1,0.958595833333333,0.000453126563412546,0.271979142189335,0.00399141219660356,0.0792101279798091,0.0012205858246843,0.331225670388681,0.00497920553940763,0.270489309831473,400
"freqB",1000,1,0.958595833333333,0.000466413687173572,0.272328301196282,0.00400072148754027,0.0788606574063187,0.00120222594878329,0.329970139912828,0.00486917258249508,0.269969655138814,400
