"arm","n","lambda","rho","coverage","coverage_se","width","width_se","zrmse","zrmse_se","iscore","iscore_se","width_median","datasets"
"bace",100,0.3,0,0.875833333333333,0.00441393597832711,3.409805961815,0.0253517219543164,1.06619961448363,0.0113619079683092,6.22332477452344,0.146482869418478,3.41146851648857,200
"bace_chain",100,0.3,0,0.946083333333333,0.00228478294592603,3.94383233595285,0.0221001994714823,0.946088174250229,0.00834130492297759,4.79274430573734,0.0558122377441684,3.96465313164538,200
"bace_resid",100,0.3,0,0.946083333333333,0.0029059746594533,4.4671562192269,0.0349916942843067,1.07468072724408,0.0114317707678197,5.82579874633649,0.0990012951727575,4.46647803865228,200
"freqA",100,0.3,0,0.937666666666667,0.00246199476078275,3.62189839871206,0.0173607691940487,0.913474540123487,0.00792731409233198,4.57241614380313,0.0528327617667687,3.63400156558763,200
"freqB",100,0.3,0,0.93375,0.00238772890045455,3.60470366765096,0.0169884881003132,0.913173076760937,0.00794275770879177,4.62428148961214,0.0557171181449923,3.62057363371406,200
"bace",300,0.3,0,0.885194444444444,0.00228901488624495,3.1749000233158,0.015543873412195,1.00564057729135,0.00645338876460462,5.79693761035376,0.0814683208251129,3.18927921750225,200
"bace_chain",300,0.3,0,0.946611111111111,0.00124275304813798,3.63301266789778,0.0144026523487379,0.88305384615182,0.0049193582560156,4.39919972369273,0.0286943610780014,3.656899682578,200
"bace_resid",300,0.3,0,0.957055555555556,0.00140275601035679,4.34538573618242,0.0222135726018887,1.01764592432463,0.00648075291894272,5.4812069530493,0.0548696694553879,4.36917440115466,200
"freqA",300,0.3,0,0.946510329424902,0.00122395960985041,3.62703671020185,0.0136407887874652,0.892423572960703,0.00455106959677723,4.38990092934396,0.0245450074162924,3.64972607922267,199
"freqB",300,0.3,0,0.944919039642658,0.00128058908488552,3.62307519297448,0.013202441241207,0.8924882424609,0.00464590969596754,4.3984531133955,0.0278975973362617,3.65068316452624,199
"bace",1000,0.3,0,0.894333333333333,0.00168608219734582,3.09769080561894,0.0177061687235914,0.956334161328657,0.0059920498455547,5.39017180659972,0.0581611663227198,3.11600468230748,100
"bace_chain",1000,0.3,0,0.949333333333333,0.000997471550947442,3.50818421811235,0.0172499033176205,0.851770152113714,0.00501458033221881,4.21883085208365,0.0278281372917777,3.53673104464618,100
"bace_resid",1000,0.3,0,0.96475,0.000988251695744265,4.31742916038915,0.0249228273759207,0.96843529572241,0.00601248529526737,5.22119035414106,0.0400993861954315,4.3481265767608,100
"freqA",1000,0.3,0,0.949383333333333,0.000739745644184846,3.59645827063503,0.0127465416074507,0.871178116431793,0.00388986261248792,4.30858424706959,0.020119800023809,3.62602616437075,200
"freqB",1000,0.3,0,0.950058333333333,0.000702489938251432,3.60088031300578,0.0129556715355753,0.871051841409324,0.00395080331691344,4.294019175877,0.0205385747553628,3.6362226852687,200
"bace",100,0.7,0,0.888916666666667,0.00368398055509502,2.85087281258144,0.0346075602645376,0.850478975204122,0.0113363214125352,4.84201626349281,0.0993301020219162,2.85499935650485,200
"bace_chain",100,0.7,0,0.94675,0.00220304310877934,3.29309842562116,0.0359904642630329,0.77365726475956,0.00984336501014705,4.00058589703666,0.0549968301874204,3.26246217711246,200
"bace_resid",100,0.7,0,0.945333333333333,0.0027074972939734,3.64779273376342,0.046033943882437,0.857373103729134,0.0113583874190727,4.62740957503951,0.0695357483524579,3.63750812347851,200
"freqA",100,0.7,0,0.936083333333333,0.00246917766846757,2.93307666817017,0.0293944414106017,0.74123500086469,0.00912606692772756,3.7332792777165,0.0547364565695352,2.95556798515177,200
"freqB",100,0.7,0,0.931833333333333,0.00249843613844977,2.9258173244738,0.0293065242176642,0.740727676166839,0.00911805175733959,3.76235325096531,0.0554367926487084,2.93661501361115,200
"bace",300,0.7,0,0.897333333333333,0.00226301201962239,2.61588011352754,0.0260829595877384,0.779629191841133,0.00761218258938359,4.19609930564756,0.0600288137939509,2.58031714533865,200
"bace_chain",300,0.7,0,0.947166666666667,0.00120935693758871,2.97461696049994,0.0276135495070078,0.721732710176153,0.00690746591765284,3.58006028404548,0.0362056852179222,2.99313278092801,200
"bace_resid",300,0.7,0,0.962138888888889,0.00135057568725907,3.52565721839014,0.0359552867509851,0.789571666566152,0.00765768012264806,4.12980998947781,0.0459941464908295,3.48267958024473,200
"freqA",300,0.7,0,0.945916666666667,0.00118963035943266,2.93721374933981,0.0262286167638154,0.72269581746838,0.00685067637764252,3.55663612330367,0.0341958886401956,2.95665178065748,200
"freqB",300,0.7,0,0.945916666666667,0.00123630126392682,2.93482075170003,0.0261160113216838,0.722463202602413,0.00682384598834875,3.56217304617626,0.0356270075811196,2.92136277322552,200
"bace",1000,0.7,0,0.89855,0.00179671963840628,2.45290206521777,0.0366263964737358,0.734969275296642,0.0108649419658759,3.95967485072528,0.0692708920920987,2.46423194276188,100
"bace_chain",1000,0.7,0,0.948566666666667,0.000941921764559002,2.80428766057215,0.0395787104938683,0.680564160471358,0.0096785983552014,3.3452898434973,0.0495611376342213,2.82961810883152,100
"bace_resid",1000,0.7,0,0.967233333333333,0.00106474469100089,3.38741484954478,0.05137705203191,0.744791578389622,0.0110286946330642,3.91917788598162,0.063506643579025,3.4115376476011,100
"freqA",1000,0.7,0,0.949741666666667,0.000679842320454665,2.85268347432553,0.0271209940455558,0.691028529766979,0.00685039052106627,3.41360544562935,0.0344911704598785,2.87550996427598,200
"freqB",1000,0.7,0,0.9498,0.00070369924670682,2.85599831542979,0.0274070890810617,0.690902543621201,0.00693841121638561,3.40054959487694,0.0342436652718391,2.88551814576326,200
"bace",100,1,0,0.945765765765766,0.0026844106149062,0.950733778305576,0.0233087351134138,0.283066486190314,0.00792904695206479,1.19587709072276,0.0343548567154705,0.906452935377097,185
"bace_chain",100,1,0,0.969413919413919,0.00183897449503106,1.08437685160166,0.0245597788940527,0.254881473784089,0.00684256550187399,1.20382575643248,0.0290694667120107,1.03185752543988,182
"bace_resid",100,1,0,0.953333333333333,0.00245670169318464,0.981453773486694,0.0236550042061684,0.283216912152612,0.00793054694904055,1.20664491896214,0.0342025203360194,0.934055354452567,185
"freqA",100,1,0,0.9505,0.00207316614556415,0.815200924217764,0.0175006024025197,0.236588095040149,0.00671223914412626,1.0489479884796,0.0319781523718021,0.808487293780933,200
"freqB",100,1,0,0.95,0.00209356782606218,0.812653385555124,0.0173816532361683,0.237624771258284,0.00719647322916751,1.05032707665868,0.0339700012348353,0.784456186968442,200
"bace",300,1,0,0.952910052910053,0.00149735124873233,0.522459830689568,0.010429034446922,0.158131905888526,0.00413899149615502,0.637091030539084,0.0157287056991135,0.516405564127905,189
"bace_chain",300,1,0,0.960699588477366,0.00127618611407072,0.546399140950715,0.0105440297697649,0.153853985812707,0.0039408904345264,0.641356942189592,0.014020027393762,0.548100638012705,189
"bace_resid",300,1,0,0.957671957671958,0.00135911953733916,0.534932249965973,0.0105016898162076,0.158261294030411,0.0041414751692759,0.642775284688484,0.0156249257873254,0.528173995247329,189
"freqA",300,1,0,0.955555555555556,0.00124475448797881,0.509110654298235,0.00977988379987911,0.150437286379655,0.00377158799852289,0.629339610514933,0.0151637072711218,0.505573733383937,200
"freqB",300,1,0,0.954333333333333,0.00129971101122492,0.508878675610997,0.00984139953314637,0.150412315748362,0.00361986908046908,0.628811834764893,0.0151589290297652,0.501734421142733,200
"bace",1000,1,0,0.954666666666667,0.000953895505577279,0.278029891262625,0.00774716674048196,0.0844771159839028,0.00272883799500416,0.333790087040764,0.00943724061364174,0.273761737402309,95
"bace_chain",1000,1,0,0.959543859649123,0.000843791083502727,0.28350894082339,0.00788917210823724,0.0836000784920279,0.00256452927256619,0.335054443763542,0.00976874976381333,0.278073320738332,95
"bace_resid",1000,1,0,0.95978947368421,0.000901121922915907,0.283880505531176,0.00776359590097691,0.0845200671772648,0.00272933133688282,0.336116402944702,0.00944912544946446,0.279073317549751,95
"freqA",1000,1,0,0.958008333333333,0.000665901728237327,0.277312530301883,0.00576276112879219,0.0809122388579052,0.00176963212781498,0.338332627367908,0.00721843954244688,0.274108340303787,200
"freqB",1000,1,0,0.958466666666667,0.000660499109116353,0.277670018996426,0.00577689338879451,0.0806511349366275,0.00174363538312474,0.337115520011711,0.00709091576101635,0.273579140443765,200
"bace",100,0.3,0.5,0.883916666666667,0.00388876874266029,3.03890265631334,0.0250213560142882,0.911244601172705,0.00886239324961199,5.04642483885973,0.0873607412817633,3.01434959293918,200
"bace_chain",100,0.3,0.5,0.946833333333333,0.00231033775124904,3.5364694533485,0.0220327688159719,0.846536022580553,0.00757980567414478,4.31315534597694,0.0478033570175263,3.5521818095774,200
"bace_resid",100,0.3,0.5,0.948333333333333,0.00270966176671657,3.97509378297527,0.0336486001812029,0.919271763273352,0.00893214874322677,4.78896266437491,0.0603902585489963,3.90624674085106,200
"freqA",100,0.3,0.5,0.939083333333333,0.00240566722242215,3.31789525819056,0.0194226699134913,0.828073530221197,0.00702885998569635,4.18016763913755,0.0455015653431509,3.33758265148151,200
"freqB",100,0.3,0.5,0.9365,0.00232839271143181,3.29818205432494,0.0185684874671569,0.8288506956877,0.00708940921192146,4.18734579203128,0.0472348761147975,3.32418107081013,200
"bace",300,0.3,0.5,0.912833333333333,0.00204575356212575,2.93920945976809,0.0153855754091954,0.816205569399596,0.00475869192872486,4.1595292345604,0.0365811954969141,2.95483410092243,200
"bace_chain",300,0.3,0.5,0.946083333333333,0.00140887215378253,3.22709271770125,0.0150148830478194,0.789967419549807,0.00459554903492761,3.93403968385571,0.0274221400101515,3.24472535548086,200
"bace_resid",300,0.3,0.5,0.9745,0.00103612849382838,4.04024250156972,0.0221645050291591,0.828038094040363,0.00482773016214076,4.36094280386539,0.0246612897117512,4.07083017980948,200
"freqA",300,0.3,0.5,0.94425,0.00135990272138342,3.29728737024643,0.0144051224060856,0.814925570777537,0.0047655483258601,4.03174746103725,0.0283406887380002,3.32921637295399,200
"freqB",300,0.3,0.5,0.945361111111111,0.00128809438295519,3.29703395340519,0.0143426795897082,0.81444921669834,0.00489338974296205,4.01307173236096,0.028820530544713,3.32278074721346,200
"bace",1000,0.3,0.5,0.931516666666667,0.00122453752235642,2.93236935962346,0.0144572480666397,0.767233633174892,0.0047029843448661,3.81548424219116,0.0264548060829279,2.95491369684005,100
"bace_chain",1000,0.3,0.5,0.949833333333333,0.00107138581497714,3.12303296830475,0.0154571398609654,0.756967346830995,0.00461277195528723,3.738675948706,0.0235418765868392,3.14011882277453,100
"bace_resid",1000,0.3,0.5,0.983483333333333,0.000529221841552063,4.09317959741105,0.0202689635629437,0.781145880940329,0.00478732299564242,4.28435146577459,0.0223639998472838,4.12831277493047,100
"freqA",1000,0.3,0.5,0.94927135678392,0.000735672278991566,3.27264437120961,0.0135952587146671,0.793927003300482,0.00392002227665021,3.91819417400494,0.0204267617648277,3.29926246792697,199
"freqB",1000,0.3,0.5,0.949505862646566,0.000691131253678046,3.27686715493903,0.0138585750352661,0.792923317582086,0.00396027181751598,3.90430942909473,0.0209031854904034,3.29376988879314,199
"bace",100,0.7,0.5,0.886333333333333,0.00424960996009677,2.53884307844578,0.0319062031500124,0.748191473159338,0.00968849796229095,4.170806611616,0.083394423884493,2.54320575949968,200
"bace_chain",100,0.7,0.5,0.949333333333333,0.00225669795286711,2.96938785995891,0.03321041648862,0.699002518077338,0.00893473780480872,3.58471930691758,0.0500037344550941,2.99508097814066,200
"bace_resid",100,0.7,0.5,0.944333333333333,0.00314909610102481,3.2516849476517,0.0421189141247528,0.75540244779077,0.00982846784251512,3.99197492696473,0.060634888345263,3.23147804578464,200
"freqA",100,0.7,0.5,0.937583333333333,0.00240682742587757,2.7030869492611,0.0288917716634926,0.677440316044329,0.00826841386655949,3.43367713461517,0.048836668021737,2.72793981704224,200
"freqB",100,0.7,0.5,0.936333333333333,0.00227186319293053,2.69527533240456,0.0286342594289499,0.678181577924372,0.00828702817920379,3.43926909582774,0.0498950039026252,2.72557626964145,200
"bace",300,0.7,0.5,0.916,0.00205678129057283,2.42080897568927,0.0262450645068694,0.667742830123018,0.00719479265706857,3.43786081697792,0.0430804530622933,2.44515096457884,200
"bace_chain",300,0.7,0.5,0.944527777777778,0.00142293693437234,2.65500191230854,0.0275900379371777,0.649214827357021,0.00700536771082738,3.24233993836318,0.0368313538851364,2.71048499794661,200
"bace_resid",300,0.7,0.5,0.972472222222222,0.00103246024665751,3.28058084504725,0.0362639477141006,0.677358860683552,0.00729392382737833,3.56460951457172,0.0394473178052741,3.28763516891907,200
"freqA",300,0.7,0.5,0.944027777777778,0.00134474083189174,2.68946384182166,0.0268921996322437,0.665246380696174,0.00714994829116714,3.29226579916394,0.0372826459804393,2.73456225610248,200
"freqB",300,0.7,0.5,0.946166666666667,0.00134269350846851,2.68925472987756,0.0268245205757869,0.664955851687153,0.00716980711627565,3.2794509438691,0.0373175469081064,2.71998787736569,200
"bace",1000,0.7,0.5,0.93145,0.00126656365875684,2.35947609564843,0.0323968725737364,0.617980838592225,0.0088017559850579,3.07150377567559,0.0441739103026405,2.36078554459965,100
"bace_chain",1000,0.7,0.5,0.94825,0.00100458404992105,2.5163631200328,0.034409771583879,0.612243180329388,0.00867286810468408,3.02928440015506,0.044690488019409,2.51184692083061,100
"bace_resid",1000,0.7,0.5,0.982766666666667,0.000494197532266063,3.27214521517653,0.0455935261184728,0.629079810535895,0.00898932800933033,3.42851673335624,0.0472991433266514,3.26134756092045,100
"freqA",1000,0.7,0.5,0.949916247906198,0.000752936033094415,2.61967389270213,0.0263934960685919,0.635627856636286,0.00663995990594122,3.13479555786177,0.0331974424976542,2.6538241832486,199
"freqB",1000,0.7,0.5,0.949539363484087,0.000704381669758117,2.62300263676877,0.0266586248785024,0.634996062635578,0.00672256281463744,3.12079806645181,0.033508153859812,2.62847122099423,199
"bace",100,1,0.5,0.935813492063492,0.00296725641610032,0.919173708229599,0.0244611371527368,0.266733391531477,0.0081151089004748,1.20781349114973,0.0361090318579598,0.844574549400745,168
"bace_chain",100,1,0.5,0.968787878787879,0.00187458701133841,1.07243710953396,0.0267199107422141,0.247882496456318,0.00705173742537362,1.22501015481203,0.0328730164614985,1.02540947953026,165
"bace_resid",100,1,0.5,0.944543650793651,0.00277717305392253,0.949902922176887,0.0248257243029616,0.266931351990475,0.00813114255880965,1.2092753558469,0.035348069965157,0.878604971743253,168
"freqA",100,1,0.5,0.946833333333333,0.00236998611195388,0.767903314964702,0.0179965894006182,0.220918135389045,0.00628030965912711,0.987444079683294,0.0281269438471423,0.74436441859531,200
"freqB",100,1,0.5,0.946166666666667,0.00237974305253562,0.764153496581878,0.0177234460527702,0.222608936470366,0.00668368685473526,0.997343361944182,0.0295937054403119,0.750212793428337,200
"bace",300,1,0.5,0.942844677137871,0.0016140575483364,0.479914247272154,0.0102531636088165,0.152614712862551,0.00440601607792808,0.611298324741751,0.0151889395947431,0.473846583858515,191
"bace_chain",300,1,0.5,0.958918128654971,0.0013885855471341,0.52234994544285,0.0106935785215363,0.146282559313417,0.00387279226779396,0.613992599578607,0.0137247151986921,0.515763656412425,190
"bace_resid",300,1,0.5,0.949243746364165,0.00156735453475367,0.49203959821698,0.0103310891881536,0.152745434069153,0.00440743450649356,0.61402982770514,0.0150767805119757,0.483587295243986,191
"freqA",300,1,0.5,0.955222222222222,0.00139161652873995,0.482590989413072,0.0100387908745617,0.141450671890722,0.0036504709179662,0.599510916534431,0.0144950155525141,0.474851991889786,200
"freqB",300,1,0.5,0.955722222222222,0.00136646328601587,0.482377841005353,0.0100430052361919,0.141036190351842,0.00347440200476874,0.593255483489312,0.0139296614632475,0.479929733769505,200
"bace",1000,1,0.5,0.944771929824561,0.00108995964298658,0.253638321296804,0.0073821013124508,0.0803925779466796,0.00261668915379876,0.322785379680785,0.00995845485424424,0.250045438185228,95
"bace_chain",1000,1,0.5,0.955631578947368,0.00106617515836485,0.268774551331478,0.00761809029161975,0.0786596215769051,0.00235165124215465,0.321597071465622,0.00934989774195388,0.261905624516477,95
"bace_resid",1000,1,0.5,0.951052631578947,0.00105970004500305,0.259406096570428,0.00741319978602118,0.0804508551115324,0.00261778888728601,0.32450540743547,0.00993068087030146,0.255187322855528,95
"freqA",1000,1,0.5,0.959183333333333,0.000613566838880094,0.266645754076787,0.00551274015929453,0.077508017101713,0.00167737202666452,0.324118713409454,0.00684146373306334,0.267578572668931,200
"freqB",1000,1,0.5,0.958725,0.000660247307860993,0.266986583396138,0.00552491458169248,0.0770701798760098,0.00165028224477689,0.322824759813944,0.0066542790608335,0.264924339134546,200
