"arm","n","lambda","rho","estimand","coverage","coverage_se","bias","bias_se","rmse","bias_vs_complete","ci_width","fmi_median","datasets"
"bace",100,0.3,0,"cor",0.925,0.0186713173196821,0.00659702276860944,0.0106376534987275,0.150207507899067,0.00478582197931756,0.504669977490172,0.407395639357608,200
"bace_chain",100,0.3,0,"cor",0.955,0.014695399751941,0.00565540965148092,0.00968595493372539,0.136754197489436,0.00384420886218904,0.537225312568276,0.465124672938151,200
"bace_resid",100,0.3,0,"cor",0.965,0.013027801736688,0.00467463196992728,0.00940738680379778,0.132789828499143,0.0028634311806354,0.52071226288566,0.445982316965881,200
"complete",100,0.3,0,"cor",0.93,0.0180868924470722,0.00181120078929188,0.00773645296958404,0.109151127588613,-6.57026516526217e-19,0.388329263258961,0,200
"freqA",100,0.3,0,"cor",0.95,0.0154497076780334,0.00820312138708629,0.010294574581821,0.145454343691776,0.00639192059804573,0.533308095514583,0.476696995899498,200
"freqB",100,0.3,0,"cor",0.895,0.0217309958562539,0.00912926665871612,0.0103517043239073,0.14631384831668,0.00731806586967557,0.464149104457717,0.30935271922916,200
"bace",300,0.3,0,"cor",0.91,0.020286887118154,-0.00604326979011084,0.00601151822657826,0.0850179571388545,-0.00141995984983143,0.290533963223369,0.384349170725913,200
"bace_chain",300,0.3,0,"cor",0.965,0.013027801736688,-0.00267700811002904,0.00530115081195356,0.0748298346831347,0.00194630183025037,0.308126285352625,0.455204216252994,200
"bace_resid",300,0.3,0,"cor",0.96,0.0138911779241576,-0.00444998058137284,0.00527168619016144,0.0744993067712367,0.00017332935890657,0.300769556069648,0.422315698065848,200
"complete",300,0.3,0,"cor",0.92,0.019231465004808,-0.00462330994027941,0.00451348255096262,0.0638381423416663,-6.47268696973845e-19,0.225570403670879,0,200
"freqA",300,0.3,0,"cor",0.959798994974874,0.0139596974403726,-0.00539866976826208,0.00552037508442203,0.0778659409990199,-0.000354535992796775,0.311789681064764,0.472819254714462,199
"freqB",300,0.3,0,"cor",0.934673366834171,0.0175607264070903,-0.00403420265909953,0.00550611196607832,0.0775828205837277,0.00100993111636578,0.27314589828412,0.308094886115449,199
"bace",1000,0.3,0,"cor",0.92,0.0272659924344291,-0.00105045462322381,0.00469288450735286,0.0467054257003546,-0.0038762702317839,0.157922026983694,0.369410183771241,100
"bace_chain",1000,0.3,0,"cor",1,0,0.00315854954910876,0.00417190130155832,0.0416298897641903,0.00033273394054867,0.169830352310009,0.453724255598463,100
"bace_resid",1000,0.3,0,"cor",0.95,0.021904291355759,-0.00140181300664229,0.00405880255179415,0.0404088977453755,-0.00422762861520238,0.164468467364956,0.430211057638209,100
"complete",1000,0.3,0,"cor",0.95,0.0154497076780334,0.0035625418600179,0.00228370916187867,0.0324120638679188,1.57886941368201e-19,0.123856411315591,0,200
"freqA",1000,0.3,0,"cor",0.955,0.014695399751941,0.00385778364811771,0.00289445999836868,0.0410132214343718,0.000295241788127471,0.171485108181768,0.470168955404323,200
"freqB",1000,0.3,0,"cor",0.925,0.0186713173196821,0.00306402674492981,0.00291549144688864,0.0412420446255144,-0.000498515115060435,0.15057429565878,0.310831078636457,200
"bace",100,0.7,0,"cor",0.925,0.0186713173196821,-0.000717744954426499,0.0103374404920687,0.145829310041928,-0.00420533382608398,0.514113923932092,0.410098022133825,200
"bace_chain",100,0.7,0,"cor",0.96,0.0138911779241576,0.012089858952133,0.00987976130702919,0.139894573528686,0.00860227008047552,0.546484613956755,0.493627265763934,200
"bace_resid",100,0.7,0,"cor",0.95,0.0154497076780334,-0.00187322863627419,0.00928336905974007,0.13097143300847,-0.00536081750793166,0.525841670396962,0.435102435268314,200
"complete",100,0.7,0,"cor",0.91,0.020286887118154,0.00348758887165747,0.007940129091064,0.112063587407807,-4.82469966756047e-20,0.388083776400254,0,200
"freqA",100,0.7,0,"cor",0.945,0.0161610923059864,0.0107674954208993,0.0102586710507326,0.145116384227763,0.00727990654912577,0.532156682047698,0.467600666059492,200
"freqB",100,0.7,0,"cor",0.905,0.0207854558737449,0.0116661838568857,0.0103226657343463,0.146085687151511,0.00817859498511222,0.46552018324896,0.311027532720129,200
"bace",300,0.7,0,"cor",0.86,0.0245972584982177,-0.0235978132442091,0.00630234678038285,0.0919839779690397,-0.0185817827388822,0.287759760924599,0.378418559755832,200
"bace_chain",300,0.7,0,"cor",0.955,0.0146953997519409,-0.00598101344350972,0.00557908696660304,0.0789296432692718,-0.000964982938182782,0.307369785996687,0.449157177605859,200
"bace_resid",300,0.7,0,"cor",0.925,0.0186713173196821,-0.0196397428020828,0.00550169056066805,0.080057296378128,-0.0146237122967558,0.297114151330909,0.41620353636564,200
"complete",300,0.7,0,"cor",0.935,0.0174757549207538,-0.00501603050532693,0.0044576874958759,0.0630831605612556,8.40256683676264e-20,0.22559183265951,0,200
"freqA",300,0.7,0,"cor",0.975,0.0110674042659483,-0.00516689501889213,0.00547670868947446,0.0774310666331022,-0.000150864513519435,0.311257112040866,0.479548973412018,200
"freqB",300,0.7,0,"cor",0.94,0.0168349958546813,-0.00339756408316901,0.00548795096121334,0.0774915930051966,0.00161846642220369,0.272683020530834,0.306249733133263,200
"bace",1000,0.7,0,"cor",0.83,0.0377525168068637,-0.0217723695915472,0.00492833900576035,0.0536525869632129,-0.0247035936426861,0.158900170493283,0.382846047793335,100
"bace_chain",1000,0.7,0,"cor",0.99,0.01,0.00147103457945858,0.0041514961595713,0.0413330504398665,-0.00146018947168035,0.171036353880308,0.456707664528348,100
"bace_resid",1000,0.7,0,"cor",0.94,0.0238683256575942,-0.0187499505891655,0.00427061765082738,0.0464450210887284,-0.0216811746403044,0.165130062878026,0.432443638137662,100
"complete",1000,0.7,0,"cor",0.95,0.0154497076780334,0.00366731021072375,0.00228052694016665,0.0323791443065136,1.11808349037568e-19,0.123856674766617,0,200
"freqA",1000,0.7,0,"cor",0.965,0.013027801736688,0.00349506830826077,0.00288908371352189,0.0409051297336063,-0.00017224190249056,0.171195071427147,0.471741624460388,200
"freqB",1000,0.7,0,"cor",0.925,0.0186713173196821,0.00274525576987622,0.00292285103102193,0.0413231775278921,-0.000922054440875104,0.150588177716849,0.31083336320648,200
"bace",100,1,0,"cor",0.989189189189189,0.00762359651389358,-0.0148917298624368,0.0096461151096614,0.131690965417989,-0.0126288185541865,0.582958425969332,0.490420683606858,185
"bace_chain",100,1,0,"cor",0.994505494505495,0.0054945054945055,-0.0012909950306406,0.00855121513081116,0.115052076846952,-0.00026296637855557,0.658314150655004,0.57264269577043,182
"bace_resid",100,1,0,"cor",0.983783783783784,0.00931141496388133,-0.0132820867951963,0.00939918961664795,0.128186780411946,-0.011019175486946,0.578820998310851,0.471890470897968,185
"complete",100,1,0,"cor",0.945,0.0161610923059864,0.000828996520673186,0.00759105453783325,0.107088210954832,3.51823604971548e-19,0.388497855824507,0,200
"freqA",100,1,0,"cor",0.95,0.0154497076780334,-0.00635069526138763,0.0095459235637481,0.134811490647505,-0.0071796917821691,0.527519717409782,0.463269236365939,200
"freqB",100,1,0,"cor",0.93,0.0180868924470723,-0.00396645966389202,0.00959811440412566,0.135456151669415,-0.00479545618467349,0.474180854184773,0.329802608128178,200
"bace",300,1,0,"cor",0.931216931216931,0.0184581121864772,-0.018331280547545,0.00626780074178308,0.087873074150093,-0.0156583122686371,0.344211077190265,0.473245690683071,189
"bace_chain",300,1,0,"cor",0.978835978835979,0.0104972401064315,-0.00251329472322826,0.00560038410130351,0.0768297171790111,0.000159673555679617,0.374562364165622,0.512422993807167,189
"bace_resid",300,1,0,"cor",0.941798941798942,0.0170751927538629,-0.017487895962657,0.00612810325826884,0.0858248951031908,-0.0148149276837492,0.342709384312496,0.470912971337549,189
"complete",300,1,0,"cor",0.94,0.0168349958546813,-0.00442819726262595,0.00439260247685036,0.0621233070465785,-3.93565388612238e-19,0.225618707875588,0,200
"freqA",300,1,0,"cor",0.94,0.0168349958546813,-0.00782357307248434,0.00576065599926965,0.0816397859285707,-0.00339537580976091,0.309119671434568,0.468336115555094,200
"freqB",300,1,0,"cor",0.935,0.0174757549207538,-0.00606023992868761,0.00565918292183141,0.0800622909065196,-0.00163204266596419,0.275501506669098,0.327510313814663,200
"bace",1000,1,0,"cor",0.926315789473684,0.0269465285423427,-0.0163312105576127,0.00486934001671858,0.0499549079163226,-0.0190316973987392,0.182284030657648,0.448866311586753,95
"bace_chain",1000,1,0,"cor",0.968421052631579,0.0180371122881979,-0.00553090328443583,0.00487361658741483,0.0475740677618336,-0.0082313901255623,0.220283365635319,0.509039975285483,95
"bace_resid",1000,1,0,"cor",0.957894736842105,0.0207139612627491,-0.0152000186590504,0.00476159465488844,0.0486033150210654,-0.0179005055001769,0.180930917243599,0.44028987203415,95
"complete",1000,1,0,"cor",0.95,0.0154497076780334,0.00353116535169125,0.0022770237756925,0.0323148842869614,-1.70490791623346e-19,0.123857188214787,0,200
"freqA",1000,1,0,"cor",0.99,0.00705327893384296,-0.0035265073400629,0.00286312544523288,0.0405430170279959,-0.00705767269174922,0.169964739046508,0.46492353005867,200
"freqB",1000,1,0,"cor",0.96,0.0138911779241576,-0.00428705714706992,0.0029364630602417,0.0416451570354933,-0.00781822249875623,0.151765228136823,0.329476764271351,200
"bace",100,0.3,0.5,"cor",0.925,0.0186713173196821,-0.0143995667349635,0.00808373367747493,0.114940640356903,-0.0165743794951252,0.390406124986506,0.402564802419018,200
"bace_chain",100,0.3,0.5,"cor",0.96,0.0138911779241576,-0.0277461066039295,0.00731159061207758,0.106809449629338,-0.0299209193640912,0.427937207763022,0.470008801348995,200
"bace_resid",100,0.3,0.5,"cor",0.93,0.0180868924470722,-0.0637135382039808,0.00763535578893085,0.125143309438254,-0.0658883509641425,0.422797457841048,0.428158405675734,200
"complete",100,0.3,0.5,"cor",0.91,0.0202868871181541,0.0021748127601617,0.00594207318811635,0.0838514658867397,-2.77555756156286e-18,0.293844444733171,0,200
"freqA",100,0.3,0.5,"cor",0.955,0.014695399751941,0.00806923955504091,0.00745617790733443,0.10549140171206,0.00589442679529923,0.401290040630826,0.472023098549515,200
"freqB",100,0.3,0.5,"cor",0.9,0.0212664361502501,0.00739336613403084,0.00754234014658416,0.106654366742577,0.00521855337428916,0.350399231373884,0.30232818492502,200
"bace",300,0.3,0.5,"cor",0.88,0.0230359125352493,0.00437929743840181,0.00460760022493479,0.0651455618809525,0.00593693499566227,0.220141094726886,0.395456438617893,200
"bace_chain",300,0.3,0.5,"cor",0.95,0.0154497076780334,-0.0129079838233016,0.00419377840700888,0.0605523222880371,-0.0113503462660411,0.236554814321287,0.460354697110115,200
"bace_resid",300,0.3,0.5,"cor",0.85,0.0253121219495313,-0.0583247652854624,0.00429080040670569,0.0840568908746405,-0.0567671277282019,0.244690367042323,0.438621924109032,200
"complete",300,0.3,0.5,"cor",0.945,0.0161610923059864,-0.00155763755726047,0.00336769490243311,0.0475327114414768,-7.21644966006352e-18,0.170243270319917,0,200
"freqA",300,0.3,0.5,"cor",0.95,0.0154497076780334,-0.00296664904339198,0.00416182660264624,0.0587846947765739,-0.00140901148616975,0.235374975056898,0.471460865574407,200
"freqB",300,0.3,0.5,"cor",0.9,0.0212664361502501,-0.00335229660324668,0.00417403898255628,0.0589774158188381,-0.00179465904602446,0.206908143015622,0.31506350163948,200
"bace",1000,0.3,0.5,"cor",0.87,0.0337997668989631,0.010675564243215,0.00341312087966435,0.03559856305656,0.0113575736429798,0.11891678336364,0.40168731349105,100
"bace_chain",1000,0.3,0.5,"cor",0.97,0.0171446607997765,-0.00520548924210866,0.00307646975012301,0.031049944677382,-0.00452347984234387,0.126327986962159,0.436889893082012,100
"bace_resid",1000,0.3,0.5,"cor",0.53,0.0501613558046592,-0.0593944919910594,0.00312552582260528,0.0670434779377195,-0.0587124825912946,0.133912028562124,0.43990540904347,100
"complete",1000,0.3,0.5,"cor",0.955,0.014695399751941,0.00189948264948642,0.00172885559589863,0.0244623675664935,0,0.0927696542644171,0,200
"freqA",1000,0.3,0.5,"cor",0.944723618090452,0.0162401335256829,0.00140810889099176,0.00214807565262811,0.0302588848854812,-0.000280983936144308,0.127210264215714,0.465748413764651,199
"freqB",1000,0.3,0.5,"cor",0.92462311557789,0.0187615566697261,0.000867696971808122,0.00215722624708774,0.0303672630327049,-0.000821395855327944,0.11154634973069,0.300995409035861,199
"bace",100,0.7,0.5,"cor",0.9,0.0212664361502501,-0.0146550357812996,0.00908804568347335,0.12903756185075,-0.0191498758355311,0.414340702242596,0.423016244425932,200
"bace_chain",100,0.7,0.5,"cor",0.95,0.0154497076780334,-0.033517314086458,0.00793013751057338,0.116781588660004,-0.0380121541406895,0.451997591224585,0.508601549424047,200
"bace_resid",100,0.7,0.5,"cor",0.895,0.0217309958562539,-0.0608281007076013,0.00855571311462977,0.135155107150133,-0.0653229407618329,0.439954246894965,0.444987712736823,200
"complete",100,0.7,0.5,"cor",0.895,0.0217309958562539,0.00449484005423156,0.00634271382472763,0.0895878189316435,1.94289029309402e-18,0.292542922204525,0,200
"freqA",100,0.7,0.5,"cor",0.95,0.0154497076780334,0.00778284520868759,0.00745334350036112,0.105430006246244,0.00328800515442627,0.403129839635197,0.465974134870543,200
"freqB",100,0.7,0.5,"cor",0.91,0.0202868871181541,0.0062166797597672,0.00758633907069542,0.10719889302531,0.00172183970550589,0.352131862124778,0.301374071050191,200
"bace",300,0.7,0.5,"cor",0.895,0.0217309958562539,0.00482245675764966,0.00461449984722265,0.0652739170599019,0.0070460942637096,0.225656954135966,0.397775578504201,200
"bace_chain",300,0.7,0.5,"cor",0.94,0.0168349958546813,-0.0132492235919902,0.00427359659088667,0.0617252287342587,-0.0110255860859303,0.240207647994766,0.450442865292383,200
"bace_resid",300,0.7,0.5,"cor",0.87,0.0238399183837259,-0.0563894532449707,0.00433589862483451,0.0831923902610705,-0.0541658157389107,0.248057938745189,0.439157112460643,200
"complete",300,0.7,0.5,"cor",0.95,0.0154497076780334,-0.00222363750605995,0.00322868523461649,0.0456004585970387,1.11022302462516e-18,0.170434309947796,0,200
"freqA",300,0.7,0.5,"cor",0.955,0.014695399751941,-0.0030440366485632,0.0041791212127839,0.0590322956290431,-0.000820399142477021,0.23434451638046,0.461028607758521,200
"freqB",300,0.7,0.5,"cor",0.905,0.0207854558737449,-0.00358741677173852,0.00422397172253928,0.0596943468390737,-0.00136377926565232,0.20637581034898,0.312008347541348,200
"bace",1000,0.7,0.5,"cor",0.9,0.0301511344577763,0.0136785674255191,0.00330972706330003,0.035659195685475,0.0142148232713974,0.119970810343711,0.414565984327887,100
"bace_chain",1000,0.7,0.5,"cor",0.99,0.01,-0.00411931350760217,0.00293446616238075,0.0294867227397606,-0.00358305766172395,0.129753975148257,0.473023147344388,100
"bace_resid",1000,0.7,0.5,"cor",0.56,0.0498887651569859,-0.0572110519287718,0.00304283782866781,0.0647281376674954,-0.0566747960828936,0.134504344819873,0.437550715649315,100
"complete",1000,0.7,0.5,"cor",0.965,0.013027801736688,0.00200089448701842,0.00172571655616405,0.0244263179288182,8.32667268468866e-18,0.092757323594153,0,200
"freqA",1000,0.7,0.5,"cor",0.939698492462312,0.016917093699099,0.00114920542499446,0.0021288499297447,0.0299776095400699,-0.00100751433459852,0.127282952800343,0.458463088050861,199
"freqB",1000,0.7,0.5,"cor",0.92462311557789,0.0187615566697261,0.0006175624785492,0.0021637269223427,0.0304525991324238,-0.00153915728104378,0.111706118476172,0.298080525927583,199
"bace",100,1,0.5,"cor",0.946428571428571,0.0174241780211877,-0.0767294652743132,0.00986022955134301,0.148740848517637,-0.0697328197103955,0.517780213928616,0.5215024936212,168
"bace_chain",100,1,0.5,"cor",0.957575757575758,0.0157388028488726,-0.100577311448006,0.00832410589682372,0.146558782647377,-0.0944564204454249,0.623108361137785,0.650384842422781,165
"bace_resid",100,1,0.5,"cor",0.94047619047619,0.0183088482950107,-0.0865235974410083,0.00953506854102387,0.150564141719838,-0.0795269518770906,0.516217579629264,0.515473670889538,168
"complete",100,1,0.5,"cor",0.925,0.0186713173196821,-0.00315460257704929,0.00575444380616302,0.0812376919758213,0,0.29607307406016,0,200
"freqA",100,1,0.5,"cor",0.95,0.0154497076780334,-0.0180801494392163,0.00747826796752886,0.107032077765425,-0.0149255468622246,0.413400779852089,0.460339787659722,200
"freqB",100,1,0.5,"cor",0.925,0.0186713173196821,-0.0176860834933196,0.00748877893479442,0.107112453646822,-0.0145314809163279,0.368483546276499,0.324269194882535,200
"bace",300,1,0.5,"cor",0.905759162303665,0.0211957669813957,-0.0247510281932273,0.00618972217031079,0.0888370356343172,-0.0229958030240029,0.262528463355084,0.459376336432968,191
"bace_chain",300,1,0.5,"cor",0.942105263157895,0.0169878475530963,-0.0466140479007972,0.00527870267685319,0.0862513659623106,-0.0452342562766715,0.326956887839221,0.591455589578854,190
"bace_resid",300,1,0.5,"cor",0.884816753926702,0.0231603183662916,-0.0344850724802377,0.00607355483391393,0.0905425491405754,-0.0327298473110133,0.263057782032664,0.454919491402763,191
"complete",300,1,0.5,"cor",0.955,0.014695399751941,-0.00312719729795054,0.00318242049272338,0.0450023510635716,-2.77555756156289e-18,0.170650014397776,0,200
"freqA",300,1,0.5,"cor",0.94,0.0168349958546813,-0.0231429026486817,0.00444429939377612,0.0668296458632589,-0.0200157053506662,0.239626485208313,0.46427538264266,200
"freqB",300,1,0.5,"cor",0.885,0.0226148659249622,-0.0228354486984736,0.0044293447814601,0.0665256165749491,-0.0197082514004581,0.213328331963158,0.323413211468159,200
"bace",1000,1,0.5,"cor",0.968421052631579,0.0180371122881979,-0.00931340481077395,0.00476775255755973,0.047153972976626,-0.00717667941033881,0.162201056303813,0.450507991177608,95
"bace_chain",1000,1,0.5,"cor",0.905263157894737,0.0302052857240614,-0.0331515567036202,0.00421580012262911,0.052627796412405,-0.031014831303185,0.207089133755686,0.556536977674316,95
"bace_resid",1000,1,0.5,"cor",0.91578947368421,0.0286429066584514,-0.0196593652110165,0.00468307377623394,0.0494774853837907,-0.0175226398105814,0.162188766186619,0.437935991334968,95
"complete",1000,1,0.5,"cor",0.97,0.0120926074846947,0.00166222525384909,0.00171471163438281,0.0242460296672053,1.94289029309402e-18,0.092800323586257,0,200
"freqA",1000,1,0.5,"cor",0.905,0.0207854558737449,-0.0235998867970638,0.00228899010932627,0.0399951287687929,-0.0252621120509214,0.131027133725692,0.463296374847585,200
"freqB",1000,1,0.5,"cor",0.84,0.0259880142454577,-0.0243943495507585,0.00235062259192848,0.0411660561308928,-0.0260565748046161,0.116202313623297,0.315884679493525,200
"bace",100,0.3,0,"slope",0.93,0.0180868924470722,0.00788477201803489,0.0104693505816693,0.147898690489653,0.00750857137549534,0.519519237341104,0.429436767616825,200
"bace_chain",100,0.3,0,"slope",0.955,0.014695399751941,0.00700970501385318,0.00953774692308487,0.134728952425881,0.00663350437131362,0.561661952140762,0.488717392327735,200
"bace_resid",100,0.3,0,"slope",0.96,0.0138911779241576,0.00539573612743187,0.00927245413772399,0.130915303573951,0.00501953548489232,0.537961694109039,0.462312034391668,200
"complete",100,0.3,0,"slope",0.93,0.0180868924470722,0.000376200642539554,0.00757819545369027,0.106904264402574,0,0.396378112064287,0,200
"freqA",100,0.3,0,"slope",0.955,0.014695399751941,0.00866448576281008,0.0100966241386303,0.142693711472832,0.00828828512056871,0.559529901206382,0.497444256623593,200
"freqB",100,0.3,0,"slope",0.895,0.0217309958562539,0.00995988926570162,0.0101885552472136,0.144071941547494,0.00958368862346026,0.479939180485517,0.325036183104122,200
"bace",300,0.3,0,"slope",0.92,0.019231465004808,-0.00581051071293026,0.00593412721070149,0.0839125814139325,-0.00130650309393536,0.290544242531372,0.38775772537843,200
"bace_chain",300,0.3,0,"slope",0.965,0.013027801736688,-0.00293733508903053,0.00532499803414632,0.075175748390648,0.00156667252996436,0.313258843909917,0.458239423357824,200
"bace_resid",300,0.3,0,"slope",0.955,0.014695399751941,-0.00443769461968897,0.00520866330757595,0.0736111245018274,6.6312999305927e-05,0.301459418118152,0.427054800286432,200
"complete",300,0.3,0,"slope",0.92,0.019231465004808,-0.00450400761899489,0.00453049637575602,0.0640690265991994,0,0.226662934285466,0,200
"freqA",300,0.3,0,"slope",0.959798994974874,0.0139596974403726,-0.00565194846196775,0.00551976741069204,0.077875383212592,-0.000767869820566303,0.317460205154486,0.479685987543921,199
"freqB",300,0.3,0,"slope",0.92964824120603,0.0181745727623448,-0.00440837577200654,0.00551331298244505,0.0777043405823758,0.000475702869394906,0.277453070673492,0.312112430224705,199
"bace",1000,0.3,0,"slope",0.92,0.0272659924344291,-0.000652560594851256,0.00469975633827511,0.0467665381400687,-0.00355890566439875,0.158378740283169,0.373562233112386,100
"bace_chain",1000,0.3,0,"slope",1,0,0.00337615047176368,0.00421807240851045,0.042104866007485,0.000469805402216183,0.172523831002097,0.456874540419577,100
"bace_resid",1000,0.3,0,"slope",0.95,0.021904291355759,-0.00107099627446719,0.00406363376823303,0.0404468274880735,-0.00397734134401469,0.164966813898831,0.432795024192726,100
"complete",1000,0.3,0,"slope",0.95,0.0154497076780334,0.00356182416730172,0.00227902403310692,0.0323462942166654,0,0.12431376681224,0,200
"freqA",1000,0.3,0,"slope",0.955,0.0146953997519409,0.00392416180430635,0.00291702448006239,0.0413363807983445,0.000362337637033129,0.17333839606088,0.474671781266772,200
"freqB",1000,0.3,0,"slope",0.925,0.0186713173196821,0.00312146708711116,0.00293307392862766,0.0414936762442687,-0.000440357080162064,0.151818546552407,0.313577073142581,200
"bace",100,0.7,0,"slope",0.925,0.0186713173196821,0.000744701583229026,0.01001283224953,0.141250344078294,8.03146325812855e-06,0.536012771663766,0.42870509894744,200
"bace_chain",100,0.7,0,"slope",0.965,0.013027801736688,0.011854911877008,0.00967774129381451,0.137035088824221,0.0111182417570371,0.575264648131608,0.51113483829378,200
"bace_resid",100,0.7,0,"slope",0.95,0.0154497076780334,-0.000984946221406239,0.00896967439582862,0.126536661935301,-0.00172161634137713,0.548808187271566,0.4521539511703,200
"complete",100,0.7,0,"slope",0.915,0.0197693992252836,0.000736670119970894,0.00763982809402953,0.10777555553475,0,0.394579707657295,0,200
"freqA",100,0.7,0,"slope",0.945,0.0161610923059864,0.010839012807147,0.0100508809638345,0.142198824257862,0.0101023426870521,0.557844016836329,0.48784355290359,200
"freqB",100,0.7,0,"slope",0.91,0.020286887118154,0.011975242341161,0.0101392904745097,0.143532726174554,0.0112385722210662,0.480695210387831,0.329609285637515,200
"bace",300,0.7,0,"slope",0.86,0.0245972584982177,-0.0234534676602337,0.0062753949254876,0.0915794783670768,-0.0187661940092961,0.289752843615591,0.383871608260275,200
"bace_chain",300,0.7,0,"slope",0.955,0.0146953997519409,-0.00603457276753085,0.0055805688330021,0.0789545630091233,-0.00134729911659327,0.311895790375104,0.454191984363084,200
"bace_resid",300,0.7,0,"slope",0.935,0.0174757549207538,-0.0196576047403882,0.00549062064803739,0.079910309279589,-0.0149703310894506,0.300181010747094,0.424905195795247,200
"complete",300,0.7,0,"slope",0.935,0.0174757549207538,-0.00468727365093758,0.00449981185250449,0.0636504797244986,0,0.226946993478962,0,200
"freqA",300,0.7,0,"slope",0.975,0.0110674042659483,-0.00513223534216283,0.0054711860672213,0.0773510268778411,-0.000444961691181538,0.316937255381843,0.482230969409868,200
"freqB",300,0.7,0,"slope",0.94,0.0168349958546813,-0.00358874455168641,0.00548876057395415,0.0775116192738725,0.00109852909929488,0.277081153542373,0.313373995835685,200
"bace",1000,0.7,0,"slope",0.83,0.0377525168068637,-0.0215579189291355,0.00495796564088223,0.0538359060003255,-0.0245784807102068,0.159870458681789,0.381143658326125,100
"bace_chain",1000,0.7,0,"slope",0.99,0.01,0.00166810967966409,0.0041999032102945,0.041821789781306,-0.0013524521014073,0.173895624283439,0.457420422188844,100
"bace_resid",1000,0.7,0,"slope",0.94,0.0238683256575942,-0.0186444361933333,0.00430247795340766,0.0466929902488972,-0.0216649979744047,0.166702998970713,0.437009861027592,100
"complete",1000,0.7,0,"slope",0.95,0.0154497076780334,0.00366602257501871,0.00227575836479947,0.0323121629170277,0,0.124302337231742,0,200
"freqA",1000,0.7,0,"slope",0.965,0.013027801736688,0.0035588665536664,0.00291193992402551,0.0412318440195489,-0.000107156021379544,0.172956475836307,0.47580267049587,200
"freqB",1000,0.7,0,"slope",0.925,0.0186713173196821,0.00279947127817439,0.0029396280716769,0.0415629434255528,-0.000866551296871557,0.151764534361095,0.311617331284285,200
"bace",100,1,0,"slope",0.983783783783784,0.00931141496388133,-0.013666642776453,0.0095777524426994,0.13063579917407,-0.0106647091157604,1.15591178576405,0.507919920220587,185
"bace_chain",100,1,0,"slope",0.994505494505495,0.0054945054945055,-0.00239751561016129,0.0085609118817132,0.115200240875225,-0.000624420894596986,1.09117063814393,0.58006873589714,182
"bace_resid",100,1,0,"slope",0.983783783783784,0.00931141496388133,-0.0130613566691585,0.00939789396551756,0.128146613921974,-0.0100594230084658,0.878495997665329,0.49861468392157,185
"complete",100,1,0,"slope",0.945,0.0161610923059864,-0.00021615837418727,0.00758514321959345,0.107001831101761,0,0.401482435820627,0,200
"freqA",100,1,0,"slope",0.955,0.0146953997519409,-0.00635618182607783,0.00938644990385243,0.132564640704506,-0.00614002345193742,0.551313458758441,0.474291068648613,200
"freqB",100,1,0,"slope",0.93,0.0180868924470723,-0.00385635197284138,0.00948347392808766,0.13383643271448,-0.00364019359870097,0.487312983247701,0.349883777990922,200
"bace",300,1,0,"slope",0.925925925925926,0.0191003934492369,-0.0189723797352705,0.00617033906851475,0.0867046194055537,-0.0165647885707983,0.373379746855706,0.47542410184753,189
"bace_chain",300,1,0,"slope",0.978835978835979,0.0104972401064315,-0.00330427364810776,0.00551894903927947,0.0757441241417205,-0.000896682483635615,0.377346785134018,0.51499369936182,189
"bace_resid",300,1,0,"slope",0.941798941798942,0.0170751927538629,-0.0181421508596663,0.00603566625227326,0.0847221332018676,-0.0157345596951942,0.370859881930798,0.473244404910376,189
"complete",300,1,0,"slope",0.94,0.0168349958546813,-0.00410699808359184,0.00445005247876711,0.0629099187644612,0,0.227740779233419,0,200
"freqA",300,1,0,"slope",0.94,0.0168349958546813,-0.00777677164923668,0.00573242545976485,0.0812388934315618,-0.00366977356559836,0.312950808672559,0.471872455778389,200
"freqB",300,1,0,"slope",0.935,0.0174757549207538,-0.00616540094318928,0.00562454208955333,0.0795831102590525,-0.00205840285955095,0.278111564266098,0.329433838669036,200
"bace",1000,1,0,"slope",0.915789473684211,0.0286429066584514,-0.0165230755443742,0.00488934110489261,0.0502010331647108,-0.0193574648564972,0.190883149350255,0.445123253447215,95
"bace_chain",1000,1,0,"slope",0.968421052631579,0.0180371122881979,-0.00581875659208975,0.00490566880070671,0.0479168347056371,-0.00865314590421271,0.222840432576251,0.50426936282315,95
"bace_resid",1000,1,0,"slope",0.957894736842105,0.0207139612627491,-0.0154108408355273,0.00478736680863479,0.0489067359934933,-0.0182452301476503,0.189613951726352,0.443349583188787,95
"complete",1000,1,0,"slope",0.95,0.0154497076780334,0.00354336736615061,0.00227341453494628,0.032265612781796,0,0.12438735418561,0,200
"freqA",1000,1,0,"slope",0.99,0.00705327893384296,-0.00361297255848616,0.00286474593994183,0.0405733984464033,-0.00715633992505074,0.171408063376541,0.46661495454425,200
"freqB",1000,1,0,"slope",0.96,0.0138911779241576,-0.00440008601805381,0.00293634285634438,0.0416552580306161,-0.00794345338461839,0.152710578165218,0.33216101091287,200
"bace",100,0.3,0.5,"slope",0.915,0.0197693992252836,-0.0156363404490276,0.00924902505429865,0.131407167115008,-0.0159621397627865,0.458855947704076,0.410677784419267,200
"bace_chain",100,0.3,0.5,"slope",0.96,0.0138911779241576,-0.0294458437287352,0.00838693646972344,0.121921522624126,-0.0297716430424941,0.503164526045248,0.492647262880374,200
"bace_resid",100,0.3,0.5,"slope",0.945,0.0161610923059864,-0.0641636060797565,0.00864348930571926,0.137783307818461,-0.0644894053935154,0.489874501480518,0.445824224190152,200
"complete",100,0.3,0.5,"slope",0.93,0.0180868924470722,0.00032579931375887,0.00656290977773185,0.0925818087454109,0,0.343273514551713,0,200
"freqA",100,0.3,0.5,"slope",0.935,0.0174757549207538,0.00687964684632863,0.00868022805696104,0.1226427943492,0.00655384753292645,0.47558151147688,0.467193462584827,200
"freqB",100,0.3,0.5,"slope",0.915,0.0197693992252836,0.00684667479060369,0.00880738193352128,0.124431918267576,0.00652087547720151,0.413629746798406,0.31776179626045,200
"bace",300,0.3,0.5,"slope",0.94,0.0168349958546813,0.00295002017124485,0.00489379744480394,0.0690985097649283,0.00685060518812906,0.253233354736567,0.384115793219574,200
"bace_chain",300,0.3,0.5,"slope",0.975,0.0110674042659483,-0.0145721591211816,0.00446602220666362,0.0646643127017147,-0.0106715741042973,0.270051893955847,0.44516957236105,200
"bace_resid",300,0.3,0.5,"slope",0.88,0.0230359125352493,-0.0595447197926456,0.00446500414607896,0.0866769277147075,-0.0556441347757613,0.275232974755609,0.444263506235705,200
"complete",300,0.3,0.5,"slope",0.92,0.019231465004808,-0.00390058501688422,0.00392352495315897,0.0554854046306603,0,0.196295859187522,0,200
"freqA",300,0.3,0.5,"slope",0.955,0.014695399751941,-0.0052159773744869,0.00448573529236237,0.0634936911943784,-0.001315392357623,0.267485146737018,0.451779587473102,200
"freqB",300,0.3,0.5,"slope",0.94,0.0168349958546813,-0.0048949791067146,0.00447317972596693,0.0632915385794554,-0.000994394089850694,0.237982760538973,0.307749261060053,200
"bace",1000,0.3,0.5,"slope",0.92,0.0272659924344291,0.0156556784463517,0.00376469390154448,0.0405982680009364,0.0131387097841455,0.136380443815962,0.361493001769738,100
"bace_chain",1000,0.3,0.5,"slope",0.95,0.021904291355759,-0.000308159899223739,0.00350822568929344,0.0349077650922873,-0.0028251285614299,0.143960648136752,0.418297617533681,100
"bace_resid",1000,0.3,0.5,"slope",0.68,0.046882617226215,-0.0553138783364414,0.00347335433650454,0.0652225419695002,-0.0578308469986475,0.148867586229689,0.415229256838283,100
"complete",1000,0.3,0.5,"slope",0.95,0.0154497076780334,0.00308463021262359,0.0019736927084989,0.0280127125098122,0,0.107658880099551,0,200
"freqA",1000,0.3,0.5,"slope",0.984924623115578,0.00865970288296813,0.00417092367529707,0.00241355481605675,0.0342168888215612,0.00129837260374639,0.145681470942313,0.441640636052284,199
"freqB",1000,0.3,0.5,"slope",0.949748743718593,0.0155254869510885,0.00343588942866689,0.00244025584552459,0.03450891706945,0.0005633383571162,0.12940745053553,0.292751536378265,199
"bace",100,0.7,0.5,"slope",0.915,0.0197693992252836,-0.0192108920265975,0.00990749471915807,0.141076540370384,-0.0198488670647018,0.493107738514044,0.444686240376497,200
"bace_chain",100,0.7,0.5,"slope",0.945,0.0161610923059864,-0.0365699678246026,0.0090075048657568,0.132224264732735,-0.0372079428627069,0.531636598540101,0.522078933419915,200
"bace_resid",100,0.7,0.5,"slope",0.905,0.0207854558737449,-0.065034360125765,0.00932895308931768,0.146793432345466,-0.0656723351638694,0.514683545668024,0.472440225895586,200
"complete",100,0.7,0.5,"slope",0.915,0.0197693992252836,0.000637975038104329,0.00661628520997203,0.0933363690000231,0,0.341716050649085,0,200
"freqA",100,0.7,0.5,"slope",0.95,0.0154497076780334,0.0057766922248809,0.0085752657797474,0.121106860369382,0.00513871718677422,0.474880250694205,0.478054420362599,200
"freqB",100,0.7,0.5,"slope",0.94,0.0168349958546813,0.00463428479296229,0.00873701554942023,0.123337866436037,0.00399630975485562,0.413627036618595,0.316803031777232,200
"bace",300,0.7,0.5,"slope",0.92,0.019231465004808,0.0030206580893033,0.00508427060553525,0.0717860438091145,0.00707995614551197,0.259858591367177,0.387208142692304,200
"bace_chain",300,0.7,0.5,"slope",0.96,0.0138911779241576,-0.0159451581546003,0.00467919869505205,0.067906798287821,-0.0118858600983916,0.273398572433995,0.441952971074371,200
"bace_resid",300,0.7,0.5,"slope",0.885,0.0226148659249623,-0.0576236185330924,0.00465903712069776,0.08740766650794,-0.0535643204768837,0.27989030347024,0.433788689932378,200
"complete",300,0.7,0.5,"slope",0.935,0.0174757549207538,-0.00405929805620867,0.00389695137651833,0.0551229324044704,0,0.1965418616653,0,200
"freqA",300,0.7,0.5,"slope",0.96,0.0138911779241576,-0.00522487602034075,0.00458214083107579,0.064849874587346,-0.00116557796410289,0.267305001448878,0.447281039171077,200
"freqB",300,0.7,0.5,"slope",0.935,0.0174757549207538,-0.0051346228271675,0.00459392709786753,0.0650084103905108,-0.00107532477092962,0.23801927469161,0.308716443777471,200
"bace",1000,0.7,0.5,"slope",0.93,0.0256432399976243,0.0186099131083313,0.00370220597489715,0.0412705154423287,0.0159940298722248,0.138086147283259,0.385324973865864,100
"bace_chain",1000,0.7,0.5,"slope",0.97,0.0171446607997765,0.000480495864374337,0.00338108238891402,0.033644776269393,-0.00213538737173212,0.147648308281052,0.437445906361911,100
"bace_resid",1000,0.7,0.5,"slope",0.7,0.0460566186471838,-0.0530463612743555,0.00341711111361142,0.063007179212875,-0.055662244510462,0.150653918798147,0.437897090637599,100
"complete",1000,0.7,0.5,"slope",0.95,0.0154497076780334,0.00317486868080102,0.00197086455679172,0.0279831539373724,0,0.10764898179247,0,200
"freqA",1000,0.7,0.5,"slope",0.974874371859296,0.0111224431748592,0.00372510458270984,0.00238693031114191,0.0337930287719411,0.000396483158917381,0.145719015043711,0.44174935746739,199
"freqB",1000,0.7,0.5,"slope",0.92462311557789,0.0187615566697261,0.00303029087570573,0.00243593029844073,0.0344102664001018,-0.000298330548086733,0.129399040565334,0.293092230234332,199
"bace",100,1,0.5,"slope",0.910714285714286,0.0220660108626467,-0.0735940289147226,0.0112754006669167,0.163240832346623,-0.0674779629229262,0.865637742411982,0.537817346285196,168
"bace_chain",100,1,0.5,"slope",0.945454545454545,0.0177328150981217,-0.0969430998344457,0.00971954000060815,0.157768677780326,-0.0923155866775451,0.830763730424297,0.67088172862765,165
"bace_resid",100,1,0.5,"slope",0.904761904761905,0.022715079859315,-0.0823659549715703,0.0110683956168582,0.165055194568676,-0.0762498889797739,0.895687519391748,0.524818984671519,168
"complete",100,1,0.5,"slope",0.945,0.0161610923059864,-0.000187198643287229,0.00656892671951121,0.0926663039855773,0,0.347693988593918,0,200
"freqA",100,1,0.5,"slope",0.955,0.0146953997519409,-0.0212421651058548,0.00840781946530571,0.120494081939562,-0.0210549664626112,0.482826138787172,0.469070627185427,200
"freqB",100,1,0.5,"slope",0.93,0.0180868924470723,-0.0202132238635626,0.00853290354925113,0.12205675963314,-0.0200260252203189,0.42663203946339,0.342224770463218,200
"bace",300,1,0.5,"slope",0.921465968586387,0.0195160443203371,-0.0233730591429161,0.00671461251269505,0.0954601692899716,-0.0208258381249629,0.309402228908898,0.45543798196106,191
"bace_chain",300,1,0.5,"slope",0.952631578947368,0.015451691871477,-0.0505627029627283,0.00579014167613146,0.0943024491193391,-0.0480935063439345,0.40306480568163,0.601210586843208,190
"bace_resid",300,1,0.5,"slope",0.921465968586387,0.0195160443203371,-0.0326796454774868,0.0065988129616751,0.0966508272294489,-0.0301324244595336,0.31075489370855,0.461217898525551,191
"complete",300,1,0.5,"slope",0.94,0.0168349958546813,-0.00355676467368376,0.00385385849478621,0.0544815878000384,0,0.197229300293804,0,200
"freqA",300,1,0.5,"slope",0.92,0.019231465004808,-0.0263334923112033,0.00495791073037609,0.0747331767059952,-0.0227767276374793,0.273176381408018,0.467269039336355,200
"freqB",300,1,0.5,"slope",0.9,0.0212664361502501,-0.0257905077092373,0.0048909455088483,0.0736579835050782,-0.0222337430355132,0.244623262650668,0.338048544914824,200
"bace",1000,1,0.5,"slope",0.926315789473684,0.0269465285423427,-0.000100385159684669,0.00625944573987363,0.0606876610885604,-0.00179972117646484,0.212239147854223,0.435638077869486,95
"bace_chain",1000,1,0.5,"slope",0.968421052631579,0.0180371122881979,-0.0291961847909414,0.00528384735183907,0.0589644573711592,-0.0308955208077216,0.245266696962453,0.561528975403323,95
"bace_resid",1000,1,0.5,"slope",0.957894736842105,0.0207139612627491,-0.0100947950006795,0.00616426343158944,0.06061130579013,-0.0117941310174597,0.211551352144103,0.424008858963877,95
"complete",1000,1,0.5,"slope",0.95,0.0154497076780334,0.00306864615398038,0.00196883474060741,0.0279428403378584,0,0.107722608634249,0,200
"freqA",1000,1,0.5,"slope",0.935,0.0174757549207538,-0.0222739298778514,0.00250130469338868,0.0417274065916865,-0.0253425760322371,0.149243417878051,0.454555309160055,200
"freqB",1000,1,0.5,"slope",0.875,0.0234440422192481,-0.0233979369791808,0.00258316727401051,0.0433052114048641,-0.0264665831335664,0.133298894087761,0.315112740158794,200
