"method","trait","type","metric","n_seeds","mean","sd","mcse"
"pigauto_fixed1","Mass","continuous","rmse",5,0.361605703876241,0.093839081054517,0.0419661128368025
"pigauto_fixed1","Mass","continuous","pearson_r",5,0.951667454399635,0.0135128076812391,0.00604311130842639
"pigauto_fixed1","Mass","continuous","mae",5,0.278118918331741,0.042129850873109,0.0188410420868401
"pigauto_fixed1","Mass","continuous","conformal_coverage_95",5,0.967003367003367,0.045572860109599,0.0203808026268304
"pigauto_fixed1","Beak.Length_Culmen","continuous","rmse",5,0.598495345108366,0.099586743528892,0.0445365456376879
"pigauto_fixed1","Beak.Length_Culmen","continuous","pearson_r",5,0.776020078474397,0.177269655164679,0.0792773998592338
"pigauto_fixed1","Beak.Length_Culmen","continuous","mae",5,0.434295997073641,0.024379929180109,0.0109030357866709
"pigauto_fixed1","Beak.Length_Culmen","continuous","conformal_coverage_95",5,0.92987012987013,0.0775393438424563,0.0346766487524924
"pigauto_fixed1","Tarsus.Length","continuous","rmse",5,0.504873918670572,0.14527778988236,0.0649702027595775
"pigauto_fixed1","Tarsus.Length","continuous","pearson_r",5,0.85611475447488,0.0581646427370669,0.0260120190094142
"pigauto_fixed1","Tarsus.Length","continuous","mae",5,0.34966480051591,0.080535813916644,0.0360167109081779
"pigauto_fixed1","Tarsus.Length","continuous","conformal_coverage_95",5,0.960778032036613,0.0417391555261075,0.0186663178159625
"pigauto_fixed1","Wing.Length","continuous","rmse",5,0.52238786088775,0.0710266541132818,0.0317640853623326
"pigauto_fixed1","Wing.Length","continuous","pearson_r",5,0.844312911600123,0.0685608350427907,0.0306613375499659
"pigauto_fixed1","Wing.Length","continuous","mae",5,0.413527482718285,0.0559010657464996,0.0249997166047716
"pigauto_fixed1","Wing.Length","continuous","conformal_coverage_95",5,0.932605626154013,0.088248439731545,0.0394659020296056
"pigauto_fixed1","Trophic.Level","categorical","accuracy",5,0.732581453634085,0.204712969982718,0.0915504233514463
"pigauto_fixed1","Trophic.Level","categorical","accuracy_Carnivore",5,0.98,0.0447213595499958,0.02
"pigauto_fixed1","Trophic.Level","categorical","accuracy_Herbivore",5,0.614285714285714,0.415269767249961,0.185714285714286
"pigauto_fixed1","Trophic.Level","categorical","accuracy_Omnivore",5,0.37,0.270903836977051,0.121151878969242
"pigauto_fixed1","Primary.Lifestyle","categorical","accuracy",5,0.776612860823387,0.126085891064833,0.0563873246849199
"pigauto_fixed1","Primary.Lifestyle","categorical","accuracy_Aerial",5,0.85,0.223606797749979,0.1
"pigauto_fixed1","Primary.Lifestyle","categorical","accuracy_Generalist",4,0.5,0.577350269189626,0.288675134594813
"pigauto_fixed1","Primary.Lifestyle","categorical","accuracy_Insessorial",5,0.961818181818182,0.0523813101486834,0.0234256340485911
"pigauto_fixed1","Primary.Lifestyle","categorical","accuracy_Terrestrial",5,0.546666666666667,0.194864625374187,0.0871461097493425
"pigauto_fixed1","Migration","ordinal","rmse",5,1.03924505568214,0.255457930298623,0.114244259507825
"pigauto_fixed1","Migration","ordinal","spearman_rho",5,0.470277028144694,0.145774167491498,0.0651921895748857
"pigauto_fixed1","Migration","ordinal","conformal_coverage_95",5,0.897264957264957,0.0895610679535464,0.0400529272163216
"baseline_pigauto_fixed1","Mass","continuous","rmse",5,0.46777983202164,0.157017726161076,0.0702204618737228
"baseline_pigauto_fixed1","Mass","continuous","pearson_r",5,0.886741511509972,0.0724677299449633,0.032408554066407
"baseline_pigauto_fixed1","Mass","continuous","mae",5,0.345339140958053,0.0920862191437151,0.0411822091592579
"baseline_pigauto_fixed1","Beak.Length_Culmen","continuous","rmse",5,0.598421001855773,0.112212881223635,0.0501831260734316
"baseline_pigauto_fixed1","Beak.Length_Culmen","continuous","pearson_r",5,0.766741551908291,0.176123621492902,0.0787648780203145
"baseline_pigauto_fixed1","Beak.Length_Culmen","continuous","mae",5,0.431844315551263,0.0335705654645721,0.015013213284378
"baseline_pigauto_fixed1","Tarsus.Length","continuous","rmse",5,0.550510404077195,0.233560503020876,0.104451432322745
"baseline_pigauto_fixed1","Tarsus.Length","continuous","pearson_r",5,0.807820408707013,0.10657907408865,0.0476636109282414
"baseline_pigauto_fixed1","Tarsus.Length","continuous","mae",5,0.367168834103912,0.108732282758248,0.0486265551192343
"baseline_pigauto_fixed1","Wing.Length","continuous","rmse",5,0.589952989531515,0.0836286827118297,0.0373998838824825
"baseline_pigauto_fixed1","Wing.Length","continuous","pearson_r",5,0.795561304128662,0.061323834935196,0.0274248527112149
"baseline_pigauto_fixed1","Wing.Length","continuous","mae",5,0.447767705045343,0.0535977584519031,0.0239696462680139
"baseline_pigauto_fixed1","Trophic.Level","categorical","accuracy",5,0.806265664160401,0.108015398023904,0.0483059545196293
"baseline_pigauto_fixed1","Trophic.Level","categorical","accuracy_Carnivore",5,0.955,0.0622494979899437,0.0278388218141501
"baseline_pigauto_fixed1","Trophic.Level","categorical","accuracy_Herbivore",5,0.792063492063492,0.239703562622645,0.107198692094623
"baseline_pigauto_fixed1","Trophic.Level","categorical","accuracy_Omnivore",5,0.37,0.270903836977051,0.121151878969242
"baseline_pigauto_fixed1","Primary.Lifestyle","categorical","accuracy",5,0.776612860823387,0.126085891064833,0.0563873246849199
"baseline_pigauto_fixed1","Primary.Lifestyle","categorical","accuracy_Aerial",5,0.85,0.223606797749979,0.1
"baseline_pigauto_fixed1","Primary.Lifestyle","categorical","accuracy_Generalist",4,0.5,0.577350269189626,0.288675134594813
"baseline_pigauto_fixed1","Primary.Lifestyle","categorical","accuracy_Insessorial",5,0.961818181818182,0.0523813101486834,0.0234256340485911
"baseline_pigauto_fixed1","Primary.Lifestyle","categorical","accuracy_Terrestrial",5,0.546666666666667,0.194864625374187,0.0871461097493425
"baseline_pigauto_fixed1","Migration","ordinal","rmse",5,1.04568824621114,0.269006982723961,0.120303579958578
"baseline_pigauto_fixed1","Migration","ordinal","spearman_rho",5,0.459985158346253,0.124628782638003,0.0557356859863241
"pigauto_bayes","Mass","continuous","rmse",5,0.354970735527279,0.0855145762602497,0.0382432811170016
"pigauto_bayes","Mass","continuous","pearson_r",5,0.950146415225309,0.0137404555880083,0.0061449185473207
"pigauto_bayes","Mass","continuous","mae",5,0.272326072983806,0.038387070878912,0.0171672199884699
"pigauto_bayes","Mass","continuous","conformal_coverage_95",5,0.976094276094276,0.034262464794317,0.0153226400713572
"pigauto_bayes","Beak.Length_Culmen","continuous","rmse",5,0.603959584868238,0.0979578189804088,0.0438080684335626
"pigauto_bayes","Beak.Length_Culmen","continuous","pearson_r",5,0.76751173373552,0.159753873673185,0.0714441042404313
"pigauto_bayes","Beak.Length_Culmen","continuous","mae",5,0.435856078352728,0.0351899121443214,0.0157374071353896
"pigauto_bayes","Beak.Length_Culmen","continuous","conformal_coverage_95",5,0.92987012987013,0.0775393438424563,0.0346766487524924
"pigauto_bayes","Tarsus.Length","continuous","rmse",5,0.511016479445567,0.136159994019131,0.0608926004885485
"pigauto_bayes","Tarsus.Length","continuous","pearson_r",5,0.854037223741072,0.0525710720459083,0.023510498148938
"pigauto_bayes","Tarsus.Length","continuous","mae",5,0.351156273231745,0.0691081989658437,0.0309061261380414
"pigauto_bayes","Tarsus.Length","continuous","conformal_coverage_95",5,0.960778032036613,0.0417391555261075,0.0186663178159625
"pigauto_bayes","Wing.Length","continuous","rmse",5,0.538251706865822,0.0661525401577873,0.0295843153354194
"pigauto_bayes","Wing.Length","continuous","pearson_r",5,0.837819408050471,0.0611768901521104,0.0273591370064313
"pigauto_bayes","Wing.Length","continuous","mae",5,0.422860084380681,0.0414636911699088,0.0185431264107948
"pigauto_bayes","Wing.Length","continuous","conformal_coverage_95",5,0.915042902139676,0.0774286480227041,0.0346271440769342
"pigauto_bayes","Trophic.Level","categorical","accuracy",5,0.732581453634085,0.204712969982718,0.0915504233514463
"pigauto_bayes","Trophic.Level","categorical","accuracy_Carnivore",5,0.98,0.0447213595499958,0.02
"pigauto_bayes","Trophic.Level","categorical","accuracy_Herbivore",5,0.614285714285714,0.415269767249961,0.185714285714286
"pigauto_bayes","Trophic.Level","categorical","accuracy_Omnivore",5,0.37,0.270903836977051,0.121151878969242
"pigauto_bayes","Primary.Lifestyle","categorical","accuracy",5,0.776612860823387,0.126085891064833,0.0563873246849199
"pigauto_bayes","Primary.Lifestyle","categorical","accuracy_Aerial",5,0.85,0.223606797749979,0.1
"pigauto_bayes","Primary.Lifestyle","categorical","accuracy_Generalist",4,0.5,0.577350269189626,0.288675134594813
"pigauto_bayes","Primary.Lifestyle","categorical","accuracy_Insessorial",5,0.961818181818182,0.0523813101486834,0.0234256340485911
"pigauto_bayes","Primary.Lifestyle","categorical","accuracy_Terrestrial",5,0.546666666666667,0.194864625374187,0.0871461097493425
"pigauto_bayes","Migration","ordinal","rmse",5,1.08494015004719,0.182736482620135,0.081722239421566
"pigauto_bayes","Migration","ordinal","spearman_rho",5,0.455195037729589,0.0624740097085063,0.0279392265070404
"pigauto_bayes","Migration","ordinal","conformal_coverage_95",5,0.918290598290598,0.095737178891054,0.0428149679948909
"baseline_pigauto_bayes","Mass","continuous","rmse",5,0.466348009962846,0.143978797256362,0.0643892755967769
"baseline_pigauto_bayes","Mass","continuous","pearson_r",5,0.890709191201399,0.064845728471122,0.0289998913823844
"baseline_pigauto_bayes","Mass","continuous","mae",5,0.354480722215644,0.0867330314501212,0.0387881908434196
"baseline_pigauto_bayes","Beak.Length_Culmen","continuous","rmse",5,0.595102383253935,0.10667641922136,0.0477071449950454
"baseline_pigauto_bayes","Beak.Length_Culmen","continuous","pearson_r",5,0.762960205837994,0.1733314911527,0.0775161993717682
"baseline_pigauto_bayes","Beak.Length_Culmen","continuous","mae",5,0.429286155215622,0.036406424454032,0.0162814479793852
"baseline_pigauto_bayes","Tarsus.Length","continuous","rmse",5,0.531429798817179,0.201314534369363,0.0900305967417227
"baseline_pigauto_bayes","Tarsus.Length","continuous","pearson_r",5,0.827672285973948,0.0743494540053724,0.0332500866492014
"baseline_pigauto_bayes","Tarsus.Length","continuous","mae",5,0.360480310788237,0.101091142648897,0.0452093333772126
"baseline_pigauto_bayes","Wing.Length","continuous","rmse",5,0.59316217654988,0.0716583858278877,0.0320466043738129
"baseline_pigauto_bayes","Wing.Length","continuous","pearson_r",5,0.797447405507963,0.0637100136726275,0.0284919842838872
"baseline_pigauto_bayes","Wing.Length","continuous","mae",5,0.455904323076072,0.0453760818397816,0.0202928007092691
"baseline_pigauto_bayes","Trophic.Level","categorical","accuracy",5,0.806265664160401,0.108015398023904,0.0483059545196293
"baseline_pigauto_bayes","Trophic.Level","categorical","accuracy_Carnivore",5,0.955,0.0622494979899437,0.0278388218141501
"baseline_pigauto_bayes","Trophic.Level","categorical","accuracy_Herbivore",5,0.792063492063492,0.239703562622645,0.107198692094623
"baseline_pigauto_bayes","Trophic.Level","categorical","accuracy_Omnivore",5,0.37,0.270903836977051,0.121151878969242
"baseline_pigauto_bayes","Primary.Lifestyle","categorical","accuracy",5,0.776612860823387,0.126085891064833,0.0563873246849199
"baseline_pigauto_bayes","Primary.Lifestyle","categorical","accuracy_Aerial",5,0.85,0.223606797749979,0.1
"baseline_pigauto_bayes","Primary.Lifestyle","categorical","accuracy_Generalist",4,0.5,0.577350269189626,0.288675134594813
"baseline_pigauto_bayes","Primary.Lifestyle","categorical","accuracy_Insessorial",5,0.961818181818182,0.0523813101486834,0.0234256340485911
"baseline_pigauto_bayes","Primary.Lifestyle","categorical","accuracy_Terrestrial",5,0.546666666666667,0.194864625374187,0.0871461097493425
"baseline_pigauto_bayes","Migration","ordinal","rmse",5,1.09051134292093,0.180327842826324,0.0806450629591118
"baseline_pigauto_bayes","Migration","ordinal","spearman_rho",5,0.450155683501707,0.0625898413874216,0.0279910280086409
"bace","Mass","continuous","rmse",5,1759.80465770751,485.578055483983,217.15710808887
"bace","Mass","continuous","pearson_r",5,0.635902700956273,0.253690046039682,0.113453637631956
"bace","Beak.Length_Culmen","continuous","rmse",5,20.0210149042997,4.87634236956,2.18076660397971
"bace","Beak.Length_Culmen","continuous","pearson_r",5,0.858585362847029,0.0380968041397379,0.0170374087563899
"bace","Tarsus.Length","continuous","rmse",5,22.2065790694382,8.35090499443792,3.73463824824114
"bace","Tarsus.Length","continuous","pearson_r",5,0.879797523035495,0.0592808354255297,0.0265111955548924
"bace","Wing.Length","continuous","rmse",5,52.3590147037431,7.6139076038246,3.40504299531087
"bace","Wing.Length","continuous","pearson_r",5,0.9127761288318,0.0157932614167347,0.00706296122284868
"bace","Trophic.Level","categorical","accuracy",5,0.508888888888889,0.0411261233851595,0.0183921615080521
"bace","Primary.Lifestyle","categorical","accuracy",5,0.337777777777778,0.0381679200829281,0.0170692127730413
"bace","Migration","ordinal","accuracy",5,0.626666666666667,0.0481766297526196,0.0215452438107392
