"missing_mechanism","family","n_species","phylo_lambda","miss_frac","n_rep","n_fail","mean_delta","mcse","mean_r_cal_gnn","frac_gate_open"
"MNAR","F1",100,0.2,0.1,30,0,-0.0113576145628597,0.00588303967825181,0.260014189886481,0.291666666666667
"MNAR","F2",100,0.2,0.1,30,0,-0.0349143150773935,0.00664073949693657,0.31542922477133,0.35
"MNAR","F3",100,0.2,0.1,30,0,0.0181873052638306,0.0116009902458419,0.0606128167641325,0.1
"MNAR","F1",300,0.2,0.1,30,0,-0.000657507758252481,0.00253394101421553,0.254117665959771,0.291666666666667
"MNAR","F2",300,0.2,0.1,30,0,-0.049906509294924,0.00612412670705643,0.518657407407407,0.55
"MNAR","F3",300,0.2,0.1,30,0,-0.00353417449719428,0.00455232713459673,0.0898015873015873,0.116666666666667
"MNAR","F1",1000,0.2,0.1,30,0,-0.00305583735738019,0.000961524636821281,0.230555555555556,0.266666666666667
"MNAR","F2",1000,0.2,0.1,30,0,-0.0307038230885156,0.00323278283955313,0.559754482989777,0.608333333333333
"MNAR","F3",1000,0.2,0.1,30,0,-0.00581615438767792,0.0020768355943627,0.139204434697856,0.183333333333333
"MNAR","F1",100,0.5,0.1,30,0,-0.00668155251871764,0.00666236437436345,0.302834267412441,0.35
"MNAR","F2",100,0.5,0.1,30,0,-0.0505015302874791,0.0125970167317808,0.394397364940128,0.433333333333333
"MNAR","F3",100,0.5,0.1,30,0,0.0141391241780551,0.0101283878749071,0.0864353285173719,0.105555555555556
"MNAR","F1",300,0.5,0.1,30,0,-0.000411867855477029,0.00193919824351959,0.232151110950453,0.275
"MNAR","F2",300,0.5,0.1,30,0,-0.0464609817463986,0.00532271376748336,0.571512353029381,0.65
"MNAR","F3",300,0.5,0.1,30,0,0.0161535157751669,0.00510432068384159,0.0839602683178535,0.127777777777778
"MNAR","F1",1000,0.5,0.1,30,0,-0.000637055009350599,0.000653466967660847,0.147478070175439,0.216666666666667
"MNAR","F2",1000,0.5,0.1,30,0,-0.0285141523823954,0.00289798026436046,0.528548474945534,0.616666666666667
"MNAR","F3",1000,0.5,0.1,30,0,-3.17284325752994e-05,0.00201214203226338,0.0833041891220426,0.161111111111111
"MNAR","F1",100,1,0.1,30,0,0.0149158400899723,0.00769079389667246,0.243035811546841,0.308333333333333
"MNAR","F2",100,1,0.1,30,0,-0.0508616017462036,0.00875133879566522,0.473888714842662,0.558333333333333
"MNAR","F3",100,1,0.1,30,0,0.0113447191448943,0.00867757411274159,0.0697235599892979,0.116666666666667
"MNAR","F1",300,1,0.1,30,0,-0.0029150363535288,0.00127899856989709,0.222120026373122,0.333333333333333
"MNAR","F2",300,1,0.1,30,0,-0.0268557769835316,0.0024478591438373,0.444136136910905,0.55
"MNAR","F3",300,1,0.1,30,0,0.0122294399165716,0.00450671340901727,0.106089743589744,0.155555555555556
"MNAR","F1",1000,1,0.1,30,0,0.000173246208772204,0.000516173472817993,0.130109649122807,0.233333333333333
"MNAR","F2",1000,1,0.1,30,0,-0.0217354368820318,0.00218565567249245,0.356296992481203,0.491666666666667
"MNAR","F3",1000,1,0.1,30,0,-0.00135304833699822,0.00132650759077849,0.0761842105263158,0.194444444444444
"MNAR","F1",100,0.2,0.3,30,0,0.00810805618767789,0.00553933152229381,0.177900541795666,0.2
"MNAR","F2",100,0.2,0.3,30,0,-0.0373444531509194,0.00850018500029427,0.259852941176471,0.283333333333333
"MNAR","F3",100,0.2,0.3,30,0,-0.0272989683624488,0.00884059791585095,0.0678632478632478,0.0777777777777778
"MNAR","F1",300,0.2,0.3,30,0,0.000589417414727689,0.00291904422968799,0.227702850877193,0.241666666666667
"MNAR","F2",300,0.2,0.3,30,0,-0.0324922075162959,0.00566734312678919,0.403265107212476,0.425
"MNAR","F3",300,0.2,0.3,30,0,-0.00731639739412125,0.00695744863743926,0.0625,0.0666666666666667
"MNAR","F1",1000,0.2,0.3,30,0,0.000803756902817735,0.00134963931725628,0.191990740740741,0.216666666666667
"MNAR","F2",1000,0.2,0.3,30,0,-0.027796267542102,0.00318053256571983,0.523872549019608,0.558333333333333
"MNAR","F3",1000,0.2,0.3,30,0,-0.00240156926671161,0.00312969773819762,0.0743230625583567,0.133333333333333
"MNAR","F1",100,0.5,0.3,30,0,0.00448225900064026,0.00776025217067343,0.263301994774518,0.316666666666667
"MNAR","F2",100,0.5,0.3,30,0,-0.0212544563366389,0.0129250250607527,0.296551796157059,0.325
"MNAR","F3",100,0.5,0.3,30,0,-0.0266944142456341,0.0114166476191872,0.0505555555555556,0.0722222222222222
"MNAR","F1",300,0.5,0.3,30,0,-0.00254881776854351,0.00300917574520738,0.23385660331384,0.283333333333333
"MNAR","F2",300,0.5,0.3,30,0,-0.0365852641579302,0.00503577128077587,0.536056501547988,0.616666666666667
"MNAR","F3",300,0.5,0.3,30,0,-0.0083170892668881,0.0050651806637609,0.0597319688109162,0.1
"MNAR","F1",1000,0.5,0.3,30,0,-0.00194600143558457,0.000936186844581389,0.123671310629515,0.183333333333333
"MNAR","F2",1000,0.5,0.3,30,0,-0.0227970949772817,0.00188750485933574,0.519269568151147,0.6
"MNAR","F3",1000,0.5,0.3,30,0,0.000400124513126669,0.00217357784055134,0.0754093567251462,0.205555555555556
"MNAR","F1",100,1,0.3,30,0,0.00136449062434937,0.00897730013427759,0.27210751237067,0.341666666666667
"MNAR","F2",100,1,0.3,30,0,-0.00966203889753555,0.0119331211580776,0.323571838091962,0.425
"MNAR","F3",100,1,0.3,30,0,0.0322429973676781,0.013010695281633,0.0651321204245181,0.105555555555556
"MNAR","F1",300,1,0.3,30,0,0.000487664677245527,0.00204845000801764,0.244544346978557,0.316666666666667
"MNAR","F2",300,1,0.3,30,0,-0.021952718894392,0.00425569629429465,0.441779745130171,0.566666666666667
"MNAR","F3",300,1,0.3,30,0,0.00486593759448136,0.00641778998707025,0.0544641560327835,0.116666666666667
"MNAR","F1",1000,1,0.3,30,0,-0.000155006071662407,0.000544608887314378,0.12609649122807,0.225
"MNAR","F2",1000,1,0.3,30,0,-0.014025280207865,0.00192924024547294,0.37270783167068,0.5
"MNAR","F3",1000,1,0.3,30,0,3.92867406635536e-05,0.0021282224101792,0.0385672514619883,0.116666666666667
"MNAR","F1",100,0.2,0.5,30,0,0.0087997247994302,0.00784655684918648,0.143508771929825,0.175
"MNAR","F2",100,0.2,0.5,30,0,-0.0182503012613776,0.00876115730604436,0.191811647173489,0.208333333333333
"MNAR","F3",100,0.2,0.5,30,0,-0.00721283464128336,0.00941295145535658,0.0222222222222222,0.0222222222222222
"MNAR","F1",300,0.2,0.5,30,0,0.00182578473655596,0.00230460964760178,0.222041910331384,0.258333333333333
"MNAR","F2",300,0.2,0.5,30,0,-0.0231134998409994,0.0059392606590345,0.356955128205128,0.4
"MNAR","F3",300,0.2,0.5,30,0,-0.0148265754233388,0.00426760751682477,0.0452777777777778,0.05
"MNAR","F1",1000,0.2,0.5,30,0,0.000934050438956942,0.00127057950507187,0.210041771094403,0.25
"MNAR","F2",1000,0.2,0.5,30,0,-0.0253560581201571,0.00342344317690157,0.5125,0.533333333333333
"MNAR","F3",1000,0.2,0.5,30,0,-0.00338321101106046,0.00204411157924306,0.0453460038986355,0.0555555555555556
"MNAR","F1",100,0.5,0.5,30,0,0.00209383992515776,0.0121458429796795,0.222882553606238,0.266666666666667
"MNAR","F2",100,0.5,0.5,30,0,-0.0400313553227454,0.00768650487388386,0.29510859204793,0.358333333333333
"MNAR","F3",100,0.5,0.5,30,0,-0.0185467232342377,0.0107823278353619,0.0475,0.05
"MNAR","F1",300,0.5,0.5,30,0,0.00523230653301037,0.00307795214348434,0.201646825396825,0.25
"MNAR","F2",300,0.5,0.5,30,0,-0.0233990328117964,0.00615427044878913,0.418907417330405,0.491666666666667
"MNAR","F3",300,0.5,0.5,30,0,-0.00619513108185018,0.00672745793637294,0.0447435897435897,0.0611111111111111
"MNAR","F1",1000,0.5,0.5,30,0,0.00106905680718143,0.00131472901241227,0.0727400097465887,0.125
"MNAR","F2",1000,0.5,0.5,30,0,-0.0130079441287098,0.00275836007513082,0.449107506306616,0.533333333333333
"MNAR","F3",1000,0.5,0.5,30,0,-0.00713005097866738,0.00253476614926187,0.0566219948018194,0.0777777777777778
"MNAR","F1",100,1,0.5,30,0,0.0242018261589947,0.0106505400758751,0.19127237285132,0.258333333333333
"MNAR","F2",100,1,0.5,30,0,-0.00133066660147444,0.0141213228191592,0.2671734418116,0.358333333333333
"MNAR","F3",100,1,0.5,30,0,0.00197591701428724,0.0155236648107568,0.0460948667966212,0.0611111111111111
"MNAR","F1",300,1,0.5,30,0,0.00679064884171493,0.00485401867014084,0.186415405343424,0.241666666666667
"MNAR","F2",300,1,0.5,30,0,-0.0132835458984969,0.00487430579080073,0.320558788047178,0.408333333333333
"MNAR","F3",300,1,0.5,30,0,-0.0098497966015189,0.00835234845707775,0.0576959626630679,0.105555555555556
"MNAR","F1",1000,1,0.5,30,0,-7.49063072121858e-05,0.000519091190250795,0.137478070175439,0.216666666666667
"MNAR","F2",1000,1,0.5,30,0,-0.00747594347389858,0.00196249616156901,0.327530959752322,0.441666666666667
"MNAR","F3",1000,1,0.5,30,0,-0.00344267230313597,0.00210006435381051,0.0506772923594389,0.0888888888888889
